kepid,kepoi_name,kepler_name,koi_disposition,koi_prad,koi_period,koi_teq,koi_srad,koi_steff,koi_tce_plnt_num
10797460,"K00752.01","Kepler-227 b","CONFIRMED",2.26,9.48803557,793.0,0.9270,5455.00,1
10797460,"K00752.02","Kepler-227 c","CONFIRMED",2.83,54.4183827,443.0,0.9270,5455.00,2
10811496,"K00753.01",,"CANDIDATE",14.6,19.89913995,638.0,0.8680,5853.00,1
10848459,"K00754.01",,"FALSE POSITIVE",33.46,1.736952453,1395.0,0.7910,5805.00,1
10854555,"K00755.01","Kepler-664 b","CONFIRMED",2.75,2.525591777,1406.0,1.0460,6031.00,1
10872983,"K00756.01","Kepler-228 d","CONFIRMED",3.9,11.09432054,835.0,0.9720,6046.00,1
10872983,"K00756.02","Kepler-228 c","CONFIRMED",2.77,4.13443512,1160.0,0.9720,6046.00,2
10872983,"K00756.03","Kepler-228 b","CONFIRMED",1.59,2.56658897,1360.0,0.9720,6046.00,3
6721123,"K00114.01",,"FALSE POSITIVE",39.21,7.36178958,1342.0,1.9580,6227.00,1
10910878,"K00757.01","Kepler-229 c","CONFIRMED",5.76,16.06864674,600.0,0.8480,5031.00,1
11446443,"K00001.01","Kepler-1 b","CONFIRMED",13.04,2.470613377,1339.0,0.9640,5820.00,1
10666592,"K00002.01","Kepler-2 b","CONFIRMED",16.1,2.204735417,2048.0,1.9520,6440.00,1
6922244,"K00010.01","Kepler-8 b","CONFIRMED",14.59,3.522498429,1521.0,1.4510,6225.00,1
10984090,"K00112.02","Kepler-466 c","CONFIRMED",1.16,3.709214104,1206.0,1.0220,5833.00,2
10419211,"K00742.01",,"FALSE POSITIVE",150.51,11.521446064,753.0,0.8480,5795.00,1
10464078,"K00743.01",,"FALSE POSITIVE",7.18,19.40393776,523.0,0.6800,5043.00,1
10480982,"K00744.01",,"FALSE POSITIVE",49.29,19.221388942,698.0,0.9470,6117.00,1
10485250,"K00745.01",,"FALSE POSITIVE",7.94,16.46983774,595.0,0.7860,5152.00,1
10526549,"K00746.01","Kepler-660 b","CONFIRMED",2.47,9.27358173,649.0,0.6960,4856.00,1
10583066,"K00747.01","Kepler-661 b","CONFIRMED",2.85,6.02930329,678.0,0.6720,4537.00,1
10583180,"K00748.01",,"FALSE POSITIVE",1.58,2.696370652,1066.0,0.8190,4989.00,1
10601284,"K00749.01","Kepler-226 c","CONFIRMED",2.55,5.349553819,919.0,0.9100,5185.00,1
10601284,"K00749.02","Kepler-226 b","CONFIRMED",1.7,3.94105221,1018.0,0.9100,5185.00,2
10601284,"K00749.03","Kepler-226 d","CONFIRMED",1.3,8.10904807,800.0,0.9100,5185.00,3
2306756,"K00113.01",,"FALSE POSITIVE",41.5,386.6030528,297.0,1.5800,5543.00,1
10662202,"K00750.01","Kepler-662 b","CONFIRMED",2.95,21.67699193,530.0,0.8280,4954.00,1
10682541,"K00751.01","Kepler-663 b","CONFIRMED",2.78,4.99677968,917.0,0.8470,5339.00,1
11460018,"K00769.01","Kepler-671 b","CONFIRMED",2.3,4.280963604,1012.0,0.8310,5644.00,1
11463211,"K00770.01",,"FALSE POSITIVE",4.53,1.50635409,1452.0,0.8310,5714.00,1
11465813,"K00771.01",,"FALSE POSITIVE",14.14,670.645531,196.0,0.9830,5520.00,1
11493732,"K00772.01",,"FALSE POSITIVE",39.87,61.2563628,505.0,1.0910,6144.00,1
11507101,"K00773.01","Kepler-672 b","CONFIRMED",2.82,38.3775486,529.0,1.0360,5481.00,1
10910878,"K00757.02","Kepler-229 d","CONFIRMED",3.86,41.19725502,439.0,0.8480,5031.00,2
10910878,"K00757.03","Kepler-229 b","CONFIRMED",2.65,6.252962249,823.0,0.8480,5031.00,3
10987985,"K00758.01","Kepler-665 b","CONFIRMED",3.1,16.01308419,593.0,0.8260,5015.00,1
11018648,"K00759.01","Kepler-230 b","CONFIRMED",3.36,32.62876672,506.0,0.7980,5586.00,1
11018648,"K00759.02","Kepler-230 c","CONFIRMED",2.12,91.7732862,359.0,0.7980,5586.00,2
11138155,"K00760.01","Kepler-1976 b","CONFIRMED",12.21,4.959319244,1103.0,1.0820,5712.00,1
11152159,"K00761.01",,"FALSE POSITIVE",6.54,2.701287801,1222.0,0.9100,5550.00,1
11153539,"K00762.01","Kepler-666 b","CONFIRMED",2.1,4.49876511,1133.0,0.9690,6075.00,1
11242721,"K00763.01",,"FALSE POSITIVE",12.42,19.651209505,730.0,1.0630,6074.00,1
9579641,"K00115.01","Kepler-105 b","CONFIRMED",2.94,5.412203927,1093.0,1.0870,5779.00,1
11304958,"K00764.01","Kepler-667 b","CONFIRMED",5.5,41.43958662,516.0,1.0460,5468.00,1
11391957,"K00765.01","Kepler-668 b","CONFIRMED",2.52,8.35389523,790.0,0.7870,5592.00,1
11403044,"K00766.01","Kepler-669 b","CONFIRMED",4.43,4.125543472,1243.0,1.1030,6174.00,1
11414511,"K00767.01","Kepler-670 b","CONFIRMED",12.21,2.816504904,1219.0,0.9550,5532.00,1
11442465,"K00768.01",,"FALSE POSITIVE",7.34,33.93373447,430.0,0.7050,5040.00,1
12110942,"K00786.01","Kepler-680 b","CONFIRMED",1.89,3.689920099,1147.0,0.9170,5880.00,1
12366084,"K00787.01","Kepler-232 b","CONFIRMED",3.25,4.431238488,1104.0,1.0150,5714.00,1
12366084,"K00787.02","Kepler-232 c","CONFIRMED",3.95,11.37936986,806.0,1.0150,5714.00,2
12404086,"K00788.01","Kepler-681 b","CONFIRMED",3.07,26.39432897,489.0,0.7630,5129.00,1
8395660,"K00116.01","Kepler-106 c","CONFIRMED",2.64,13.57078281,785.0,1.0120,5854.00,1
9579641,"K00115.02","Kepler-105 c","CONFIRMED",1.79,7.12594387,997.0,1.0870,5779.00,2
11656840,"K00774.01",,"FALSE POSITIVE",15.03,7.442652004,967.0,0.9560,6108.00,1
11754553,"K00775.01","Kepler-52 c","CONFIRMED",2,16.38489988,433.0,0.6150,4126.00,2
11754553,"K00775.02","Kepler-52 b","CONFIRMED",2.16,7.8774163,553.0,0.6150,4126.00,1
11754553,"K00775.03","Kepler-52 d","CONFIRMED",1.99,36.4454001,332.0,0.6150,4126.00,3
11812062,"K00776.01","Kepler-673 b","CONFIRMED",6.02,3.728732147,1023.0,0.8090,5497.00,1
11818800,"K00777.01",,"CANDIDATE",7.51,40.4195037,467.0,0.7810,5446.00,1
11853255,"K00778.01","Kepler-674 b","CONFIRMED",1.99,2.243380573,822.0,0.5640,4149.00,1
11909839,"K00779.01",,"FALSE POSITIVE",11.23,10.405998015,833.0,0.9240,5746.00,1
11918099,"K00780.01","Kepler-675 b","CONFIRMED",2.34,2.337437946,1070.0,0.7650,5005.00,1
11918099,"K00780.02",,"CANDIDATE",19.45,7.2406612,734.0,0.7650,5005.00,2
9579641,"K00115.03",,"CANDIDATE",0.55,3.43591631,1272.0,1.0870,5779.00,3
11923270,"K00781.01","Kepler-676 b","CONFIRMED",2.65,11.59822233,396.0,0.4730,3688.00,1
11960862,"K00782.01","Kepler-677 b","CONFIRMED",5.31,6.575315881,1015.0,0.9890,5992.00,1
12020329,"K00783.01","Kepler-678 b","CONFIRMED",4.86,7.275040844,833.0,0.8670,5485.00,1
12066335,"K00784.01","Kepler-231 c","CONFIRMED",1.93,19.27153892,393.0,0.5600,4077.00,1
12066335,"K00784.02","Kepler-231 b","CONFIRMED",1.91,10.06524317,488.0,0.5600,4077.00,2
12070811,"K00785.01","Kepler-679 b","CONFIRMED",2.66,12.3935651,677.0,0.7500,5557.00,1
8395660,"K00116.02","Kepler-106 e","CONFIRMED",2.87,43.84439721,531.0,1.0120,5854.00,2
3120431,"K00798.01",,"FALSE POSITIVE",21.55,3.341913228,1032.0,0.8110,5295.00,1
3246984,"K00799.01",,"FALSE POSITIVE",32.43,1.626630225,1547.0,0.9730,5735.00,1
3342970,"K00800.01","Kepler-234 b","CONFIRMED",3.12,2.711504086,1420.0,1.0760,6214.00,1
3342970,"K00800.02","Kepler-234 c","CONFIRMED",3.32,7.21203748,1025.0,1.0760,6214.00,2
12459725,"K00789.01",,"FALSE POSITIVE",1.88,14.1798187,711.0,0.8780,5799.00,
12470844,"K00790.01","Kepler-233 b","CONFIRMED",2.59,8.47237911,751.0,0.7880,5354.00,1
12470844,"K00790.02","Kepler-233 c","CONFIRMED",2.36,60.4189369,390.0,0.7880,5354.00,2
12644822,"K00791.01","Kepler-682 b","CONFIRMED",7.4,12.611904345,753.0,0.9190,5795.00,1
2440757,"K00792.01",,"FALSE POSITIVE",46.58,1.433769925,1920.0,1.3390,6017.00,1
2445129,"K00793.01",,"FALSE POSITIVE",28.59,10.31872301,876.0,1.0600,5927.00,1
2713049,"K00794.01","Kepler-683 b","CONFIRMED",2.06,2.539183147,1332.0,1.0620,5519.00,1
3114167,"K00795.01","Kepler-684 b","CONFIRMED",2.77,6.770300385,812.0,0.6790,5653.00,1
3114661,"K00796.01",,"FALSE POSITIVE",27.51,0.444291966,1836.0,0.6360,5255.00,1
3115833,"K00797.01",,"CANDIDATE",7.73,10.181584004,812.0,0.8360,5988.00,1
4139816,"K00812.02","Kepler-235 d","CONFIRMED",1.96,20.06036336,361.0,0.4930,3950.00,2
4139816,"K00812.03","Kepler-235 e","CONFIRMED",1.83,46.1842039,273.0,0.4930,3950.00,3
8395660,"K00116.04","Kepler-106 d","CONFIRMED",1.31,23.9800854,649.0,1.0120,5854.00,4
4139816,"K00812.04","Kepler-235 c","CONFIRMED",1.2,7.82502168,494.0,0.4930,3950.00,4
4275191,"K00813.01","Kepler-688 b","CONFIRMED",7.34,3.895936525,1005.0,0.7740,5557.00,1
4476123,"K00814.01","Kepler-689 b","CONFIRMED",2.32,22.36646466,536.0,0.7340,5395.00,1
3351888,"K00801.01","Kepler-685 b","CONFIRMED",9.73,1.625522174,1579.0,1.1060,5539.00,1
3453214,"K00802.01",,"CANDIDATE",13.6,19.620346923,643.0,0.9050,5710.00,1
3554600,"K00803.01",,"FALSE POSITIVE",17.47,7.544039,838.0,0.8240,5657.00,2
3641726,"K00804.01","Kepler-1727 b","CONFIRMED",2.57,9.02930689,757.0,0.8200,5349.00,1
3734868,"K00805.01",,"FALSE POSITIVE",13.28,10.328035714,843.0,1.0240,5627.00,1
3832474,"K00806.01","Kepler-30 d","CONFIRMED",8.9,143.2063047,308.0,0.8670,5485.00,2
8395660,"K00116.03","Kepler-106 b","CONFIRMED",0.79,6.164876,1021.0,1.0120,5854.00,3
3832474,"K00806.02","Kepler-30 c","CONFIRMED",12.19,60.32494216,411.0,0.8670,5485.00,1
3832474,"K00806.03","Kepler-30 b","CONFIRMED",1.91,29.1598615,524.0,0.8670,5485.00,
3836375,"K00807.01",,"FALSE POSITIVE",25.69,1.540397253,1470.0,0.9150,5663.00,1
3838486,"K00808.01",,"FALSE POSITIVE",1.7,2.99025443,918.0,0.7310,4667.00,1
3935914,"K00809.01","Kepler-686 b","CONFIRMED",11.3,1.594745374,1539.0,0.8930,5934.00,1
3940418,"K00810.01","Kepler-1728 b","CONFIRMED",2.5,4.783002698,886.0,0.8070,5170.00,1
4049131,"K00811.01","Kepler-687 b","CONFIRMED",3.41,20.50588921,518.0,0.7610,4905.00,1
4139816,"K00812.01","Kepler-235 b","CONFIRMED",2.03,3.340218842,656.0,0.4930,3950.00,1
5287983,"K00828.01",,"FALSE POSITIVE",30.26,2.507089906,1326.0,0.9390,5926.00,1
5358241,"K00829.01","Kepler-53 b","CONFIRMED",3.12,18.64932728,701.0,1.0530,5775.00,1
10875245,"K00117.02","Kepler-107 c","CONFIRMED",1.7,4.90144976,1262.0,1.4020,5847.00,3
5358241,"K00829.02","Kepler-53 d","CONFIRMED",2.76,9.75192101,870.0,1.0530,5775.00,3
5358241,"K00829.03","Kepler-53 c","CONFIRMED",4.02,38.5576546,550.0,1.0530,5775.00,2
5358624,"K00830.01","Kepler-428 b","CONFIRMED",11.58,3.525632539,975.0,0.7930,5150.00,1
4544670,"K00815.01",,"CANDIDATE",7.61,34.84398644,511.0,0.8710,5509.00,1
4664847,"K00816.01","Kepler-690 b","CONFIRMED",5.52,7.748094239,964.0,1.0850,5973.00,1
4725681,"K00817.01","Kepler-236 c","CONFIRMED",1.8,23.96793669,329.0,0.5240,3747.00,1
4725681,"K00817.02","Kepler-236 b","CONFIRMED",1.82,8.29561738,469.0,0.5240,3747.00,2
4913852,"K00818.01","Kepler-691 b","CONFIRMED",2.1,8.11437482,460.0,0.5170,3692.00,1
4932348,"K00819.01",,"FALSE POSITIVE",27.5,38.036729482,500.0,0.9320,5575.00,1
4936180,"K00820.01",,"CANDIDATE",30.09,4.64090031,1155.0,0.8260,6463.00,1
11913073,"K00011.01",,"FALSE POSITIVE",13.65,3.747838198,1031.0,0.8260,5514.00,1
10875245,"K00117.01","Kepler-107 e","CONFIRMED",2.89,14.74914825,874.0,1.4020,5847.00,1
5021899,"K00821.01","Kepler-692 b","CONFIRMED",3.38,21.81295996,639.0,0.9990,5601.00,1
5077629,"K00822.01",,"FALSE POSITIVE",10.34,7.91936937,814.0,0.7760,5690.00,1
5115978,"K00823.01",,"CANDIDATE",72.77,1.028436523,1947.0,0.9900,6228.00,
5164255,"K00824.01","Kepler-693 b","CONFIRMED",11.01,15.37562369,600.0,0.8330,4986.00,1
5252423,"K00825.01","Kepler-237 c","CONFIRMED",2.11,8.10363271,687.0,0.7320,4861.00,1
5252423,"K00825.02","Kepler-237 b","CONFIRMED",1.46,4.71510843,823.0,0.7320,4861.00,2
5272878,"K00826.01","Kepler-694 b","CONFIRMED",2.44,6.365839713,914.0,0.8490,5776.00,1
5283542,"K00827.01",,"FALSE POSITIVE",3.86,5.97581754,1047.0,0.9970,6108.00,1
5649215,"K00839.01",,"FALSE POSITIVE",26.25,2.446737317,1261.0,0.8630,5764.00,1
5651104,"K00840.01","Kepler-695 b","CONFIRMED",8.99,3.04033046,1021.0,0.7910,5035.00,1
5792202,"K00841.01","Kepler-27 b","CONFIRMED",5,15.33528675,610.0,0.8170,5251.00,2
10875245,"K00117.04","Kepler-107 d","CONFIRMED",1.06,7.95825328,1074.0,1.4020,5847.00,4
5792202,"K00841.02","Kepler-27 c","CONFIRMED",6.5,31.33046135,481.0,0.8170,5251.00,1
5370302,"K00831.01",,"FALSE POSITIVE",12.28,3.9043425,1104.0,0.8980,5810.00,1
5372966,"K00832.01",,"FALSE POSITIVE",17.61,9.286358079,796.0,0.8210,5670.00,1
5376067,"K00833.01",,"FALSE POSITIVE",31.44,3.951405455,1133.0,0.8690,6046.00,1
5436502,"K00834.01","Kepler-238 e","CONFIRMED",7.89,23.65369415,731.0,1.3840,5739.00,1
5436502,"K00834.02","Kepler-238 d","CONFIRMED",3.06,13.23352214,888.0,1.3840,5739.00,2
5436502,"K00834.03","Kepler-238 c","CONFIRMED",2.32,6.15560285,1146.0,1.3840,5739.00,3
5436502,"K00834.04","Kepler-238 b","CONFIRMED",1.62,2.090811305,1642.0,1.3840,5739.00,5
10875245,"K00117.03","Kepler-107 b","CONFIRMED",1.53,3.180027898,1458.0,1.4020,5847.00,2
5436502,"K00834.05","Kepler-238 f","CONFIRMED",2.67,50.4467417,568.0,1.3840,5739.00,4
5456651,"K00835.01","Kepler-239 b","CONFIRMED",2.35,11.76307164,616.0,0.7560,4959.00,1
5456651,"K00835.02","Kepler-239 c","CONFIRMED",2.37,56.2279271,366.0,0.7560,4959.00,2
5481416,"K00836.01",,"FALSE POSITIVE",17.06,2.384052875,1010.0,0.7010,4794.00,1
5531576,"K00837.01","Kepler-240 c","CONFIRMED",2.25,7.953547,696.0,0.7790,4768.00,1
5531576,"K00837.02","Kepler-240 b","CONFIRMED",1.48,4.14451656,864.0,0.7790,4768.00,2
5534814,"K00838.01",,"FALSE POSITIVE",38.33,4.859386384,1114.0,0.9880,6072.00,1
6291653,"K00850.01","Kepler-702 b","CONFIRMED",8.24,10.526294577,713.0,0.7930,5386.00,1
6392727,"K00851.01","Kepler-703 b","CONFIRMED",5.39,4.583520948,1038.0,0.8770,5815.00,1
6422070,"K00852.01","Kepler-704 b","CONFIRMED",2.66,3.76181843,1121.0,0.9490,5653.00,1
6428700,"K00853.01","Kepler-242 b","CONFIRMED",3.01,8.20396958,742.0,0.8260,5015.00,1
6428700,"K00853.02","Kepler-242 c","CONFIRMED",3.01,14.49645186,613.0,0.8260,5015.00,2
5792202,"K00841.03","Kepler-27 d","CONFIRMED",2.19,6.54626149,810.0,0.8170,5251.00,3
5794379,"K00842.01","Kepler-241 b","CONFIRMED",2.31,12.71809866,562.0,0.6860,4702.00,1
5794379,"K00842.02","Kepler-241 c","CONFIRMED",2.64,36.06588163,397.0,0.6860,4702.00,2
5881688,"K00843.01","Kepler-696 b","CONFIRMED",6.21,4.190425659,1234.0,1.1350,6073.00,1
6022556,"K00844.01","Kepler-697 b","CONFIRMED",4.35,3.709870784,1151.0,0.9780,5727.00,1
6032497,"K00845.01","Kepler-698 b","CONFIRMED",3.75,16.3297527,727.0,0.9870,5878.00,1
6061119,"K00846.01","Kepler-699 b","CONFIRMED",13.84,27.807566216,554.0,0.7850,5862.00,1
6191521,"K00847.01","Kepler-700 b","CONFIRMED",7.59,80.8723469,452.0,1.2380,5510.00,1
6267425,"K00848.01",,"FALSE POSITIVE",26.82,3.166465862,954.0,0.7040,4968.00,1
3531558,"K00118.01","Kepler-467 b","CONFIRMED",2.29,24.99324319,712.0,1.3170,5718.00,1
6276477,"K00849.01","Kepler-701 b","CONFIRMED",2.47,10.35533116,777.0,0.9180,5501.00,1
6863998,"K00867.01","Kepler-709 b","CONFIRMED",3.68,16.08518937,613.0,0.8260,5239.00,1
6867155,"K00868.01",,"CANDIDATE",10.59,235.9986399,188.0,0.6570,4245.00,1
6948054,"K00869.01","Kepler-245 b","CONFIRMED",2.56,7.49018305,753.0,0.7870,5103.00,1
6948054,"K00869.02","Kepler-245 d","CONFIRMED",3.03,36.2761238,445.0,0.7870,5103.00,2
6948054,"K00869.03","Kepler-245 c","CONFIRMED",2.32,17.46087931,568.0,0.7870,5103.00,4
6435936,"K00854.01","Kepler-705 b","CONFIRMED",1.94,56.0560754,233.0,0.4910,3593.00,1
6522242,"K00855.01","Kepler-706 b","CONFIRMED",11.38,41.408316686,453.0,0.7470,5522.00,1
6526710,"K00856.01",,"CANDIDATE",14.21,39.74893077,552.0,0.9640,6122.00,1
6587280,"K00857.01","Kepler-243 b","CONFIRMED",2.47,5.715425977,850.0,0.8260,5237.00,1
9471974,"K00119.01","Kepler-108 b","CONFIRMED",8.2,49.18394185,669.0,2.0570,5626.00,1
6587280,"K00857.02","Kepler-243 c","CONFIRMED",2.28,20.0261412,559.0,0.8260,5237.00,2
6599919,"K00858.01",,"CANDIDATE",19.02,13.61014819,733.0,0.9030,5697.00,1
6675056,"K00859.01",,"FALSE POSITIVE",2.66,10.44331991,667.0,0.8020,4947.00,1
6685526,"K00861.01","Kepler-707 b","CONFIRMED",1.41,2.237489571,1160.0,0.8100,5265.00,1
6756669,"K00862.01",,"FALSE POSITIVE",14.62,5.851520671,901.0,0.8060,5532.00,1
6784235,"K00863.01","Kepler-708 b","CONFIRMED",2.62,3.167893418,1221.0,0.9400,5895.00,1
6849310,"K00864.01","Kepler-244 b","CONFIRMED",3.11,4.311780262,1038.0,0.9270,5527.00,1
6849310,"K00864.02","Kepler-244 d","CONFIRMED",2.69,20.0504494,622.0,0.9270,5527.00,2
6849310,"K00864.03","Kepler-244 c","CONFIRMED",2.67,9.76734503,791.0,0.9270,5527.00,3
6862328,"K00865.01",,"CANDIDATE",8.98,119.0207044,366.0,1.0620,5453.00,1
9471974,"K00119.02","Kepler-108 c","CONFIRMED",7.78,190.3200468,426.0,2.0570,5626.00,2
6862603,"K00866.01",,"FALSE POSITIVE",4.37,2.861159894,1355.0,1.0210,6126.00,1
7366258,"K00880.01","Kepler-82 b","CONFIRMED",3.91,26.44439337,562.0,0.9290,5427.00,2
7366258,"K00880.02","Kepler-82 c","CONFIRMED",5.51,51.53997972,450.0,0.9290,5427.00,1
7366258,"K00880.03","Kepler-82 e","CONFIRMED",2.43,5.902245782,926.0,0.9290,5427.00,3
7366258,"K00880.04","Kepler-82 d","CONFIRMED",1.86,2.382951591,1253.0,0.9290,5427.00,4
7373451,"K00881.01","Kepler-712 b","CONFIRMED",3.07,21.02250608,521.0,0.7500,5067.00,1
6948054,"K00869.04","Kepler-245 e","CONFIRMED",1.69,3.219814777,998.0,0.7870,5103.00,3
6949607,"K00870.01","Kepler-28 b","CONFIRMED",1.73,5.912273234,585.0,0.5700,4072.00,1
6949607,"K00870.02","Kepler-28 c","CONFIRMED",1.65,8.98581901,509.0,0.5700,4072.00,2
7031517,"K00871.01",,"CANDIDATE",22.94,12.940668656,723.0,0.8090,5875.00,1
11869052,"K00120.01",,"FALSE POSITIVE",2.41,20.5452375,742.0,1.2640,5670.00,1
7109675,"K00872.01","Kepler-46 b","CONFIRMED",8.46,33.60123371,495.0,0.9300,5149.00,1
7109675,"K00872.02","Kepler-46 d","CONFIRMED",1.97,6.76652928,845.0,0.9300,5149.00,2
7118364,"K00873.01","Kepler-710 b","CONFIRMED",2.36,4.347288783,1174.0,1.1220,5754.00,1
7134976,"K00874.01","Kepler-246 b","CONFIRMED",2.35,4.601811819,896.0,0.8330,4986.00,1
7134976,"K00874.02","Kepler-246 c","CONFIRMED",1.55,11.18719905,667.0,0.8330,4986.00,2
7135852,"K00875.01","Kepler-1729 b","CONFIRMED",2.62,4.220965778,595.0,0.5170,3837.00,1
7270230,"K00876.01",,"FALSE POSITIVE",588.66,6.998099523,853.0,0.8290,5612.00,1
7287995,"K00877.01","Kepler-81 b","CONFIRMED",2.33,5.95489993,635.0,0.6330,4261.00,1
7287995,"K00877.02","Kepler-81 c","CONFIRMED",2.18,12.03987488,502.0,0.6330,4261.00,2
7287995,"K00877.03","Kepler-81 d","CONFIRMED",1.42,20.83762895,418.0,0.6330,4261.00,3
3247396,"K00121.01",,"FALSE POSITIVE",63.66,8.8111022,1399.0,2.4040,6200.00,1
7303253,"K00878.01","Kepler-711 b","CONFIRMED",3.16,23.58917143,487.0,0.7210,4919.00,1
5094751,"K00123.01","Kepler-109 b","CONFIRMED",2.54,6.481633073,1145.0,1.3020,5945.00,1
7678434,"K00892.01","Kepler-716 b","CONFIRMED",3.2,10.37168928,720.0,0.8880,5121.00,1
7678434,"K00892.02","Kepler-716 c","CONFIRMED",1.78,3.96996298,992.0,0.8880,5121.00,2
7685981,"K00893.01","Kepler-717 b","CONFIRMED",2.66,4.40841331,1139.0,0.9610,6007.00,1
7708215,"K00894.01",,"FALSE POSITIVE",4.68,7.9426176,878.0,0.9260,5811.00,1
7373451,"K00881.02","Kepler-712 c","CONFIRMED",4.53,226.8904775,236.0,0.7500,5067.00,2
7377033,"K00882.01",,"FALSE POSITIVE",21.58,1.956811408,1109.0,0.6030,5209.00,1
7380537,"K00883.01",,"CANDIDATE",12.04,2.688899233,929.0,0.6390,4820.00,1
7434875,"K00884.01","Kepler-247 c","CONFIRMED",4.16,9.439459486,686.0,0.7790,5097.00,1
8349582,"K00122.01","Kepler-95 b","CONFIRMED",3.13,11.523067458,927.0,1.4110,5644.00,1
7434875,"K00884.02","Kepler-247 d","CONFIRMED",2.92,20.47748843,530.0,0.7790,5097.00,2
7434875,"K00884.03","Kepler-247 b","CONFIRMED",1.74,3.336123113,970.0,0.7790,5097.00,3
7455287,"K00886.01","Kepler-54 b","CONFIRMED",1.72,8.01078456,453.0,0.4700,3713.00,1
7455287,"K00886.02","Kepler-54 c","CONFIRMED",1.29,12.07134205,395.0,0.4700,3713.00,2
7455287,"K00886.03","Kepler-54 d","CONFIRMED",1.3,20.99587872,328.0,0.4700,3713.00,3
7458762,"K00887.01","Kepler-713 b","CONFIRMED",2.45,7.41113177,905.0,0.9190,5849.00,1
7552344,"K00888.01",,"FALSE POSITIVE",4.14,1.000747038,1620.0,0.7900,5472.00,1
757450,"K00889.01","Kepler-75 b","CONFIRMED",10.51,8.884922995,770.0,0.8430,5332.00,1
7585481,"K00890.01","Kepler-714 b","CONFIRMED",8.95,8.09888906,986.0,1.0760,6214.00,1
7663691,"K00891.01","Kepler-715 b","CONFIRMED",3.52,10.00653012,876.0,1.0010,6063.00,1
5812701,"K00012.01","Kepler-448 b","CONFIRMED",13.16,17.855221681,911.0,1.3670,6823.00,1
8013419,"K00901.01",,"CANDIDATE",4.87,12.732624065,432.0,0.5410,3950.00,1
8018547,"K00902.01",,"CANDIDATE",4.78,83.92494032,226.0,0.5090,3960.00,1
8039892,"K00903.01","Kepler-719 b","CONFIRMED",6.96,5.007316661,998.0,0.8270,5865.00,1
8150320,"K00904.01","Kepler-55 d","CONFIRMED",1.85,2.211116989,931.0,0.6460,4500.00,1
8150320,"K00904.02","Kepler-55 b","CONFIRMED",1.9,27.9541337,400.0,0.6460,4500.00,3
11086270,"K00124.01","Kepler-110 b","CONFIRMED",2.57,12.69104387,1008.0,1.6260,5869.00,1
7767559,"K00895.01",,"FALSE POSITIVE",10.95,4.409409243,1101.0,0.9750,5600.00,1
7825899,"K00896.01","Kepler-248 c","CONFIRMED",4.14,16.23947096,598.0,0.8370,5191.00,1
7825899,"K00896.02","Kepler-248 b","CONFIRMED",2.96,6.308201629,819.0,0.8370,5191.00,2
7849854,"K00897.01","Kepler-718 b","CONFIRMED",13.12,2.052349884,1497.0,1.0800,5855.00,1
7870390,"K00898.01","Kepler-83 b","CONFIRMED",2.23,9.7704486,460.0,0.5090,3906.00,1
7870390,"K00898.02","Kepler-83 d","CONFIRMED",1.66,5.169804269,569.0,0.5090,3906.00,2
5094751,"K00123.02","Kepler-109 c","CONFIRMED",2.48,21.22261195,771.0,1.3020,5945.00,2
7870390,"K00898.03","Kepler-83 c","CONFIRMED",2.25,20.09017037,362.0,0.5090,3906.00,3
7907423,"K00899.01","Kepler-249 c","CONFIRMED",1.16,7.11373257,429.0,0.4110,3561.00,1
7907423,"K00899.02","Kepler-249 b","CONFIRMED",0.91,3.306551643,554.0,0.4110,3561.00,2
7907423,"K00899.03","Kepler-249 d","CONFIRMED",1.11,15.36845737,332.0,0.4110,3561.00,3
7938496,"K00900.01","Kepler-1730 b","CONFIRMED",4.56,13.81020318,833.0,1.1420,5942.00,1
8490993,"K00911.01","Kepler-722 b","CONFIRMED",2.85,4.093578461,1182.0,0.9990,6077.00,1
8490993,"K00911.02","Kepler-722 c","CONFIRMED",3.43,105.145959,401.0,0.9990,6077.00,2
8505670,"K00912.01","Kepler-252 c","CONFIRMED",2.34,10.8484518,499.0,0.5910,4201.00,1
8505670,"K00912.02","Kepler-252 b","CONFIRMED",1.18,6.66833241,587.0,0.5910,4201.00,2
8544996,"K00913.01","Kepler-723 b","CONFIRMED",10.55,4.082274889,1016.0,0.7940,5655.00,1
8552202,"K00914.01",,"CANDIDATE",1.87,3.886655224,1010.0,0.7380,5662.00,1
8150320,"K00904.03","Kepler-55 c","CONFIRMED",1.85,42.1406089,349.0,0.6460,4500.00,5
8150320,"K00904.04","Kepler-55 e","CONFIRMED",1.62,4.617490562,728.0,0.6460,4500.00,2
8150320,"K00904.05","Kepler-55 f","CONFIRMED",1.75,10.19849255,559.0,0.6460,4500.00,4
8180063,"K00905.01",,"FALSE POSITIVE",4.33,5.795063956,950.0,0.8270,5865.00,1
8226994,"K00906.01","Kepler-250 c","CONFIRMED",2.47,7.15681552,782.0,0.8380,5029.00,1
8226994,"K00906.02","Kepler-250 d","CONFIRMED",2.43,17.64830851,579.0,0.8380,5029.00,2
8226994,"K00906.03","Kepler-250 b","CONFIRMED",1.08,4.14810719,938.0,0.8380,5029.00,3
8247638,"K00907.01","Kepler-251 c","CONFIRMED",2.72,16.51410989,655.0,0.8660,5527.00,1
8247638,"K00907.02","Kepler-251 d","CONFIRMED",3.14,30.1329298,536.0,0.8660,5527.00,2
8247638,"K00907.03","Kepler-251 b","CONFIRMED",1.36,4.79090809,990.0,0.8660,5527.00,4
11086270,"K00124.02","Kepler-110 c","CONFIRMED",3.09,31.71981013,743.0,1.6260,5869.00,2
8247638,"K00907.04","Kepler-251 e","CONFIRMED",2.64,99.6415962,360.0,0.8660,5527.00,3
8255887,"K00908.01","Kepler-720 b","CONFIRMED",10.6,4.708326451,1162.0,1.2100,5560.00,1
8256049,"K00909.01",,"FALSE POSITIVE",540.37,16.37198661,438.0,0.5920,4187.00,1
8414716,"K00910.01","Kepler-721 b","CONFIRMED",2.68,5.392026903,850.0,0.8010,5198.00,1
9140402,"K00928.01",,"CANDIDATE",2.42,2.494170338,1194.0,0.8290,5569.00,1
9141746,"K00929.01","Kepler-730 b","CONFIRMED",9.66,6.491682808,1062.0,1.1070,6123.00,1
9159275,"K00930.01",,"FALSE POSITIVE",24.54,3.044770796,1076.0,0.7530,5525.00,1
9166862,"K00931.01","Kepler-731 b","CONFIRMED",13.61,3.855603916,1212.0,1.0460,6033.00,1
9166870,"K00932.01",,"FALSE POSITIVE",3.57,3.855599139,1158.0,0.9650,5936.00,1
11449844,"K00125.01","Kepler-468 b","CONFIRMED",13.26,38.47876629,484.0,0.8790,5510.00,1
8605074,"K00915.01",,"FALSE POSITIVE",27.22,37.601661282,606.0,1.0960,6140.00,1
8628973,"K00916.01","Kepler-724 b","CONFIRMED",3.94,3.314947362,1155.0,0.9440,5609.00,1
8655354,"K00917.01",,"FALSE POSITIVE",4.37,6.71969089,952.0,0.8660,5931.00,1
8672910,"K00918.01","Kepler-725 b","CONFIRMED",10.98,39.6431552,472.0,0.9000,5231.00,1
8686150,"K00919.01",,"FALSE POSITIVE",29.66,51.42598578,549.0,1.1470,6257.00,1
8689031,"K00920.01","Kepler-726 b","CONFIRMED",2.6,21.80451611,543.0,0.7080,5481.00,1
8689373,"K00921.01","Kepler-253 c","CONFIRMED",2.53,10.28194593,680.0,0.7750,5196.00,2
8689373,"K00921.02","Kepler-253 d","CONFIRMED",2.95,18.11993039,563.0,0.7750,5196.00,1
8689373,"K00921.03","Kepler-253 b","CONFIRMED",1.7,3.78402867,949.0,0.7750,5196.00,3
8826878,"K00922.01","Kepler-727 b","CONFIRMED",2.94,5.15448142,964.0,0.8840,5431.00,1
5897826,"K00126.01","Kepler-469 b","FALSE POSITIVE",20.7,33.80364366,745.0,1.7960,5855.00,1
8883593,"K00923.01","Kepler-728 b","CONFIRMED",3.13,5.743469797,982.0,0.8910,5897.00,1
8951215,"K00924.01",,"CANDIDATE",4.06,39.4759093,577.0,1.0310,6225.00,1
9016295,"K00925.01",,"FALSE POSITIVE",26.56,19.974485239,700.0,0.9970,6108.00,1
9077124,"K00926.01","Kepler-729 b","CONFIRMED",3.82,3.166353562,1273.0,0.9980,6007.00,1
9097120,"K00927.01",,"FALSE POSITIVE",44.04,23.899634407,652.0,0.9240,6192.00,1
9466668,"K00939.01","Kepler-256 c","CONFIRMED",2.11,3.388012244,1315.0,1.2500,5553.00,1
9466668,"K00939.02","Kepler-256 d","CONFIRMED",2.06,5.83909761,1097.0,1.2500,5553.00,2
9466668,"K00939.03","Kepler-256 b","CONFIRMED",1.57,1.620467654,1681.0,1.2500,5553.00,3
9466668,"K00939.04","Kepler-256 e","CONFIRMED",2.3,10.6816951,897.0,1.2500,5553.00,4
9479273,"K00940.01","Kepler-734 b","CONFIRMED",3.18,6.104849417,784.0,0.7120,5085.00,1
8359498,"K00127.01","Kepler-77 b","CONFIRMED",10.43,3.578780566,1145.0,0.9940,5524.00,1
9171801,"K00933.01",,"FALSE POSITIVE",23.88,3.187067566,1079.0,0.8110,5450.00,1
9334289,"K00934.01","Kepler-254 b","CONFIRMED",4.09,5.826657508,1013.0,1.0600,5561.00,1
9334289,"K00934.02","Kepler-254 c","CONFIRMED",2.58,12.41216347,787.0,1.0600,5561.00,3
9334289,"K00934.03","Kepler-254 d","CONFIRMED",3.05,18.74649011,686.0,1.0600,5561.00,2
9347899,"K00935.01","Kepler-31 b","CONFIRMED",5.5,20.86021229,781.0,1.2570,6035.00,1
9347899,"K00935.02","Kepler-31 c","CONFIRMED",5.22,42.63427848,615.0,1.2570,6035.00,2
9347899,"K00935.03","Kepler-31 d","CONFIRMED",4,87.6476068,484.0,1.2570,6035.00,3
9347899,"K00935.04",,"CANDIDATE",1.94,9.61731426,1010.0,1.2570,6035.00,4
9388479,"K00936.01","Kepler-732 b","CONFIRMED",2.13,9.467821474,407.0,0.4580,3582.00,1
9388479,"K00936.02","Kepler-732 c","CONFIRMED",1.24,0.893040969,893.0,0.4580,3582.00,2
11359879,"K00128.01","Kepler-15 b","CONFIRMED",10.62,4.942783419,1008.0,0.9780,5514.00,1
9406990,"K00937.01","Kepler-733 b","CONFIRMED",2.74,20.83426731,595.0,0.8800,5537.00,1
9415172,"K00938.01","Kepler-255 c","CONFIRMED",3.12,9.94602357,807.0,1.0130,5344.00,1
9415172,"K00938.02","Kepler-255 d","CONFIRMED",1.45,1.04562195,1710.0,1.0130,5344.00,2
9415172,"K00938.03","Kepler-255 b","CONFIRMED",1.78,5.71462396,971.0,1.0130,5344.00,3
9904059,"K00145.01",,"FALSE POSITIVE",39,102.9641952,797.0,7.1190,5047.00,1
3231341,"K01102.02","Kepler-24 b","CONFIRMED",3.43,8.14515981,1050.0,1.2400,5896.00,2
3231341,"K01102.03","Kepler-24 e","CONFIRMED",43.17,18.9985279,792.0,1.2400,5896.00,3
3231341,"K01102.04","Kepler-24 d","CONFIRMED",2.07,4.24439049,1305.0,1.2400,5896.00,5
2860866,"K01103.01",,"CANDIDATE",7.12,90.1240507,485.0,1.2150,6520.00,1
7626506,"K00150.02","Kepler-112 c","CONFIRMED",2.32,28.5742692,538.0,0.8120,5551.00,2
10460629,"K01168.01",,"CANDIDATE",3.87,856.672115,242.0,1.3090,6449.00,
10319385,"K01169.01",,"CANDIDATE",1.32,0.689210173,1943.0,0.9540,5630.00,1
10482160,"K01170.01","Kepler-1739 b","CONFIRMED",1.84,7.34373964,839.0,0.7620,5757.00,1
10485069,"K01171.01",,"FALSE POSITIVE",35.74,0.445277068,2562.0,1.0640,6167.00,1
3233043,"K00966.01",,"FALSE POSITIVE",59.56,0.379463865,3000.0,1.7830,5075.00,1
6579806,"K00967.01",,"FALSE POSITIVE",23.6,9.88047978,860.0,0.9170,6113.00,1
3560301,"K00968.01",,"FALSE POSITIVE",5.06,4.6484156,2259.0,3.4820,6980.00,1
4044005,"K00969.01",,"FALSE POSITIVE",13.66,17.512014768,804.0,1.1320,6224.00,1
11502218,"K00970.01",,"CANDIDATE",34.39,3.9886021,3145.0,13.6520,4813.00,1
11180361,"K00971.01",,"CANDIDATE",133.56,0.533059312,5862.0,4.0510,8523.00,1
5802246,"K01044.01",,"FALSE POSITIVE",23.61,0.525154153,2073.0,0.8460,5582.00,1
6066403,"K01045.01",,"FALSE POSITIVE",27.85,1.303861044,1610.0,0.9020,5758.00,1
6209637,"K01046.01",,"FALSE POSITIVE",,0.73452496,,,,
5988031,"K01047.01",,"FALSE POSITIVE",23.35,2.55549176,1312.0,0.9010,5948.00,1
7684873,"K00014.01",,"FALSE POSITIVE",403.59,2.947376671,2404.0,2.2340,8090.00,1
8559644,"K00139.01","Kepler-111 c","CONFIRMED",7.67,224.7789355,333.0,1.2350,5873.00,1
2851100,"K01104.01",,"FALSE POSITIVE",1.25,0.890110752,1372.0,0.7110,4768.00,1
3130300,"K01105.01",,"FALSE POSITIVE",7.47,5.76573396,1964.0,4.4340,5772.00,1
3240158,"K01106.01","Kepler-769 b","CONFIRMED",2.47,7.42608123,1037.0,1.1760,6049.00,1
3240158,"K01106.02","Kepler-769 c","CONFIRMED",1.62,15.9868932,803.0,1.1760,6049.00,2
3228959,"K01107.01",,"FALSE POSITIVE",17.12,0.73094589,1922.0,0.8480,5901.00,1
3218908,"K01108.01","Kepler-770 b","CONFIRMED",13.92,18.92537246,1171.0,4.8850,4941.00,1
10341913,"K01172.01",,"FALSE POSITIVE",3.22,0.933749106,2863.0,2.1880,6215.00,1
10480921,"K01173.01",,"FALSE POSITIVE",1.19,2.037440623,1572.0,1.0150,6253.00,1
10287723,"K01174.01",,"CANDIDATE",2.99,129995.7784,25.0,0.7260,4500.00,
10350571,"K01175.01","Kepler-784 b","CONFIRMED",1.78,31.5925809,688.0,1.4870,5676.00,2
10350571,"K01175.02","Kepler-784 c","CONFIRMED",1.55,17.157236,844.0,1.4870,5676.00,1
3749365,"K01176.01","Kepler-785 b","CONFIRMED",8.78,1.97376085,753.0,0.5030,3807.00,1
11013201,"K00972.01",,"CONFIRMED",8.25,13.118962443,1768.0,4.2400,7221.00,1
11673674,"K00133.01",,"FALSE POSITIVE",7.48,4.618767792,1170.0,1.0330,6013.00,1
11013201,"K00972.02",,"CANDIDATE",2.78,7.82187328,2101.0,4.2400,7221.00,2
9414417,"K00974.01",,"CANDIDATE",2.52,53.5057611,675.0,1.7620,6247.00,1
3632418,"K00975.01","Kepler-21 b","CONFIRMED",1.69,2.785821236,1784.0,1.7330,6202.00,1
3441784,"K00976.01",,"FALSE POSITIVE",78.54,52.56901867,737.0,1.7170,7240.00,1
5820218,"K01048.01",,"FALSE POSITIVE",14.71,3.411758679,684.0,0.5610,3995.00,1
5876368,"K01049.01",,"FALSE POSITIVE",1.45,0.525426427,2069.0,0.8020,5791.00,1
5809890,"K01050.01","Kepler-755 b","CONFIRMED",1.41,1.269091415,1331.0,0.7660,5041.00,1
5809890,"K01050.02","Kepler-755 c","CONFIRMED",1.36,2.853133997,1016.0,0.7660,5041.00,2
6131236,"K01051.01","Kepler-1734 b","CONFIRMED",2.01,6.79685353,985.0,0.9700,6061.00,1
9048161,"K00146.01",,"FALSE POSITIVE",67.37,8.667822346,1303.0,1.8890,6266.00,1
3218908,"K01108.02","Kepler-770 c","CONFIRMED",5.88,1.475323222,2740.0,4.8850,4941.00,3
3218908,"K01108.03","Kepler-770 d","CONFIRMED",7.62,4.15246118,1941.0,4.8850,4941.00,4
3235672,"K01109.01",,"FALSE POSITIVE",,6.7210783,,,,
2837111,"K01110.01","Kepler-771 b","CONFIRMED",1.59,8.7348852,890.0,0.9600,5982.00,1
3120276,"K01111.01",,"FALSE POSITIVE",1.81,10.26547688,770.0,0.8530,5699.00,1
2307199,"K00151.01",,"CANDIDATE",5.24,13.4471791,848.0,1.0410,6276.00,1
3547091,"K01177.01",,"FALSE POSITIVE",25.89,3.305577989,1027.0,0.7070,5534.00,1
3869825,"K01178.01",,"FALSE POSITIVE",16.91,4.800653901,1347.0,1.2410,6715.00,1
3655332,"K01179.01",,"FALSE POSITIVE",56.44,15.06649901,932.0,1.6260,5751.00,1
4042026,"K01180.01",,"FALSE POSITIVE",11.36,34.82008158,459.0,0.7840,5114.00,1
3344419,"K01181.01",,"FALSE POSITIVE",33.65,0.651784374,2090.0,1.0610,5555.00,2
11192141,"K00977.01",,"FALSE POSITIVE",430.99,1.353771892,4903.0,15.7600,4283.00,1
11494130,"K00978.01",,"FALSE POSITIVE",71.39,18.95491633,1139.0,2.5340,6362.00,1
5648449,"K00979.01",,"FALSE POSITIVE",2436.69,4.348866254,6421.0,101.4510,3598.00,1
12167361,"K00980.01",,"FALSE POSITIVE",68.02,47.93094546,905.0,1.9380,8214.00,1
8607720,"K00981.01",,"FALSE POSITIVE",2.98,3.99751422,2203.0,5.3240,5066.00,
1433962,"K00982.01",,"FALSE POSITIVE",1.56,1.592633181,1053.0,0.6510,4506.00,1
9032900,"K00134.01",,"CONFIRMED",12.1,67.5923754,588.0,1.7440,6038.00,2
5956342,"K01052.01","Kepler-265 c","CONFIRMED",2.54,17.02902786,755.0,1.0670,5839.00,1
5956342,"K01052.02","Kepler-265 b","CONFIRMED",1.67,6.84619236,1022.0,1.0670,5839.00,2
5956342,"K01052.03","Kepler-265 e","CONFIRMED",2.39,67.8321638,476.0,1.0670,5839.00,3
5956342,"K01052.04","Kepler-265 d","CONFIRMED",2.39,43.1312147,554.0,1.0670,5839.00,4
5956656,"K01053.01","Kepler-756 b","CONFIRMED",1.54,1.224866441,1741.0,1.1070,5553.00,1
3109930,"K01112.01","Kepler-1736 b","CONFIRMED",2.33,37.8102649,566.0,0.9730,6085.00,1
2854914,"K01113.01","Kepler-268 b","CONFIRMED",2.48,25.93406406,695.0,1.2250,5952.00,1
2854914,"K01113.02","Kepler-268 c","CONFIRMED",2.73,83.4463485,471.0,1.2250,5952.00,2
3337425,"K01114.01",,"FALSE POSITIVE",25.2,7.04710032,986.0,1.0680,5766.00,1
3116412,"K01115.01","Kepler-772 b","CONFIRMED",2.03,12.99204853,866.0,1.2420,5765.00,1
3865567,"K01182.01",,"FALSE POSITIVE",8.96,11.11620211,853.0,0.9960,6122.00,1
3544689,"K01183.01",,"FALSE POSITIVE",5.09,1.922861499,1392.0,0.9110,5778.00,1
4037164,"K01184.01",,"FALSE POSITIVE",19,0.635445336,1177.0,0.5500,3920.00,1
3443790,"K01185.01",,"FALSE POSITIVE",97.27,1.665784138,2636.0,2.7890,6261.00,1
3966912,"K01186.01",,"FALSE POSITIVE",34.14,55.6639167,434.0,0.8530,5587.00,1
8394721,"K00152.01","Kepler-79 d","CONFIRMED",7.14,52.09081627,592.0,1.3240,6198.00,1
11607193,"K00983.01",,"FALSE POSITIVE",7.41,7.1548608,1482.0,1.7390,7443.00,
1161345,"K00984.01","Kepler-1973 b","CONFIRMED",2.29,4.28746668,942.0,0.8150,5296.00,1
10227501,"K00985.01",,"FALSE POSITIVE",1.42,2.002779769,1311.0,0.8920,5346.00,1
2854698,"K00986.01","Kepler-260 b","CONFIRMED",1.92,8.18739443,782.0,0.8490,5251.00,1
2854698,"K00986.02","Kepler-260 c","CONFIRMED",1.75,76.0498163,372.0,0.8490,5251.00,2
8559644,"K00139.02","Kepler-111 b","CONFIRMED",1.67,3.341799486,1356.0,1.2350,5873.00,2
6032981,"K01054.01",,"FALSE POSITIVE",15.33,3.3226948,3859.0,16.9590,5234.00,
5866099,"K01055.01",,"FALSE POSITIVE",38.6,36.97708808,602.0,1.2390,5589.00,1
5964985,"K01056.01",,"FALSE POSITIVE",20.42,1.851409163,2154.0,1.4690,7117.00,
6066416,"K01057.01",,"FALSE POSITIVE",0.98,1.303859704,2393.0,1.5210,6802.00,1
1996679,"K00147.01",,"FALSE POSITIVE",40.15,145.5624926,387.0,1.0950,6148.00,1
2849805,"K01116.01","Kepler-773 b","CONFIRMED",1.68,3.749105745,1160.0,0.9830,5751.00,1
3114811,"K01117.01","Kepler-774 b","CONFIRMED",3.51,11.08956602,1422.0,2.8670,6353.00,1
2853446,"K01118.01",,"CANDIDATE",2.67,7.37290344,1004.0,1.0700,5973.00,1
3003992,"K01119.01",,"FALSE POSITIVE",0.65,7.24476126,837.0,0.8740,5370.00,1
3942446,"K01193.01",,"CANDIDATE",10.4,119.0624882,366.0,0.9200,5697.00,1
3554031,"K01194.01","Kepler-415 c","CONFIRMED",2.01,8.70798309,543.0,0.5540,4362.00,1
3554031,"K01194.02",,"CANDIDATE",1.57,14.8623076,454.0,0.5540,4362.00,3
3554031,"K01194.03","Kepler-415 b","CONFIRMED",1.23,4.17634276,694.0,0.5540,4362.00,2
8394721,"K00152.02","Kepler-79 c","CONFIRMED",3.63,27.40229859,734.0,1.3240,6198.00,3
7295235,"K00987.01","Kepler-743 b","CONFIRMED",1.21,3.179267286,1101.0,0.8570,5511.00,1
2302548,"K00988.01","Kepler-261 b","CONFIRMED",2.18,10.38122447,672.0,0.7800,5095.00,1
2302548,"K00988.02","Kepler-261 c","CONFIRMED",2.82,24.5709023,505.0,0.7800,5095.00,2
10743597,"K00989.01",,"FALSE POSITIVE",16.59,81.221876,385.0,0.8740,5619.00,
10743597,"K00989.02",,"FALSE POSITIVE",2.92,0.817026268,1784.0,0.8740,5619.00,1
9818381,"K00135.01","Kepler-43 b","CONFIRMED",12.14,3.024092505,1489.0,1.3580,6063.00,1
6124941,"K01058.01",,"FALSE POSITIVE",5.85,5.670155713,341.0,0.1830,3337.00,1
6060203,"K01059.01","Kepler-757 b","CONFIRMED",1.14,1.022678654,1734.0,1.0200,5366.00,1
5880320,"K01060.01","Kepler-758 b","CONFIRMED",2.98,12.10968709,1005.0,1.4580,6021.00,1
5880320,"K01060.02","Kepler-758 c","CONFIRMED",1.7,4.75796103,1372.0,1.4580,6021.00,2
5880320,"K01060.03","Kepler-758 d","CONFIRMED",2.96,20.4972755,843.0,1.4580,6021.00,3
3003992,"K01119.02",,"FALSE POSITIVE",0.62,13.55480534,679.0,0.8740,5370.00,2
6307537,"K01120.01",,"FALSE POSITIVE",20.06,29.74454668,455.0,0.7880,4889.00,1
6359798,"K01121.01",,"FALSE POSITIVE",53.25,14.15402428,777.0,1.0370,5850.00,1
6311681,"K01122.01",,"FALSE POSITIVE",35.27,0.844786082,1864.0,0.9150,5705.00,1
6365321,"K01123.01",,"FALSE POSITIVE",32.11,0.848483947,1908.0,0.9360,5941.00,1
6301035,"K01124.01",,"FALSE POSITIVE",37.47,11.99097576,880.0,1.0720,6110.00,1
3859079,"K01199.01","Kepler-786 b","CONFIRMED",2.28,53.5292702,348.0,0.7080,4736.00,1
3557493,"K01200.01",,"FALSE POSITIVE",24.17,0.393726813,2705.0,1.0310,6277.00,
4061149,"K01201.01","Kepler-1741 b","CONFIRMED",1.01,2.757584622,615.0,0.4240,3683.00,1
3444588,"K01202.01","Kepler-787 b","CONFIRMED",1.16,0.928310036,1115.0,0.6020,4109.00,1
8394721,"K00152.03","Kepler-79 b","CONFIRMED",3.39,13.48457668,929.0,1.3240,6198.00,2
3962243,"K01203.01","Kepler-276 c","CONFIRMED",3.7,31.8841473,563.0,0.9740,5779.00,1
10743597,"K00989.03",,"CANDIDATE",86.13,16.15811112,660.0,0.8740,5619.00,1
10015516,"K00990.01",,"FALSE POSITIVE",175.98,67.69213907,1173.0,10.7030,5355.00,
10154388,"K00991.01","Kepler-744 b","CONFIRMED",1.62,12.06222962,750.0,0.9330,5547.00,1
1432789,"K00992.01","Kepler-745 b","CONFIRMED",2.41,9.93146307,931.0,1.2200,5782.00,1
1718189,"K00993.01","Kepler-262 c","CONFIRMED",1.75,21.85362905,618.0,0.8760,5830.00,1
5880320,"K01060.04","Kepler-758 e","CONFIRMED",1.74,8.19345065,1144.0,1.4580,6021.00,4
5130369,"K00140.01",,"FALSE POSITIVE",6.85,19.97867,1351.0,1.8950,9651.00,1
6037187,"K01061.01","Kepler-759 b","CONFIRMED",2.02,41.8059544,533.0,0.9730,5907.00,1
6147122,"K01062.01",,"FALSE POSITIVE",2.02,15.45158184,1285.0,2.0690,7839.00,1
8257407,"K01063.01",,"FALSE POSITIVE",102.08,89.698168533,554.0,1.5830,6214.00,1
8218274,"K01064.01",,"FALSE POSITIVE",67.35,1.187352427,2251.0,1.4890,6424.00,1
3964562,"K00015.01",,"FALSE POSITIVE",65.25,3.012476582,2371.0,2.0310,8601.00,1
5735762,"K00148.01","Kepler-48 b","CONFIRMED",1.85,4.77800306,932.0,0.8730,5192.00,2
6292162,"K01125.01",,"FALSE POSITIVE",5.33,7.814839231,903.0,0.9310,5887.00,1
6307521,"K01126.01",,"FALSE POSITIVE",3.6,29.7452499,557.0,1.0040,5334.00,1
6359320,"K01127.01","Kepler-269 b","CONFIRMED",2.26,5.32667299,1007.0,0.9210,5831.00,1
3848972,"K01187.01",,"FALSE POSITIVE",26.67,0.741057213,1730.0,0.7760,5496.00,1
3860441,"K01188.01",,"FALSE POSITIVE",21.81,2.988085455,1101.0,0.8090,5497.00,1
3765771,"K01189.01",,"FALSE POSITIVE",67.17,2.783883492,1934.0,2.1470,6028.00,1
3557341,"K01190.01",,"FALSE POSITIVE",23.05,0.393727296,2216.0,0.8080,5628.00,1
3859628,"K01191.01","Kepler-1740 b","CONFIRMED",3.29,8.17242644,858.0,0.9050,5705.00,1
3644071,"K01192.01",,"CANDIDATE",57.82,1295.362215,169.0,1.0480,5609.00,
1718189,"K00993.02","Kepler-262 b","CONFIRMED",1.45,13.0607936,734.0,0.8760,5830.00,2
1431122,"K00994.01",,"CANDIDATE",2.12,4.2989201,1046.0,0.9860,5300.00,1
3858949,"K00995.01",,"FALSE POSITIVE",22.32,25.9518461,521.0,0.7960,5372.00,1
3858824,"K00996.01",,"FALSE POSITIVE",24.6,25.9518536,494.0,0.7420,5198.00,1
2157247,"K00997.01",,"FALSE POSITIVE",4.5,5.68628739,1059.0,0.9560,6052.00,
7601633,"K00136.01",,"FALSE POSITIVE",27.36,15.663886949,1060.0,2.2210,5996.00,1
8242681,"K01065.01",,"FALSE POSITIVE",16.94,4.020628573,1232.0,1.0330,6210.00,1
8260218,"K01066.01",,"CANDIDATE",9.29,5.714817603,943.0,0.8420,5695.00,1
8246781,"K01067.01",,"FALSE POSITIVE",49.82,185.02288222,379.0,1.3670,6025.00,1
8264070,"K01068.01",,"FALSE POSITIVE",14.35,2.897432135,2170.0,2.9940,5970.00,1
8222813,"K01069.01","Kepler-760 b","CONFIRMED",2.86,8.70420525,748.0,0.8630,5074.00,1
6359320,"K01127.02","Kepler-269 c","CONFIRMED",1.39,8.1280933,875.0,0.9210,5831.00,2
6359320,"K01127.03",,"CANDIDATE",1.19,2.83668931,1242.0,0.9210,5831.00,3
6362874,"K01128.01","Kepler-775 b","CONFIRMED",1.16,0.974868896,1612.0,0.8320,5487.00,1
6272413,"K01129.01","Kepler-776 b","CONFIRMED",1.48,4.89721006,904.0,0.8470,5093.00,1
8279765,"K01130.01",,"FALSE POSITIVE",20.05,2.757794163,1231.0,0.8910,5747.00,1
8330548,"K01132.01",,"FALSE POSITIVE",13.63,1.914158508,1646.0,1.1180,6289.00,1
3348082,"K01196.01",,"FALSE POSITIVE",3.32,3.98216698,1374.0,1.5480,5570.00,1
3853673,"K01197.01",,"FALSE POSITIVE",19.51,0.643794198,2011.0,0.8300,5958.00,1
3447722,"K01198.01","Kepler-275 c","CONFIRMED",3.42,16.08832318,875.0,1.3300,6157.00,1
3447722,"K01198.02","Kepler-275 b","CONFIRMED",2.2,10.30067919,1015.0,1.3300,6157.00,3
3447722,"K01198.03","Kepler-275 d","CONFIRMED",3.02,35.6757453,671.0,1.3300,6157.00,2
3447722,"K01198.04",,"CANDIDATE",,1.00861677,,,,
1432214,"K00998.01",,"FALSE POSITIVE",36.14,161.78832712,375.0,1.2120,6018.00,1
2165002,"K00999.01","Kepler-263 b","CONFIRMED",2.54,16.56806842,548.0,0.7160,4987.00,1
2165002,"K00999.02","Kepler-263 c","CONFIRMED",2.18,47.3329299,386.0,0.7160,4987.00,2
2441728,"K01000.01",,"FALSE POSITIVE",0.82,0.856895349,1881.0,0.8730,6021.00,1
1871056,"K01001.01","Kepler-264 b","CONFIRMED",3.71,40.8065333,772.0,2.0970,6207.00,1
8222813,"K01069.02","Kepler-760 c","CONFIRMED",1.56,2.46697039,1139.0,0.8630,5074.00,2
12105051,"K00141.01",,"CANDIDATE",5.11,2.624234833,1164.0,0.8990,5340.00,1
8240904,"K01070.01","Kepler-266 b","CONFIRMED",2.98,6.61836309,1066.0,1.2940,5529.00,1
8240904,"K01070.02","Kepler-266 c","CONFIRMED",4.75,107.7214092,421.0,1.2940,5529.00,2
8240904,"K01070.03",,"CANDIDATE",1.92,92.77779,410.0,1.0190,5888.00,
8374494,"K01133.01",,"FALSE POSITIVE",37.15,5.251916208,952.0,0.8720,5542.00,1
5735762,"K00148.02","Kepler-48 c","CONFIRMED",2.63,9.673958488,736.0,0.8730,5192.00,1
8414907,"K01134.01",,"FALSE POSITIVE",29.55,100.3039228,313.0,0.7720,5055.00,1
8414907,"K01134.02",,"FALSE POSITIVE",,200.61103346,,,,2
8397446,"K01135.01",,"FALSE POSITIVE",43.98,0.986620248,2308.0,1.3850,6243.00,1
8386035,"K01136.01",,"FALSE POSITIVE",,1.63484631,,,,1
3962243,"K01203.02","Kepler-276 b","CONFIRMED",2.73,14.12847677,739.0,0.9740,5779.00,2
3962243,"K01203.03","Kepler-276 d","CONFIRMED",4.14,48.6478543,489.0,0.9740,5779.00,3
3438507,"K01204.01","Kepler-788 b","CONFIRMED",2,8.39842977,984.0,1.0440,6309.00,1
3869014,"K01205.01","Kepler-789 b","CONFIRMED",5.99,8.63847391,1419.0,3.0460,5684.00,1
3756801,"K01206.01",,"CANDIDATE",5.89,422.917678,292.0,1.4440,5796.00,
1871056,"K01001.02","Kepler-264 c","CONFIRMED",3.42,140.10765,511.0,2.0970,6207.00,2
1865042,"K01002.01","Kepler-746 b","CONFIRMED",1.17,3.4815917,1156.0,1.0220,5405.00,1
2438502,"K01003.01",,"FALSE POSITIVE",40.35,8.360616221,1263.0,2.4450,5463.00,1
2309585,"K01004.01",,"FALSE POSITIVE",4.86,1.838514968,1426.0,0.9400,5751.00,1
5780460,"K01005.01","Kepler-747 b","CONFIRMED",5.17,35.61760233,456.0,0.7790,5123.00,1
8244190,"K01071.01",,"FALSE POSITIVE",1.29,1.09206833,1611.0,0.8590,5639.00,1
8229696,"K01072.01","Kepler-761 b","CONFIRMED",1.95,10.12805158,767.0,0.8200,5676.00,1
8262210,"K01073.01",,"FALSE POSITIVE",1.25,1.613001111,1680.0,1.2050,5580.00,1
10272640,"K01074.01","Kepler-762 b","CONFIRMED",12.05,3.770551475,1302.0,1.0750,6322.00,1
10232123,"K01075.01",,"FALSE POSITIVE",18.66,1.343767797,2654.0,2.3120,6324.00,1
10223616,"K01076.01",,"FALSE POSITIVE",15.25,29.12436474,356.0,0.4810,4457.00,2
8415745,"K01138.01",,"FALSE POSITIVE",35.8,31.82814583,564.0,0.9200,5908.00,1
8378634,"K01139.01",,"FALSE POSITIVE",3.28,3.629442796,1434.0,1.2170,6506.00,1
8397675,"K01140.01",,"FALSE POSITIVE",97.36,0.553261874,3689.0,3.1420,5679.00,1
8346392,"K01141.01","Kepler-777 b","CONFIRMED",1.38,5.72812616,569.0,0.5480,3968.00,1
8288947,"K01142.01","Kepler-778 b","CONFIRMED",1.58,3.75574267,977.0,0.7880,5311.00,1
8312852,"K01143.01",,"FALSE POSITIVE",2.74,7.44042933,883.0,0.8770,5815.00,1
9480189,"K00941.01","Kepler-257 c","CONFIRMED",4.56,6.581477136,881.0,0.9730,5188.00,1
11974540,"K00129.01","Kepler-470 b","CONFIRMED",77.76,24.669192732,1485.0,9.3270,5313.00,1
9480189,"K00941.02","Kepler-257 b","CONFIRMED",2.74,2.382652873,1237.0,0.9730,5188.00,3
9480189,"K00941.03","Kepler-257 d","CONFIRMED",5.34,24.66461416,567.0,0.9730,5188.00,2
9512687,"K00942.01","Kepler-735 b","CONFIRMED",2.9,11.51517167,657.0,0.7980,5177.00,1
8644288,"K00137.01","Kepler-18 c","CONFIRMED",4.91,7.641567589,899.0,1.0550,5356.00,2
5738346,"K01006.01",,"FALSE POSITIVE",19.68,30.6113932,317.0,0.5340,3900.00,1
1725016,"K01007.01","Kepler-748 b","CONFIRMED",2.01,7.40742502,938.0,0.9610,5922.00,1
1722276,"K01008.01",,"FALSE POSITIVE",38.98,569.934135,296.0,2.0570,5367.00,1
892772,"K01009.01",,"FALSE POSITIVE",1.17,5.09246539,844.0,0.7510,5037.00,1
1027438,"K01010.01",,"FALSE POSITIVE",,110.61576622,,,,
10268907,"K01077.01",,"FALSE POSITIVE",1.37,1.103971357,1471.0,0.7460,5409.00,1
5446285,"K00142.01","Kepler-88 b","CONFIRMED",3.93,10.916108342,758.0,0.9320,5575.00,
10166274,"K01078.01","Kepler-267 b","CONFIRMED",1.65,3.353732008,615.0,0.4600,3789.00,1
10166274,"K01078.02","Kepler-267 c","CONFIRMED",2.05,6.877446033,484.0,0.4600,3789.00,2
10166274,"K01078.03","Kepler-267 d","CONFIRMED",1.87,28.46464804,301.0,0.4600,3789.00,3
10153827,"K01079.01",,"FALSE POSITIVE",26.35,0.293630085,2503.0,0.8430,5665.00,
5735762,"K00148.03","Kepler-48 d","CONFIRMED",2,42.89645024,448.0,0.8730,5192.00,3
8302450,"K01144.01",,"FALSE POSITIVE",1.44,2.44199803,1282.0,0.7960,5970.00,1
8313667,"K01145.01",,"CANDIDATE",2.32,30.5872153,621.0,1.0820,5944.00,1
8351704,"K01146.01","Kepler-779 b","CONFIRMED",0.74,7.09712124,425.0,0.3890,3569.00,1
8299955,"K01147.01",,"FALSE POSITIVE",1.19,2.6827683,1551.0,1.2230,6180.00,1
9513865,"K00943.01","Kepler-736 b","CONFIRMED",2.31,3.601465336,996.0,0.8550,5052.00,1
9595686,"K00944.01",,"FALSE POSITIVE",4.43,3.108251172,1096.0,0.8470,5330.00,1
9605514,"K00945.01","Kepler-1666 b","CONFIRMED",2.4,25.8474958,672.0,1.0310,6297.00,2
9605514,"K00945.02","Kepler-1666 c","CONFIRMED",2.7,40.715561,578.0,1.0310,6297.00,1
9661877,"K00946.01",,"FALSE POSITIVE",4.42,20.42720701,674.0,0.9580,6014.00,1
5728283,"K01011.01",,"FALSE POSITIVE",19.81,6.198273591,985.0,0.8980,6038.00,1
8127639,"K01012.01",,"FALSE POSITIVE",3.78,1.023471798,1727.0,0.8930,5741.00,1
6047498,"K01013.01",,"FALSE POSITIVE",19.07,0.51872711,1965.0,0.7620,5572.00,1
8125580,"K01014.01","Kepler-749 b","CONFIRMED",2.04,17.31711739,454.0,0.5020,4719.00,1
8158127,"K01015.01","Kepler-750 b","CONFIRMED",4.39,9.42889884,1163.0,1.8600,5897.00,1
10158990,"K01080.01",,"FALSE POSITIVE",1.35,1.096583368,1474.0,0.7630,5222.00,1
10149023,"K01081.01",,"CANDIDATE",28.15,9.95639775,905.0,1.0530,6161.00,1
10141900,"K01082.01","Kepler-763 d","CONFIRMED",1.67,6.50327035,804.0,0.8430,4999.00,1
10141900,"K01082.02","Kepler-763 c","CONFIRMED",1.42,4.09667624,938.0,0.8430,4999.00,3
10141900,"K01082.03","Kepler-763 b","CONFIRMED",1.25,1.196548464,1414.0,0.8430,4999.00,2
8410727,"K01148.01","Kepler-270 b","CONFIRMED",2.07,11.47609015,984.0,1.4100,6071.00,1
8410727,"K01148.02","Kepler-270 c","CONFIRMED",1.71,25.2630467,756.0,1.4100,6071.00,2
8349405,"K01149.01",,"FALSE POSITIVE",,7.1688266,,,,
8278371,"K01150.01","Kepler-780 b","CONFIRMED",0.9,0.677374687,2099.0,1.0370,5718.00,1
8280511,"K01151.01","Kepler-271 b","CONFIRMED",1.22,10.43547031,759.0,0.8530,5528.00,1
8280511,"K01151.02","Kepler-271 c","CONFIRMED",0.94,7.41084314,850.0,0.8530,5528.00,2
9710326,"K00947.01","Kepler-737 b","CONFIRMED",1.83,28.59914031,298.0,0.4610,3755.00,1
9761882,"K00948.01","Kepler-738 b","CONFIRMED",2.37,24.58716355,530.0,0.7490,5474.00,1
5297298,"K00130.01",,"FALSE POSITIVE",21.95,34.193600311,778.0,1.7860,6129.00,1
9766437,"K00949.01","Kepler-739 b","CONFIRMED",3.24,12.53248222,775.0,0.9040,5997.00,1
9772531,"K00950.01",,"CANDIDATE",8.31,31.201692472,286.0,0.4490,3748.00,1
9775938,"K00951.01","Kepler-258 b","CONFIRMED",4.18,13.19720694,642.0,0.8850,4954.00,1
8644288,"K00137.02","Kepler-18 d","CONFIRMED",5.94,14.85890852,720.0,1.0550,5356.00,1
8158127,"K01015.02","Kepler-750 c","CONFIRMED",2.36,4.08897299,1537.0,1.8600,5897.00,2
8176653,"K01016.01",,"FALSE POSITIVE",2.93,2.866680334,1045.0,0.7640,5238.00,1
8174625,"K01017.01","Kepler-751 b","CONFIRMED",3.24,17.44486016,679.0,0.9660,5568.00,1
8183911,"K01018.01",,"FALSE POSITIVE",37.99,8.30697421,1246.0,2.1240,5300.00,1
8179973,"K01019.01",,"FALSE POSITIVE",,2.49705175,,,,
10157458,"K01083.01","Kepler-764 b","CONFIRMED",1.52,7.33685101,875.0,0.8480,5795.00,1
4649305,"K00143.01",,"FALSE POSITIVE",7.62,22.65117451,855.0,1.3330,6968.00,1
10148521,"K01084.01",,"FALSE POSITIVE",1.19,1.204274435,1564.0,0.8490,5668.00,1
10118816,"K01085.01","Kepler-1735 b","CONFIRMED",0.9,7.71790675,502.0,0.5090,3975.00,1
10122255,"K01086.01","Kepler-765 b","CONFIRMED",2.21,27.6652847,641.0,1.0170,6036.00,1
3124412,"K01087.01",,"FALSE POSITIVE",36.87,0.948950734,2103.0,1.1330,6307.00,1
3835670,"K00149.01","Kepler-473 b","CONFIRMED",4.32,14.55730897,879.0,1.4120,5774.00,1
10287248,"K01152.01",,"FALSE POSITIVE",14.45,4.722254104,557.0,0.4880,3801.00,1
10351767,"K01153.01",,"FALSE POSITIVE",57.77,0.635069939,2351.0,1.0580,6340.00,1
10295951,"K01154.01",,"CANDIDATE",26.06,6.810823723,1626.0,2.0790,7226.00,1
10342041,"K01155.01",,"FALSE POSITIVE",25.54,0.933746515,1508.0,0.7160,5252.00,1
10514770,"K01156.01",,"FALSE POSITIVE",5.65,1.872421727,1298.0,0.8250,5337.00,1
9775938,"K00951.02","Kepler-258 c","CONFIRMED",3.05,33.6528474,470.0,0.8850,4954.00,2
9787239,"K00952.01","Kepler-32 b","CONFIRMED",1.94,5.90127815,514.0,0.4980,3731.00,1
9787239,"K00952.02","Kepler-32 c","CONFIRMED",1.83,8.75209691,451.0,0.4980,3731.00,3
9787239,"K00952.03","Kepler-32 d","CONFIRMED",2.17,22.78078241,328.0,0.4980,3731.00,2
9787239,"K00952.04","Kepler-32 e","CONFIRMED",1.23,2.896005211,652.0,0.4980,3731.00,4
9787239,"K00952.05","Kepler-32 f","CONFIRMED",1.47,0.742957911,1026.0,0.4980,3731.00,5
2309719,"K01020.01",,"FALSE POSITIVE",38.81,54.35635067,566.0,1.2550,6161.00,1
2558363,"K01021.01",,"FALSE POSITIVE",18.93,0.54624855,1837.0,0.7140,5414.00,1
2716853,"K01022.01","Kepler-752 b","CONFIRMED",2.7,18.82744023,632.0,0.8600,5687.00,1
2445154,"K01023.01",,"FALSE POSITIVE",1.71,8.4120069,590.0,0.6210,4502.00,1
2715135,"K01024.01","Kepler-753 b","CONFIRMED",1.86,5.747711909,641.0,0.6320,4252.00,1
8644288,"K00137.03","Kepler-18 b","CONFIRMED",2.03,3.504691252,1165.0,1.0550,5356.00,3
3113266,"K01088.01",,"FALSE POSITIVE",26.93,0.995861402,1477.0,0.7060,5286.00,1
3247268,"K01089.01","Kepler-418 b","CONFIRMED",9.83,86.67856052,434.0,1.0810,5822.00,1
3247268,"K01089.02","Kepler-418 c","CONFIRMED",5.1,12.21828097,835.0,1.0810,5822.00,2
3232859,"K01090.01",,"FALSE POSITIVE",72.52,8.387210055,1211.0,1.7950,6089.00,1
3098184,"K01091.01",,"FALSE POSITIVE",9.84,15.2384539,829.0,1.0860,6384.00,1
2720309,"K01092.01",,"FALSE POSITIVE",31.52,0.413334492,2509.0,1.0160,5973.00,
10342065,"K01157.01",,"FALSE POSITIVE",149.71,0.93374614,3303.0,4.3190,5438.00,1
10352945,"K01158.01",,"FALSE POSITIVE",2.08,6.47179275,1075.0,1.0330,6341.00,1
10354039,"K01159.01","Kepler-1737 b","CONFIRMED",5.4,64.617518,383.0,0.8810,5043.00,1
10330115,"K01160.01","Kepler-781 b","CONFIRMED",2.77,13.21409607,629.0,0.7280,5333.00,1
10426656,"K01161.01","Kepler-272 c","CONFIRMED",1.94,6.05729966,947.0,1.0040,5334.00,1
9820483,"K00953.01","Kepler-740 b","CONFIRMED",4.66,3.584101048,1131.0,0.9220,5739.00,1
9941662,"K00013.01","Kepler-13 b","CONFIRMED",21.42,1.763587535,3559.0,3.0310,9107.00,1
7778437,"K00131.01","Kepler-471 b","CONFIRMED",10.63,5.014234733,1308.0,1.3070,6490.00,1
9823457,"K00954.01","Kepler-259 b","CONFIRMED",3.1,8.11528727,879.0,0.8870,5926.00,1
9823457,"K00954.02","Kepler-259 c","CONFIRMED",3.01,36.9250409,530.0,0.8870,5926.00,2
2574201,"K01025.01",,"FALSE POSITIVE",10.05,37.4783492,262.0,0.4400,3687.00,1
2166206,"K01028.01",,"FALSE POSITIVE",34,8.09695764,1197.0,1.7070,5949.00,1
2164169,"K01029.01","Kepler-1732 b","CONFIRMED",4.84,32.3122867,699.0,1.4940,5821.00,1
2574338,"K01030.01","Kepler-1733 b","CONFIRMED",2.79,9.22961384,1021.0,1.2520,6320.00,1
2584163,"K01031.01","Kepler-754 b","CONFIRMED",1.64,14.5598556,758.0,0.9660,5959.00,1
4180280,"K00144.01","Kepler-472 b","CONFIRMED",3.07,4.176254191,876.0,0.7760,4957.00,1
3239636,"K01093.01",,"FALSE POSITIVE",47.75,0.528755447,3271.0,1.9540,6151.00,1
2721030,"K01094.01","Kepler-766 b","CONFIRMED",2.59,6.10027621,990.0,0.9370,5957.00,1
3329204,"K01095.01",,"CANDIDATE",6.57,51.59809554,449.0,0.8590,5681.00,1
3230491,"K01096.01",,"CANDIDATE",9.8,1500,139.0,0.7600,5606.00,
3340070,"K01097.01",,"FALSE POSITIVE",2.36,10.9110487,786.0,0.8640,5903.00,
7626506,"K00150.01","Kepler-112 b","CONFIRMED",2.28,8.408878137,809.0,0.8120,5551.00,1
10426656,"K01161.02","Kepler-272 d","CONFIRMED",2.41,10.93725572,777.0,1.0040,5334.00,2
10426656,"K01161.03","Kepler-272 b","CONFIRMED",1.52,2.97136658,1200.0,1.0040,5334.00,3
10528068,"K01162.01","Kepler-782 b","CONFIRMED",3.08,158.6850022,350.0,1.0340,5751.00,1
10468940,"K01163.01","Kepler-273 b","CONFIRMED",1.92,2.936527336,1209.0,1.0020,5359.00,1
9825625,"K00955.01","Kepler-741 b","CONFIRMED",2.45,7.03902016,1051.0,1.0580,6321.00,1
9875711,"K00956.01","Kepler-742 b","CONFIRMED",3.67,8.360870704,690.0,0.8100,4743.00,1
7661409,"K00957.01",,"FALSE POSITIVE",31.01,3.14051153,1306.0,0.9740,6108.00,1
1026957,"K00958.01","Kepler-1731 b","CONFIRMED",2.53,21.76129812,486.0,0.7200,4859.00,1
10002261,"K00959.01",,"FALSE POSITIVE",2.31,12.713794177,181.0,0.1160,2661.00,1
8176650,"K00960.01",,"FALSE POSITIVE",15.61,15.801100028,614.0,0.7890,5383.00,1
2162635,"K01032.01",,"CANDIDATE",18.35,1500.1406772,206.0,2.2830,5009.00,
5899544,"K01034.01",,"FALSE POSITIVE",268.65,1.739428983,1268.0,0.7420,5415.00,1
5963222,"K01035.01",,"FALSE POSITIVE",14.49,1.217266418,2378.0,1.6380,6631.00,1
5982353,"K01036.01",,"FALSE POSITIVE",23.76,19.563092517,965.0,1.8310,6208.00,1
6205468,"K01037.01",,"FALSE POSITIVE",5.67,3.7228551,1118.0,0.8630,5873.00,1
8506766,"K00138.01",,"FALSE POSITIVE",24.19,48.93786896,764.0,1.7610,7066.00,1
3240706,"K01098.01",,"FALSE POSITIVE",23.6,5.48990788,1039.0,0.9600,5982.00,1
2853093,"K01099.01","Kepler-767 b","CONFIRMED",8.19,161.5278347,366.0,1.2130,5778.00,1
3228824,"K01100.01",,"FALSE POSITIVE",1.45,0.73093905,1488.0,0.7110,4768.00,1
3245969,"K01101.01","Kepler-768 b","CONFIRMED",1.67,11.39102358,618.0,0.7280,4983.00,1
3231341,"K01102.01","Kepler-24 c","CONFIRMED",4.12,12.33343853,915.0,1.2400,5896.00,1
10468940,"K01163.02","Kepler-273 c","CONFIRMED",2,8.01500821,865.0,1.0020,5359.00,2
10341831,"K01164.01",,"FALSE POSITIVE",12.93,0.933749941,919.0,0.4800,3682.00,1
10337517,"K01165.01","Kepler-783 c","CONFIRMED",2.36,7.053934488,840.0,0.8630,5357.00,1
10337517,"K01165.02","Kepler-783 b","CONFIRMED",0.68,4.29263699,991.0,0.8630,5357.00,2
10351231,"K01166.01","Kepler-1738 b","CONFIRMED",2.8,7.6746614,957.0,1.0010,6063.00,1
10485179,"K01167.01",,"FALSE POSITIVE",1.21,0.445275074,1950.0,0.7250,5346.00,1
8561063,"K00961.01","Kepler-42 b","CONFIRMED",0.78,1.213770423,525.0,0.1480,3292.00,1
8561063,"K00961.02","Kepler-42 c","CONFIRMED",0.76,0.453287416,729.0,0.1480,3292.00,3
8892910,"K00132.01",,"FALSE POSITIVE",13.95,10.810132734,985.0,1.2840,6211.00,1
8561063,"K00961.03","Kepler-42 d","CONFIRMED",0.66,1.865114193,455.0,0.1480,3292.00,2
10657664,"K00964.01",,"FALSE POSITIVE",22.36,3.273699006,3060.0,2.4930,10816.00,1
3337351,"K00965.01",,"FALSE POSITIVE",51.86,7.047103499,955.0,1.0350,5730.00,1
6153201,"K01038.01",,"FALSE POSITIVE",35.73,0.530300102,2410.0,1.0380,6184.00,
5802486,"K01039.01",,"FALSE POSITIVE",33.01,1.073917869,1794.0,0.9590,5962.00,1
5817553,"K01040.01",,"FALSE POSITIVE",32.66,4.206096814,1252.0,1.0760,6306.00,1
5982368,"K01041.01",,"FALSE POSITIVE",9.73,19.56313723,706.0,1.0770,5766.00,1
5816811,"K01042.01",,"FALSE POSITIVE",8.88,2.227718792,1400.0,0.9220,6038.00,1
5816165,"K01043.01",,"FALSE POSITIVE",27.21,0.591914504,1646.0,0.6550,5122.00,1
7102227,"K01360.01","Kepler-290 c","CONFIRMED",2.83,36.7704935,437.0,0.7550,5142.00,1
7102227,"K01360.02","Kepler-290 b","CONFIRMED",2.32,14.58932429,594.0,0.7550,5142.00,2
7102227,"K01360.03","Kepler-290 d","CONFIRMED",0.86,0.764017553,1589.0,0.7550,5142.00,3
6960913,"K01361.01","Kepler-61 b","CONFIRMED",2.19,59.8780258,273.0,0.5990,4016.00,1
6837146,"K01362.01",,"CANDIDATE",2.58,20.51360192,540.0,0.7040,5310.00,1
11122894,"K01426.02","Kepler-297 c","CONFIRMED",6.39,74.92768653,409.0,0.8970,5618.00,1
11122894,"K01426.03","Kepler-297 d","CONFIRMED",32.6,150.0189511,325.0,0.8970,5618.00,2
11129738,"K01427.01","Kepler-844 b","CONFIRMED",1.5,2.613020421,713.0,0.5170,3883.00,1
11401182,"K01428.01","Kepler-845 b","CONFIRMED",1.79,0.927859786,1361.0,0.6990,4815.00,1
11030711,"K01429.01","Kepler-1750 b","CONFIRMED",4.68,205.912735,298.0,0.9690,5644.00,1
11512246,"K00168.03","Kepler-23 b","CONFIRMED",1.72,7.10695741,1157.0,1.5180,5761.00,3
6607286,"K01239.01",,"CANDIDATE",1.98,0.783276173,2149.0,1.2330,5640.00,1
6607286,"K01239.02",,"CANDIDATE",2.09,3.17405898,1348.0,1.2330,5640.00,2
6690082,"K01240.01","Kepler-280 b","CONFIRMED",1.76,2.1395563,1425.0,1.0800,5534.00,1
6690082,"K01240.02","Kepler-280 c","CONFIRMED",2.96,4.807103254,1088.0,1.0800,5534.00,2
6448890,"K01241.01","Kepler-56 c","CONFIRMED",11.64,21.4054422,1087.0,4.3610,4838.00,1
6448890,"K01241.02","Kepler-56 b","CONFIRMED",5.68,10.5007712,1378.0,4.3610,4838.00,2
10730034,"K01305.01","Kepler-285 b","CONFIRMED",1.38,2.633852528,1131.0,0.8780,5114.00,1
10730034,"K01305.02","Kepler-285 c","CONFIRMED",1.21,6.18670882,851.0,0.8780,5114.00,2
10858691,"K01306.01","Kepler-286 b","CONFIRMED",1.2,1.796320953,1367.0,0.8290,5576.00,1
10858691,"K01306.02","Kepler-286 c","CONFIRMED",1.29,3.468073,1098.0,0.8290,5576.00,2
10858691,"K01306.03","Kepler-286 d","CONFIRMED",1.31,5.9142668,919.0,0.8290,5576.00,3
8107380,"K00162.01","Kepler-476 b","CONFIRMED",3.11,14.00640392,807.0,1.1240,5788.00,1
6936909,"K01363.01","Kepler-291 b","CONFIRMED",2.18,3.546531809,1212.0,0.9860,5993.00,1
6936909,"K01363.02","Kepler-291 c","CONFIRMED",2.03,5.70070626,1035.0,0.9860,5993.00,2
6962977,"K01364.01","Kepler-292 f","CONFIRMED",2.26,20.8341497,563.0,0.8080,5296.00,3
6962977,"K01364.02","Kepler-292 d","CONFIRMED",2.13,7.0556584,808.0,0.8080,5296.00,1
11176127,"K01430.01","Kepler-298 b","CONFIRMED",2.11,10.47548084,540.0,0.6110,4463.00,1
11176127,"K01430.02","Kepler-298 c","CONFIRMED",2.08,22.92886314,416.0,0.6110,4463.00,3
11176127,"K01430.03","Kepler-298 d","CONFIRMED",2.63,77.4740991,277.0,0.6110,4463.00,2
11075279,"K01431.01",,"CANDIDATE",7.79,345.1589354,241.0,0.9310,5597.00,1
11014932,"K01432.01","Kepler-299 c","CONFIRMED",2.68,6.88595222,946.0,0.9990,5616.00,1
6607447,"K01242.01",,"CANDIDATE",8.48,99.6442783,415.0,1.0160,6102.00,1
6677256,"K01243.01",,"FALSE POSITIVE",1.88,3.125814002,1460.0,1.1810,6358.00,1
8030148,"K00155.01","Kepler-474 b","CONFIRMED",3.24,5.660669429,1115.0,1.1730,5746.00,1
6692833,"K01244.01",,"FALSE POSITIVE",1.71,10.80487163,857.0,0.9980,6092.00,1
6693640,"K01245.01","Kepler-798 b","CONFIRMED",1.98,13.71938426,864.0,1.1050,6387.00,1
10858691,"K01306.04","Kepler-286 e","CONFIRMED",1.81,29.2214959,539.0,0.8290,5576.00,4
10973814,"K01307.01","Kepler-287 c","CONFIRMED",3.35,44.8520997,513.0,1.0710,5514.00,1
10973814,"K01307.02","Kepler-287 b","CONFIRMED",2.88,20.34237838,667.0,1.0710,5514.00,2
6541920,"K00157.05","Kepler-11 g","CONFIRMED",3.4,118.3786735,376.0,1.0460,5657.00,4
10586208,"K01308.01","Kepler-811 b","CONFIRMED",3,23.58444746,730.0,1.3540,5655.00,1
6962977,"K01364.03","Kepler-292 e","CONFIRMED",2.11,11.97884409,678.0,0.8080,5296.00,2
6962977,"K01364.04","Kepler-292 c","CONFIRMED",1.46,3.71545593,1001.0,0.8080,5296.00,4
6962977,"K01364.05","Kepler-292 b","CONFIRMED",1.31,2.58083264,1130.0,0.8080,5296.00,5
7174351,"K01365.01",,"FALSE POSITIVE",1.6,1.487084251,1462.0,0.8760,5650.00,1
6932987,"K01366.01","Kepler-293 b","CONFIRMED",3.04,19.25404023,657.0,0.9410,5798.00,1
11014932,"K01432.02","Kepler-299 d","CONFIRMED",1.6,15.0549356,729.0,0.9990,5616.00,2
11014932,"K01432.03","Kepler-299 b","CONFIRMED",1.29,2.92721119,1258.0,0.9990,5616.00,3
11014932,"K01432.04","Kepler-299 e","CONFIRMED",1.77,38.2856338,534.0,0.9990,5616.00,4
11288505,"K01433.01","Kepler-846 b","CONFIRMED",2.08,19.80787763,624.0,0.8400,5775.00,1
11493431,"K01434.01","Kepler-847 b","CONFIRMED",1.18,2.343230566,1054.0,0.7820,4798.00,1
6441738,"K01246.01",,"CANDIDATE",5.74,19.03723442,1051.0,2.8920,5248.00,1
8801343,"K01247.01",,"FALSE POSITIVE",34.83,2.73987398,2113.0,2.2600,6520.00,1
8488878,"K01248.01",,"FALSE POSITIVE",19.91,5.801880653,964.0,0.8740,5845.00,1
8560285,"K01249.01",,"FALSE POSITIVE",1177.65,85.34092607,409.0,0.8980,6004.00,1
8620565,"K01250.01",,"FALSE POSITIVE",45.05,0.782045734,2070.0,0.9950,6113.00,1
8616873,"K01251.01",,"CANDIDATE",23.23,0.576078683,1982.0,0.8160,5693.00,1
10854768,"K01309.01","Kepler-812 b","CONFIRMED",3.07,10.1171684,1163.0,1.7920,6306.00,1
10964440,"K01310.01","Kepler-813 b","CONFIRMED",4.23,19.12947603,817.0,1.7100,5372.00,1
10713616,"K01311.01","Kepler-1667 b","CONFIRMED",6.63,83.5781976,655.0,2.5620,6056.00,1
10963242,"K01312.01","Kepler-814 b","CONFIRMED",2.04,6.1469956,1164.0,1.2960,6110.00,1
10785538,"K01313.01",,"FALSE POSITIVE",1.52,0.522457732,2308.0,0.9540,5991.00,1
6932987,"K01366.02","Kepler-293 c","CONFIRMED",3.88,54.1558384,466.0,0.9410,5798.00,2
8191672,"K00018.01","Kepler-5 b","CONFIRMED",14.92,3.548465446,1640.0,1.7460,6290.00,1
6851425,"K00163.01","Kepler-477 b","CONFIRMED",2.08,11.1199028,649.0,0.7660,5078.00,1
6934291,"K01367.01","Kepler-828 b","CONFIRMED",1.55,0.567856484,1848.0,0.8530,5073.00,1
7357531,"K01368.01",,"FALSE POSITIVE",44.2,251.0597249,301.0,1.0860,5714.00,1
6185711,"K00169.01",,"FALSE POSITIVE",16.15,11.70219638,719.0,0.7620,5758.00,1
11037335,"K01435.01","Kepler-300 c","CONFIRMED",2.2,40.7150498,516.0,0.8810,5968.00,1
11037335,"K01435.02","Kepler-300 b","CONFIRMED",2.18,10.44635944,812.0,0.8810,5968.00,2
11389771,"K01436.01","Kepler-301 b","CONFIRMED",1.28,2.508553286,1278.0,0.8810,5814.00,1
11389771,"K01436.02","Kepler-301 d","CONFIRMED",1.66,13.75129636,725.0,0.8810,5814.00,2
8737796,"K01252.01",,"FALSE POSITIVE",269.98,0.885747456,4958.0,10.3960,5487.00,1
8462258,"K01253.01",,"FALSE POSITIVE",28.07,3.611541977,1005.0,0.8020,5203.00,1
10925104,"K00156.01","Kepler-114 c","CONFIRMED",1.29,8.041347775,507.0,0.5400,3980.00,2
8454250,"K01254.01",,"FALSE POSITIVE",4.4,5.082722475,1059.0,1.0000,5780.00,1
8494263,"K01255.01",,"CANDIDATE",11.9,78.9257421,398.0,0.8820,5750.00,1
8848271,"K01256.01",,"FALSE POSITIVE",38.93,9.991625291,907.0,1.0960,5874.00,1
10585852,"K01314.01","Kepler-815 b","CONFIRMED",4.26,8.57504983,1374.0,3.4640,4986.00,1
10928043,"K01315.01",,"CANDIDATE",1.9,6.84639884,1132.0,1.3100,6065.00,1
10794087,"K01316.01","Kepler-1743 b","CONFIRMED",1.43,7.64970832,1144.0,1.6130,5855.00,1
10794087,"K01316.02",,"CANDIDATE",,12.37679312,,,,
6541920,"K00157.06","Kepler-11 b","CONFIRMED",1.84,10.30401132,849.0,1.0460,5657.00,6
4275739,"K01317.01",,"FALSE POSITIVE",58.56,2.171827838,1311.0,0.8910,5650.00,1
7287415,"K01369.01","Kepler-1745 b","CONFIRMED",2.25,3.016182013,1449.0,1.4000,5611.00,1
6924203,"K01370.01","Kepler-829 b","CONFIRMED",1.69,6.8833761,857.0,0.7940,5679.00,1
6878167,"K01371.01",,"FALSE POSITIVE",1.45,0.833980196,1816.0,0.8710,5747.00,1
6880531,"K01372.01",,"FALSE POSITIVE",,69.62754202,,,,
6863839,"K01373.01",,"FALSE POSITIVE",1.33,1.926353494,1484.0,0.8990,6063.00,1
7296086,"K01374.01",,"FALSE POSITIVE",20.57,0.890737359,2022.0,1.1690,5687.00,1
11389771,"K01436.03","Kepler-301 c","CONFIRMED",1.38,5.41908491,989.0,0.8810,5814.00,3
11599038,"K01437.01","Kepler-1751 b","CONFIRMED",1.61,7.01733571,984.0,0.9670,6052.00,1
11193263,"K01438.01","Kepler-848 b","CONFIRMED",1.9,6.91134223,1086.0,1.3500,5685.00,1
11027624,"K01439.01","Kepler-849 b","CONFIRMED",7.79,394.6249514,325.0,1.7270,5910.00,1
11032227,"K01440.01","Kepler-850 b","CONFIRMED",1.59,7.19304935,995.0,0.9910,6185.00,1
8751933,"K01257.01","Kepler-420 b","CONFIRMED",9.4,86.64764448,419.0,1.1200,5522.00,1
8630788,"K01258.01","Kepler-281 c","CONFIRMED",5.3,36.33750453,513.0,0.8840,5717.00,1
8630788,"K01258.02","Kepler-281 b","CONFIRMED",2.22,14.64613058,694.0,0.8840,5717.00,2
8630788,"K01258.03","Kepler-281 d","CONFIRMED",4.3,148.272013,321.0,0.8840,5717.00,3
8823426,"K01259.01",,"FALSE POSITIVE",13.4,1.506507172,801.0,0.4730,3755.00,1
4070376,"K01318.01",,"FALSE POSITIVE",44.22,1.634614356,1611.0,0.9700,6121.00,1
4078157,"K01319.01",,"FALSE POSITIVE",1069.01,16.025018977,657.0,0.7890,5776.00,1
4164994,"K01320.01","Kepler-816 b","CONFIRMED",9.01,10.50682978,668.0,0.7820,5127.00,1
4480676,"K01321.01",,"FALSE POSITIVE",33.34,0.711966971,1855.0,0.8300,5486.00,1
4079535,"K01322.01",,"FALSE POSITIVE",14.77,17.72724392,741.0,1.0060,6181.00,1
6766634,"K01375.01","Kepler-1746 b","CONFIRMED",7.25,321.2124365,310.0,1.2860,6018.00,1
6774826,"K01376.01",,"FALSE POSITIVE",49.96,7.13895376,1622.0,2.1450,7131.00,1
5652237,"K00164.01",,"FALSE POSITIVE",3.07,4.4645454,1601.0,1.9850,6093.00,1
7211469,"K01377.01","Kepler-830 b","CONFIRMED",1.74,11.29689442,907.0,1.1760,6096.00,1
7375795,"K01378.01",,"FALSE POSITIVE",1.66,19.30112039,669.0,0.9430,5687.00,1
7255336,"K00019.01",,"FALSE POSITIVE",49.25,1.20320092,2124.0,1.3490,6218.00,1
7831264,"K00171.01","Kepler-116 b","CONFIRMED",3.26,5.968724048,1251.0,1.4390,6122.00,1
7802136,"K01449.01",,"FALSE POSITIVE",21.94,10.980246199,821.0,0.8970,5952.00,1
7532973,"K01450.01","Kepler-854 b","CONFIRMED",59.19,2.144632238,1736.0,1.3050,6296.00,1
9632895,"K01451.01",,"FALSE POSITIVE",21.58,27.32204488,531.0,0.7720,5620.00,1
7449844,"K01452.01",,"FALSE POSITIVE",187.73,1.152216965,5283.0,15.1130,5560.00,1
8766222,"K01260.01",,"FALSE POSITIVE",47.7,5.2972293,2867.0,14.2960,4631.00,1
8678594,"K01261.01","Kepler-799 b","CONFIRMED",11.21,133.460999,433.0,1.5930,5588.00,1
10925104,"K00156.02","Kepler-114 b","CONFIRMED",1,5.188563677,586.0,0.5400,3980.00,3
8678594,"K01261.02","Kepler-799 c","CONFIRMED",3.69,15.19423359,893.0,1.5930,5588.00,2
8703884,"K01262.01",,"FALSE POSITIVE",4.19,14.17098745,608.0,0.7770,5107.00,1
8560840,"K01263.01",,"FALSE POSITIVE",24.1,31.9734169,442.0,0.7740,4931.00,1
4076098,"K01323.01","Kepler-817 b","CONFIRMED",7.45,3.990105908,1124.0,0.9130,5926.00,1
4551328,"K01324.01",,"FALSE POSITIVE",27.16,0.52205862,2022.0,0.8780,5359.00,1
4282872,"K01325.01","Kepler-818 b","CONFIRMED",4.42,10.035381809,786.0,0.8330,5813.00,1
4639868,"K01326.01",,"FALSE POSITIVE",24.02,53.100942624,464.0,0.9730,5465.00,1
10555375,"K00158.01",,"FALSE POSITIVE",4.52,5.80181368,1491.0,2.0970,6020.00,1
4372768,"K01327.01",,"FALSE POSITIVE",18.11,15.6402515,640.0,0.8260,5346.00,1
7375795,"K01378.02",,"FALSE POSITIVE",0.58,0.691666384,2031.0,0.9430,5687.00,2
7211221,"K01379.01","Kepler-831 b","CONFIRMED",1.37,5.62154315,992.0,0.9600,5637.00,1
7025526,"K01380.01",,"FALSE POSITIVE",0.52,1.074106954,1255.0,0.6760,4699.00,1
9451127,"K01381.01",,"FALSE POSITIVE",28.41,5.117401517,1130.0,1.0530,6161.00,1
9446824,"K01382.01",,"FALSE POSITIVE",23.53,4.20233673,1246.0,1.0940,6185.00,1
11356260,"K01441.01","Kepler-851 b","CONFIRMED",1.9,8.50698069,900.0,0.9860,5822.00,1
11044770,"K00170.01",,"FALSE POSITIVE",6.17,15.60865244,1419.0,2.4300,8014.00,1
11600889,"K01442.01","Kepler-407 b","CONFIRMED",1.13,0.669310092,1983.0,1.0030,5475.00,1
11197126,"K01443.01",,"FALSE POSITIVE",62.11,4.494498254,1667.0,3.4030,5117.00,1
11043167,"K01444.01","Kepler-852 b","CONFIRMED",2.49,44.9306706,565.0,1.1640,6121.00,1
8612847,"K01264.01","Kepler-800 b","CONFIRMED",3.02,14.13175309,675.0,0.8220,5616.00,1
8552583,"K01265.01",,"FALSE POSITIVE",25.72,1.061934816,1660.0,0.8700,5730.00,1
8547140,"K01266.01","Kepler-801 b","CONFIRMED",1.48,11.41926141,419.0,0.4920,3823.00,1
8519253,"K01267.01",,"FALSE POSITIVE",61.63,5.93821065,996.0,0.8500,6123.00,1
8813698,"K01268.01",,"CANDIDATE",13.57,268.9410974,321.0,1.3060,5798.00,1
8757910,"K01269.01",,"FALSE POSITIVE",31.77,0.655001616,3162.0,2.0890,6426.00,1
4074736,"K01328.01",,"CANDIDATE",5.04,80.9669561,364.0,0.7370,5611.00,1
4072526,"K01329.01","Kepler-819 b","CONFIRMED",2.85,33.1996355,485.0,0.8800,5102.00,1
4150539,"K01330.01",,"FALSE POSITIVE",19.78,8.65306587,633.0,0.6940,4641.00,1
4274548,"K01331.01",,"CANDIDATE",1.88,6.80082032,697.0,0.6880,4805.00,1
4455231,"K01332.01","Kepler-288 c","CONFIRMED",4,19.30581662,815.0,1.5220,5661.00,1
8953257,"K01383.01",,"FALSE POSITIVE",25.03,3.221785738,1357.0,1.0410,6250.00,1
8971432,"K01384.01",,"FALSE POSITIVE",29.45,0.6243875,1639.0,0.6180,5211.00,2
9278553,"K01385.01",,"FALSE POSITIVE",55.23,18.610092584,686.0,0.8910,6077.00,1
9527915,"K00165.01","Kepler-478 b","CONFIRMED",2.38,13.22175358,640.0,0.7990,5211.00,1
9143254,"K01386.01",,"FALSE POSITIVE",42.74,1.137525054,1746.0,0.9370,5912.00,1
8949247,"K01387.01",,"FALSE POSITIVE",51.74,23.799939273,637.0,0.9570,5934.00,1
11336883,"K01445.01","Kepler-853 b","CONFIRMED",1.61,7.16893064,1187.0,1.4580,6221.00,1
11336883,"K01445.02",,"CANDIDATE",0.76,54.325574,545.0,1.1370,6343.00,
11336883,"K01445.03",,"CANDIDATE",,20.01959599,,,,
12506351,"K01446.01",,"FALSE POSITIVE",48.79,1.22775877,1859.0,1.0440,6207.00,1
7622486,"K01447.01",,"FALSE POSITIVE",97.54,40.24649897,768.0,1.6910,6594.00,1
7622486,"K01447.02",,"FALSE POSITIVE",20.74,2.27999662,2000.0,1.6910,6594.00,2
9705459,"K01448.01",,"FALSE POSITIVE",24.39,2.48658617,1461.0,1.1980,5892.00,1
8564587,"K01270.01","Kepler-57 b","CONFIRMED",2.41,5.729317577,850.0,0.7860,5320.00,1
10925104,"K00156.03","Kepler-114 d","CONFIRMED",2.08,11.776132317,446.0,0.5400,3980.00,1
8564587,"K01270.02","Kepler-57 c","CONFIRMED",1.71,11.60908533,671.0,0.7860,5320.00,2
8631160,"K01271.01",,"CANDIDATE",11.52,162.0479502,437.0,1.5670,6309.00,1
8552498,"K01272.01",,"FALSE POSITIVE",23.72,0.530967162,2704.0,1.1930,6449.00,1
8806072,"K01273.01","Kepler-802 b","CONFIRMED",3.43,40.05881661,489.0,0.8680,5668.00,1
4455231,"K01332.02","Kepler-288 b","CONFIRMED",2.22,6.09747233,1197.0,1.5220,5661.00,3
4455231,"K01332.03","Kepler-288 d","CONFIRMED",3.68,56.637918,570.0,1.5220,5661.00,2
4285107,"K01333.01",,"FALSE POSITIVE",1.37,2.243016513,1167.0,0.7320,5462.00,1
4150624,"K01334.01",,"FALSE POSITIVE",22.58,8.6531216,772.0,0.8520,5421.00,1
8972058,"K00159.01","Kepler-115 c","CONFIRMED",2.78,8.99088621,960.0,1.1710,5881.00,1
9346253,"K01388.01",,"FALSE POSITIVE",15.57,34.064566412,570.0,0.8920,6161.00,1
9002237,"K01389.01",,"FALSE POSITIVE",24.77,4.350087749,1136.0,0.9530,6060.00,1
9288786,"K01390.01",,"FALSE POSITIVE",7.21,1.744101106,1016.0,0.7030,4368.00,1
8958035,"K01391.01",,"FALSE POSITIVE",18.75,7.981187121,966.0,0.9890,6217.00,1
9040849,"K01392.01",,"FALSE POSITIVE",4.48,4.118775582,1067.0,0.8020,5944.00,1
9202151,"K01393.01",,"CANDIDATE",2.12,1.694740233,797.0,0.5270,3764.00,1
7842610,"K01453.01",,"FALSE POSITIVE",50.75,0.971933156,1754.0,0.9310,5592.00,1
7830637,"K01454.01",,"FALSE POSITIVE",379.63,121.5991278,358.0,0.8470,6036.00,1
4760746,"K01455.01",,"CANDIDATE",16.43,15.068060768,742.0,0.9600,5982.00,1
7832356,"K01456.01","Kepler-855 b","CONFIRMED",8.99,7.886632468,996.0,1.1350,5847.00,1
9643874,"K01457.01","Kepler-856 b","CONFIRMED",8.43,8.027681123,824.0,0.8870,5569.00,1
8800954,"K01274.01","Kepler-421 b","CONFIRMED",4.53,704.962626,178.0,0.8180,5305.00,
8583696,"K01275.01","Kepler-803 b","CONFIRMED",3.88,50.28635977,543.0,1.1670,5900.00,1
8804283,"K01276.01","Kepler-1991 c","CONFIRMED",2.57,22.79020351,634.0,1.0530,5478.00,1
8804283,"K01276.02","Kepler-1991 b","CONFIRMED",1.47,13.26079792,760.0,1.0530,5478.00,2
8552565,"K01277.01",,"FALSE POSITIVE",2.29,1.061932545,2508.0,1.8510,6134.00,1
4155328,"K01335.01","Kepler-820 b","CONFIRMED",9.46,127.8334997,554.0,2.1700,6505.00,1
4077526,"K01336.01","Kepler-58 b","CONFIRMED",2.33,10.21864532,920.0,1.0830,6100.00,1
4077526,"K01336.02","Kepler-58 c","CONFIRMED",2.94,15.573637,799.0,1.0830,6100.00,2
4077526,"K01336.03","Kepler-58 d","CONFIRMED",2.92,40.1015561,583.0,1.0830,6100.00,3
4077526,"K01336.04","Kepler-58 e","CONFIRMED",1.61,4.45814897,1212.0,1.0830,6100.00,4
8937021,"K01394.01",,"FALSE POSITIVE",2.47,5.663621501,774.0,0.7230,4917.00,1
8935810,"K01395.01","Kepler-1747 b","CONFIRMED",3.7,6.230335,875.0,0.8650,5477.00,1
2441495,"K00166.01","Kepler-479 b","CONFIRMED",2.2,12.49340725,649.0,0.7950,5207.00,1
9455556,"K01396.01","Kepler-294 c","CONFIRMED",2.54,6.62643441,895.0,0.9030,5616.00,1
9455556,"K01396.02","Kepler-294 b","CONFIRMED",1.62,3.70122061,1087.0,0.9030,5616.00,2
9427402,"K01397.01",,"CANDIDATE",1.89,6.247030799,512.0,0.4870,3821.00,1
3732821,"K01207.01","Kepler-790 b","CONFIRMED",2.71,13.73474071,634.0,0.7720,5196.00,1
3962440,"K01208.01",,"CANDIDATE",6.43,700.00298217,238.0,1.1180,6487.00,
3534076,"K01209.01",,"CANDIDATE",5.95,272.0868353,251.0,0.7910,5587.00,
3962357,"K01210.01","Kepler-791 b","CONFIRMED",3.45,14.55387488,939.0,1.5070,6143.00,1
9110357,"K00016.01",,"FALSE POSITIVE",9.27,0.895277575,4253.0,3.3250,8040.00,1
8394721,"K00152.04","Kepler-79 e","CONFIRMED",3.01,81.0637895,511.0,1.3240,6198.00,4
8609450,"K01278.01","Kepler-282 d","CONFIRMED",2.16,24.8056775,588.0,0.8720,5600.00,2
6541920,"K00157.01","Kepler-11 c","CONFIRMED",2.88,13.02493307,786.0,1.0460,5657.00,2
8609450,"K01278.02","Kepler-282 e","CONFIRMED",2.45,44.3471936,484.0,0.8720,5600.00,1
8609450,"K01278.03","Kepler-282 b","CONFIRMED",1.02,9.2207691,817.0,0.8720,5600.00,4
8609450,"K01278.04","Kepler-282 c","CONFIRMED",1.1,13.6396648,717.0,0.8720,5600.00,3
4243911,"K01337.01","Kepler-821 b","CONFIRMED",1.28,1.922799706,1215.0,0.8150,5194.00,1
4466677,"K01338.01","Kepler-822 b","CONFIRMED",1.47,3.222975318,1239.0,0.9600,5823.00,1
4466677,"K01338.02",,"CANDIDATE",1.66,42.0370662,527.0,0.9600,5823.00,2
4466677,"K01338.03",,"CANDIDATE",1.4,21.0112068,663.0,0.9600,5823.00,3
4135665,"K01339.01","Kepler-823 b","CONFIRMED",2.28,4.16811839,1277.0,1.3130,5689.00,1
9269281,"K01398.01","Kepler-1748 b","CONFIRMED",3,5.82348911,955.0,0.8640,5774.00,1
9100484,"K01399.01",,"CANDIDATE",2.27,8.75059775,682.0,0.7790,4942.00,1
9157908,"K01400.01",,"FALSE POSITIVE",19.33,9.41475056,962.0,1.0330,6406.00,1
9030447,"K01401.01",,"FALSE POSITIVE",1.52,0.56669006,2955.0,1.3860,6899.00,
9034103,"K01402.01","Kepler-832 b","CONFIRMED",2.24,7.13969705,965.0,0.9930,6014.00,1
9214942,"K01403.01","Kepler-833 b","CONFIRMED",1.67,18.75470238,382.0,0.5400,3976.00,1
3858704,"K01211.01",,"FALSE POSITIVE",1.43,3.00363219,1571.0,1.3200,6309.00,1
3749134,"K01212.01","Kepler-792 b","CONFIRMED",1.85,11.30123036,852.0,1.1220,5730.00,1
3556220,"K01213.01",,"FALSE POSITIVE",1.44,0.796722833,2401.0,1.3340,5959.00,1
3660924,"K01214.01","Kepler-793 b","CONFIRMED",1.44,4.24153629,1177.0,1.0470,5776.00,1
3939150,"K01215.01","Kepler-277 b","CONFIRMED",3.14,17.32419108,964.0,1.8570,5968.00,1
8628758,"K01279.01","Kepler-804 b","CONFIRMED",1.94,14.37457572,779.0,1.0670,5768.00,1
8628758,"K01279.02","Kepler-804 c","CONFIRMED",1.08,9.65188331,890.0,1.0670,5768.00,2
8509361,"K01280.01",,"FALSE POSITIVE",3.16,6.0990118,1374.0,1.9710,5743.00,1
8742590,"K01281.01","Kepler-1742 b","CONFIRMED",1.88,49.4781446,462.0,0.8490,5776.00,1
8822366,"K01282.01","Kepler-805 b","CONFIRMED",3.01,30.8639476,743.0,1.5710,5977.00,1
8972058,"K00159.02","Kepler-115 b","CONFIRMED",1.24,2.403640701,1489.0,1.1710,5881.00,2
4386059,"K01340.01",,"FALSE POSITIVE",1.58,2.90060781,1645.0,1.3710,6547.00,1
4650674,"K01341.01","Kepler-824 b","CONFIRMED",1.84,4.51436096,1231.0,1.2150,5940.00,1
4275721,"K01342.01","Kepler-825 b","CONFIRMED",1.29,3.77359871,1270.0,0.9690,6224.00,1
4275721,"K01342.02","Kepler-825 c","CONFIRMED",1.77,8.18182189,981.0,0.9690,6224.00,2
8874090,"K01404.01","Kepler-834 b","CONFIRMED",1.26,13.32389352,378.0,0.4500,3751.00,1
11666881,"K00167.01","Kepler-480 b","CONFIRMED",2.86,4.919584997,1312.0,1.3780,6236.00,1
9264949,"K01405.01","Kepler-835 b","CONFIRMED",3.32,11.41911886,921.0,1.1720,6311.00,1
9271752,"K01406.01","Kepler-836 b","CONFIRMED",2.6,11.36113254,869.0,1.0090,6244.00,1
9007866,"K01407.01",,"FALSE POSITIVE",0.72,1.3866358,1503.0,0.8560,5693.00,
9150827,"K01408.01","Kepler-1749 b","CONFIRMED",1.36,14.53410833,420.0,0.5530,3957.00,1
3939150,"K01215.02","Kepler-277 c","CONFIRMED",3.13,33.0063185,778.0,1.8570,5968.00,2
3839488,"K01216.01","Kepler-794 b","CONFIRMED",2.06,11.13127159,952.0,1.4350,5800.00,1
3542588,"K01217.01",,"FALSE POSITIVE",1.19,3.47143963,1358.0,1.1110,6341.00,1
3442055,"K01218.01","Kepler-795 b","CONFIRMED",1.74,29.6193891,580.0,0.9960,5618.00,1
3440861,"K01219.01",,"FALSE POSITIVE",,3.50376155,,,,
12252424,"K00153.01","Kepler-113 c","CONFIRMED",2.36,8.925079516,628.0,0.6930,4728.00,2
8700771,"K01283.01","Kepler-806 b","CONFIRMED",1.44,8.0922105,1089.0,1.3950,5774.00,1
10960993,"K01284.01",,"FALSE POSITIVE",88.51,3.117087797,1842.0,2.0460,6338.00,1
6541920,"K00157.02","Kepler-11 d","CONFIRMED",3.2,22.687155,653.0,1.0460,5657.00,3
10599397,"K01285.01",,"FALSE POSITIVE",7.09,0.937406378,1659.0,0.8430,5480.00,1
10879208,"K01286.01",,"FALSE POSITIVE",29.53,0.668483615,1832.0,0.8100,5546.00,1
10843203,"K01287.01",,"FALSE POSITIVE",32.12,4.429633087,950.0,0.8090,5344.00,1
4570931,"K01343.01",,"FALSE POSITIVE",1.39,1.544927524,1824.0,1.1320,6309.00,1
4136466,"K01344.01","Kepler-826 b","CONFIRMED",1.37,4.48758768,1305.0,1.2570,6060.00,1
7284688,"K01345.01",,"FALSE POSITIVE",46.4,0.323021692,2545.0,0.9720,5458.00,
7199774,"K01346.01",,"FALSE POSITIVE",42.99,4.70818628,1046.0,0.8940,5868.00,1
7037540,"K01347.01",,"FALSE POSITIVE",23.42,14.405857436,888.0,1.3460,5945.00,1
6866228,"K01348.01",,"FALSE POSITIVE",225.25,7.702374154,825.0,0.8300,5598.00,1
9391208,"K01409.01","Kepler-837 b","CONFIRMED",2.94,16.56062577,701.0,0.8550,5818.00,1
9391506,"K01410.01","Kepler-838 b","CONFIRMED",2.77,15.74958583,777.0,1.0250,6191.00,1
8950853,"K01412.01","Kepler-839 b","CONFIRMED",3.04,37.8145252,626.0,1.3140,5988.00,1
9006449,"K01413.01","Kepler-295 b","CONFIRMED",1.55,12.64504291,741.0,0.8860,5607.00,1
9006449,"K01413.02","Kepler-295 c","CONFIRMED",1.36,21.5262958,621.0,0.8860,5607.00,2
9006449,"K01413.03","Kepler-295 d","CONFIRMED",1.74,33.8845825,533.0,0.8860,5607.00,3
4043190,"K01220.01","Kepler-796 b","CONFIRMED",1.91,6.40087137,1109.0,1.4210,5426.00,1
3640905,"K01221.01","Kepler-278 b","CONFIRMED",4.54,30.1599411,836.0,3.0510,5010.00,1
3640905,"K01221.02","Kepler-278 c","CONFIRMED",3.66,51.0771048,702.0,3.0510,5010.00,2
4060815,"K01222.01",,"FALSE POSITIVE",2.13,4.2856756,1790.0,3.7330,5055.00,
6613006,"K01223.01",,"FALSE POSITIVE",10.66,7.388833611,877.0,0.8380,5845.00,1
6606653,"K01224.01",,"FALSE POSITIVE",52.51,2.698021895,1582.0,1.2110,6568.00,1
10790387,"K01288.01","Kepler-807 b","CONFIRMED",10.36,117.93110803,418.0,1.0720,6392.00,1
10748393,"K01289.01",,"FALSE POSITIVE",5.71,4.887806806,918.0,0.8120,5284.00,1
10874226,"K01290.01",,"FALSE POSITIVE",38.2,11.973605044,820.0,0.9430,6146.00,1
10661771,"K01291.01",,"FALSE POSITIVE",5.39,1.231364189,1707.0,0.8910,5897.00,1
10924853,"K01292.01",,"FALSE POSITIVE",29.29,2.102416517,1435.0,0.9590,5999.00,1
10874926,"K01293.01",,"FALSE POSITIVE",37.3,11.703109303,811.0,0.9580,6014.00,1
6631721,"K00160.01",,"FALSE POSITIVE",3.84,13.73808249,912.0,1.1780,6375.00,1
6847018,"K01349.01",,"FALSE POSITIVE",843.45,16.66216657,834.0,1.1690,6440.00,1
7220322,"K01350.01",,"FALSE POSITIVE",43.73,0.752159702,2224.0,1.1750,5916.00,1
6956233,"K01352.01",,"FALSE POSITIVE",2.96,4.81886153,803.0,0.6510,5030.00,1
7303287,"K01353.01","Kepler-289 c","CONFIRMED",12.37,125.86540191,394.0,1.1150,5933.00,1
7303287,"K01353.02","Kepler-289 b","CONFIRMED",2.67,34.5439452,607.0,1.1150,5933.00,2
11512246,"K00168.01","Kepler-23 c","CONFIRMED",3.06,10.74241765,1008.0,1.5180,5761.00,1
8916492,"K01414.01",,"FALSE POSITIVE",2.24,4.02378908,2504.0,3.6850,7516.00,1
11193447,"K01415.01",,"FALSE POSITIVE",58.02,0.312941621,3151.0,1.1880,6286.00,
11517719,"K01416.01","Kepler-840 b","CONFIRMED",15.75,2.495780169,1408.0,0.9920,6039.00,1
11599264,"K01417.01",,"FALSE POSITIVE",517.43,8.428090255,817.0,0.8050,5761.00,1
11100657,"K01418.01",,"FALSE POSITIVE",836.31,8.344104633,785.0,0.8380,5447.00,1
6620003,"K01225.01",,"CANDIDATE",25,1.714274727,827.0,0.5350,3874.00,1
6621116,"K01226.01",,"FALSE POSITIVE",49.52,137.75960504,396.0,1.4520,5323.00,1
6629332,"K01227.01",,"FALSE POSITIVE",16.89,2.155278342,1272.0,0.8200,5665.00,1
6387450,"K01228.01",,"FALSE POSITIVE",12.07,3.661326482,1023.0,0.7980,5319.00,1
12252424,"K00153.02","Kepler-113 b","CONFIRMED",2,4.75400072,775.0,0.6930,4728.00,1
6432059,"K01229.01",,"FALSE POSITIVE",,0.76973817,,,,1
6470149,"K01230.01",,"FALSE POSITIVE",57.54,165.739861,692.0,6.8360,5019.00,1
10549562,"K01294.01",,"FALSE POSITIVE",5.35,9.08937826,1104.0,1.2750,6739.00,1
10874614,"K00017.01","Kepler-6 b","CONFIRMED",13.06,3.234699282,1356.0,1.2910,5640.00,1
6541920,"K00157.03","Kepler-11 e","CONFIRMED",4.12,31.99552485,582.0,1.0460,5657.00,1
10666230,"K01295.01",,"FALSE POSITIVE",31.24,1.577800747,1513.0,0.8020,6089.00,1
10971674,"K01296.01",,"FALSE POSITIVE",21.65,2.380862632,1480.0,1.1290,5821.00,1
6891543,"K01354.01",,"FALSE POSITIVE",26.56,1.752567456,1502.0,0.9960,5739.00,1
7211141,"K01355.01","Kepler-827 b","CONFIRMED",8.49,51.92920654,574.0,1.4420,5671.00,1
7363829,"K01356.01",,"CANDIDATE",,384.02570682,,,,
6719086,"K01357.01",,"CANDIDATE",2.87,3.014330766,1124.0,0.9530,5209.00,1
7376983,"K01358.01","Kepler-1987 d","CONFIRMED",2.66,5.644914154,744.0,0.7140,4769.00,1
5084942,"K00161.01","Kepler-475 b","CONFIRMED",2.68,3.105507835,980.0,0.7910,4989.00,1
11125936,"K01419.01",,"FALSE POSITIVE",35.19,1.336109338,1727.0,0.9670,6119.00,1
11026304,"K01420.01",,"CANDIDATE",4.44,13.35151248,585.0,0.7540,4843.00,1
11342550,"K01421.01",,"CANDIDATE",10.23,1693.6636225,157.0,1.0210,5923.00,
11497958,"K01422.01","Kepler-296 c","CONFIRMED",1.38,5.841636615,446.0,0.3830,3526.00,1
11497958,"K01422.02","Kepler-296 d","CONFIRMED",1.52,19.85029495,297.0,0.3830,3526.00,2
11512246,"K00168.02","Kepler-23 d","CONFIRMED",2.17,15.27443889,896.0,1.5180,5761.00,2
6462874,"K01231.01",,"FALSE POSITIVE",2.92,22.34293693,399.0,0.5800,4260.00,1
6665223,"K01232.01",,"FALSE POSITIVE",16.26,119.40817159,328.0,0.8720,5316.00,1
6545358,"K01233.01",,"FALSE POSITIVE",7.12,1.171536413,2387.0,1.4850,7021.00,1
6390824,"K01234.01",,"FALSE POSITIVE",11.52,0.973547911,1814.0,0.8630,6084.00,1
6546528,"K01235.01",,"FALSE POSITIVE",21.79,3.053563251,1171.0,0.8630,5764.00,1
10676923,"K01297.01",,"FALSE POSITIVE",2.36,1.031096352,2020.0,1.0720,6371.00,1
10604335,"K01298.01","Kepler-283 b","CONFIRMED",2.15,11.00817635,488.0,0.5820,4141.00,1
10604335,"K01298.02","Kepler-283 c","CONFIRMED",1.87,92.7495777,240.0,0.5820,4141.00,2
10864656,"K01299.01","Kepler-432 b","CONFIRMED",12.41,52.5008645,812.0,4.1570,4976.00,1
10975146,"K01300.01","Kepler-808 b","CONFIRMED",1.2,0.63133171,1322.0,0.5300,4441.00,1
10538176,"K01301.01","Kepler-284 b","CONFIRMED",2.62,12.69905011,686.0,0.8820,5291.00,1
7376983,"K01358.02","Kepler-1987 e","CONFIRMED",1.92,8.74292005,643.0,0.7140,4769.00,2
7376983,"K01358.03","Kepler-1987 c","CONFIRMED",1.33,3.64830183,860.0,0.7140,4769.00,3
7376983,"K01358.04","Kepler-1987 b","CONFIRMED",1.23,2.345863002,997.0,0.7140,4769.00,4
6946199,"K01359.01","Kepler-1744 b","CONFIRMED",3.19,37.1011418,532.0,0.8500,5986.00,2
6946199,"K01359.02",,"CANDIDATE",6.45,104.8205868,376.0,0.8500,5986.00,1
11497958,"K01422.03","Kepler-296 b","CONFIRMED",1.14,10.8644095,363.0,0.3830,3526.00,3
11177707,"K01423.01","Kepler-841 b","CONFIRMED",10.3,124.4197175,416.0,1.6590,5066.00,1
11611600,"K01424.01","Kepler-842 b","CONFIRMED",1.51,1.219568047,1252.0,0.7010,4838.00,1
11254382,"K01425.01","Kepler-843 b","CONFIRMED",2.74,2.05388477,1523.0,1.1760,5632.00,1
11122894,"K01426.01","Kepler-297 b","CONFIRMED",2.81,38.86848956,509.0,0.8970,5618.00,3
6677841,"K01236.01","Kepler-279 c","CONFIRMED",5.47,35.7353616,774.0,1.6970,6366.00,2
6677841,"K01236.02","Kepler-279 b","CONFIRMED",3.82,12.30971679,1104.0,1.6970,6366.00,1
6677841,"K01236.03","Kepler-279 d","CONFIRMED",3.2,54.4205407,574.0,1.0670,6781.00,3
9970525,"K00154.01",,"FALSE POSITIVE",,30.00908916,,,,
6531491,"K01237.01",,"FALSE POSITIVE",38.86,14.32407216,782.0,1.0390,6022.00,1
6383821,"K01238.01","Kepler-797 b","CONFIRMED",2.18,27.07237655,605.0,0.9650,5936.00,1
10538176,"K01301.02","Kepler-284 c","CONFIRMED",2.68,37.5142128,478.0,0.8820,5291.00,2
10724369,"K01302.01","Kepler-809 b","CONFIRMED",3.13,55.6391882,478.0,0.9620,5949.00,1
6541920,"K00157.04","Kepler-11 f","CONFIRMED",2.52,46.6856205,513.0,1.0460,5657.00,5
10867062,"K01303.01",,"CANDIDATE",3.29,34.2966363,584.0,1.1670,5490.00,1
10744335,"K01304.01","Kepler-810 b","CONFIRMED",1.69,4.59726613,1105.0,0.9590,5999.00,1
4860678,"K01602.01","Kepler-1758 b","CONFIRMED",2.53,9.97716876,1028.0,1.6160,5557.00,1
5177104,"K01603.01","Kepler-904 b","CONFIRMED",1.31,3.02168007,1332.0,0.9890,6201.00,1
7023960,"K00187.01",,"FALSE POSITIVE",15.4,30.882538697,593.0,0.9930,6014.00,1
10033279,"K01604.01",,"FALSE POSITIVE",15.33,72.4914068,700.0,2.7580,5754.00,1
5009189,"K01605.01",,"FALSE POSITIVE",24.03,4.93913074,1182.0,1.1700,5956.00,1
8230616,"K01713.02","Kepler-316 b","CONFIRMED",1.22,2.240486703,837.0,0.5740,4198.00,1
9836959,"K01715.01","Kepler-1766 b","CONFIRMED",2.29,105.0145774,406.0,1.0420,5868.00,1
9838949,"K01716.01","Kepler-935 b","CONFIRMED",1.55,4.88084456,879.0,0.8610,4929.00,1
9895006,"K01717.01","Kepler-936 b","CONFIRMED",2.43,10.56137217,867.0,1.1710,5610.00,1
9896558,"K01718.01","Kepler-937 b","CONFIRMED",3.39,67.6690554,495.0,1.0800,6127.00,1
9589323,"K01488.01","Kepler-861 b","CONFIRMED",2.32,3.949627144,966.0,0.8360,5155.00,1
9823487,"K01489.01","Kepler-1753 b","CONFIRMED",2.24,16.00460392,583.0,0.7690,5180.00,1
9602514,"K01490.01",,"FALSE POSITIVE",3.05,3.55650737,1405.0,1.8430,4951.00,1
9726659,"K01491.01","Kepler-862 b","CONFIRMED",2.15,3.148661555,1097.0,0.8730,5258.00,1
12108312,"K01492.01",,"FALSE POSITIVE",20.03,0.70544824,1868.0,0.8260,5717.00,1
5371776,"K01557.01","Kepler-304 b","CONFIRMED",2.81,3.295701024,875.0,0.6910,4723.00,1
5371776,"K01557.02","Kepler-304 d","CONFIRMED",2.41,9.65349016,611.0,0.6910,4723.00,2
5371776,"K01557.03","Kepler-304 c","CONFIRMED",2.33,5.315954488,746.0,0.6910,4723.00,3
9573539,"K00180.01","Kepler-484 b","CONFIRMED",2.19,10.04556377,766.0,0.8530,5632.00,1
5371776,"K01557.04","Kepler-304 e","CONFIRMED",1.09,1.499144441,1137.0,0.6910,4723.00,4
9886661,"K01606.01","Kepler-905 b","CONFIRMED",1.4,5.082748362,928.0,0.8580,5430.00,1
5477805,"K01607.01",,"FALSE POSITIVE",2,5.00673576,1324.0,1.3830,6116.00,1
10055126,"K01608.01","Kepler-311 b","CONFIRMED",1.66,9.17617167,960.0,1.1560,5903.00,1
10055126,"K01608.02","Kepler-311 c","CONFIRMED",1.61,19.7383992,744.0,1.1560,5903.00,2
5009743,"K01609.01","Kepler-906 b","CONFIRMED",2.03,41.6980186,537.0,0.9710,5997.00,1
10015937,"K01720.01","Kepler-1767 b","CONFIRMED",3.59,59.6585348,393.0,0.8310,5243.00,1
10019065,"K01721.01","Kepler-938 b","CONFIRMED",3.68,52.6298542,544.0,1.4330,5339.00,1
7950644,"K00192.01","Kepler-427 b","CONFIRMED",13.43,10.290994129,996.0,1.3730,5803.00,1
10080248,"K01722.01","Kepler-939 b","CONFIRMED",1.63,14.8783945,692.0,0.8370,5822.00,1
10213902,"K01723.01","Kepler-940 b","CONFIRMED",3.63,59.6222627,486.0,0.9970,6108.00,1
9842906,"K01493.01",,"FALSE POSITIVE",3.28,4.9883873,1236.0,1.1710,6418.00,1
11821363,"K01494.01","Kepler-1754 b","CONFIRMED",2.04,8.19596647,672.0,0.7470,4723.00,1
7629518,"K01495.01","Kepler-863 b","CONFIRMED",2.74,15.59466045,718.0,0.9290,5900.00,1
10810838,"K00174.01","Kepler-482 b","CONFIRMED",2.59,56.35407916,352.0,0.7010,4802.00,1
4828341,"K01496.01",,"FALSE POSITIVE",53.72,36.12895451,546.0,0.9120,5921.00,1
10019763,"K01558.01",,"FALSE POSITIVE",10.68,32.50456309,591.0,0.9470,6132.00,1
9899280,"K01559.01",,"FALSE POSITIVE",1.4,1.332560589,1086.0,0.6090,4489.00,1
8046659,"K01560.01",,"CANDIDATE",11.18,31.56904354,575.0,0.9980,5654.00,1
4940438,"K01561.01",,"FALSE POSITIVE",6.28,9.08590495,861.0,0.8660,5931.00,1
5308663,"K01562.01",,"FALSE POSITIVE",25.48,0.784512952,1952.0,0.9040,5997.00,1
5474733,"K01610.01",,"FALSE POSITIVE",1.09,0.883778461,1934.0,0.9490,5975.00,1
10963065,"K01612.01","Kepler-408 b","CONFIRMED",0.69,2.465024332,1561.0,1.1940,6139.00,1
6268648,"K01613.01","Kepler-907 b","CONFIRMED",1.31,15.86624787,879.0,1.3080,6099.00,1
10125352,"K00021.01",,"FALSE POSITIVE",76.51,4.288515468,1722.0,2.0020,6378.00,1
5357901,"K00188.01","Kepler-425 b","CONFIRMED",10.07,3.797018259,982.0,0.8480,5167.00,1
4278221,"K01615.01","Kepler-908 b","CONFIRMED",1.16,1.340596782,1783.0,1.1250,5992.00,1
10214162,"K01724.01","Kepler-941 b","CONFIRMED",3.29,17.42393582,722.0,0.9690,6018.00,1
10905746,"K01725.01","Kepler-1651 b","CONFIRMED",1.6,9.8786461,393.0,0.4220,3609.00,1
8242434,"K01726.01","Kepler-942 b","CONFIRMED",2,44.96407458,379.0,0.7290,4827.00,1
6185331,"K01727.01","Kepler-943 b","CONFIRMED",5.12,49.7700907,455.0,0.8180,5774.00,1
11820830,"K01728.01",,"FALSE POSITIVE",70.11,12.7319385,1145.0,1.5680,7238.00,1
11774387,"K01497.01",,"FALSE POSITIVE",1.52,0.520222869,2145.0,0.8890,5776.00,1
9636135,"K01498.01","Kepler-864 b","CONFIRMED",2.98,5.83376197,1143.0,1.1950,6213.00,1
9636135,"K01498.02","Kepler-864 c","CONFIRMED",1.62,2.42150341,1532.0,1.1950,6213.00,2
7841925,"K01499.01","Kepler-865 b","CONFIRMED",2.35,14.16400071,694.0,0.8850,5440.00,1
7841925,"K01499.02",,"CANDIDATE",0.62,0.840594032,1780.0,0.8850,5440.00,3
7841925,"K01499.03","Kepler-865 c","CONFIRMED",0.89,6.20920207,914.0,0.8850,5440.00,2
5219234,"K01563.01","Kepler-305 b","CONFIRMED",3.24,5.48711441,836.0,0.7870,5103.00,1
5219234,"K01563.02","Kepler-305 c","CONFIRMED",3.21,8.29084167,728.0,0.7870,5103.00,2
5219234,"K01563.03","Kepler-305 e","CONFIRMED",1.7,3.20539622,1000.0,0.7870,5103.00,3
5219234,"K01563.04","Kepler-305 d","CONFIRMED",2.56,16.73869035,576.0,0.7870,5103.00,4
12504988,"K00181.01",,"FALSE POSITIVE",17.19,5.093938816,1137.0,1.0350,6197.00,1
9015738,"K01616.01","Kepler-909 b","CONFIRMED",1.66,13.93291548,852.0,1.2070,6026.00,1
7215603,"K01618.01","Kepler-910 b","CONFIRMED",0.82,2.36436762,1752.0,1.5430,6250.00,1
4276716,"K01619.01",,"CANDIDATE",0.66,20.6654374,487.0,0.6760,4830.00,1
5561278,"K01621.01","Kepler-911 b","CONFIRMED",2.41,20.31047472,931.0,1.8770,6065.00,1
7287683,"K01622.01",,"CANDIDATE",3.51,69.8347983,765.0,2.0220,7732.00,1
6387542,"K01626.01","Kepler-912 b","CONFIRMED",2.02,2.53475568,1218.0,0.8060,5662.00,1
8266276,"K01731.01",,"CANDIDATE",2.36,2.59488443,1014.0,0.7970,4748.00,1
6869184,"K01732.01","Kepler-944 b","CONFIRMED",2.42,43.3167427,459.0,0.7740,5654.00,1
8396405,"K01733.01",,"CANDIDATE",1.72,19.18109525,513.0,0.5870,5214.00,1
10799735,"K00193.01",,"FALSE POSITIVE",14.39,37.590298548,573.0,1.0030,6147.00,1
6604328,"K01736.01","Kepler-945 b","CONFIRMED",2.72,31.0033072,616.0,1.0710,6090.00,1
9719634,"K01500.01",,"FALSE POSITIVE",1.64,3.351556891,1074.0,0.9110,5185.00,1
7439316,"K01501.01","Kepler-866 b","CONFIRMED",1.57,2.617028373,996.0,0.7240,4831.00,1
12061238,"K01502.01",,"FALSE POSITIVE",1.57,1.876406096,1192.0,0.7590,5198.00,1
8323753,"K00175.01",,"FALSE POSITIVE",5.76,6.71425632,1565.0,2.6230,6093.00,1
12400538,"K01503.01","Kepler-867 b","CONFIRMED",4.6,150.2412582,327.0,0.9430,5604.00,1
5184584,"K01564.01","Kepler-891 b","CONFIRMED",5.82,53.44944498,486.0,1.0000,5919.00,1
5636648,"K01565.01",,"FALSE POSITIVE",20.43,0.466743525,2197.0,0.8560,5791.00,1
5564247,"K01566.01",,"FALSE POSITIVE",1.42,1.727177258,1250.0,0.7200,5394.00,1
5438099,"K01567.01","Kepler-306 c","CONFIRMED",2.14,7.24022418,716.0,0.7210,4955.00,1
5438099,"K01567.02","Kepler-306 b","CONFIRMED",1.82,4.64622383,830.0,0.7210,4955.00,3
6543893,"K01627.01","Kepler-913 b","CONFIRMED",5.75,10.29674097,1129.0,1.7970,6068.00,1
6543893,"K01627.02","Kepler-913 c","CONFIRMED",3.7,5.93919041,1357.0,1.7970,6068.00,2
6975129,"K01628.01","Kepler-312 c","CONFIRMED",2.62,19.74733983,754.0,1.1490,6243.00,1
11391018,"K00189.01","Kepler-486 b","CONFIRMED",10.99,30.360445359,459.0,0.7650,4939.00,1
8685497,"K01629.01","Kepler-914 b","CONFIRMED",1.51,4.4096675,1192.0,1.1660,5836.00,1
4365645,"K01738.01","Kepler-1671 b","CONFIRMED",1.07,4.16787814,962.0,0.8470,5251.00,1
7199906,"K01739.01",,"CANDIDATE",,220.65651253,,,,
8197343,"K01746.01","Kepler-946 b","CONFIRMED",2.41,11.79161234,857.0,1.1990,5619.00,1
7032421,"K01747.01",,"FALSE POSITIVE",36.9,20.55848388,624.0,0.9360,5578.00,1
6786348,"K01749.01","Kepler-947 b","CONFIRMED",2.2,26.964501,573.0,0.9050,5754.00,1
6209677,"K01750.01","Kepler-948 b","CONFIRMED",1.35,7.76845639,841.0,0.9170,5447.00,1
9641018,"K01504.01",,"FALSE POSITIVE",22.22,2.178154348,1392.0,0.8810,5947.00,1
9813499,"K01505.01","Kepler-868 b","CONFIRMED",2.53,5.03257009,1047.0,0.9080,5970.00,1
12254792,"K01506.01","Kepler-869 b","CONFIRMED",2.92,40.4286676,494.0,0.8330,5813.00,1
12020218,"K01507.01","Kepler-870 b","CONFIRMED",2.52,21.3588236,691.0,0.9920,6170.00,1
7690844,"K01508.01","Kepler-871 b","CONFIRMED",3.05,22.0459163,640.0,0.9510,5900.00,1
9535080,"K01509.01",,"FALSE POSITIVE",43.41,49.6456235,648.0,1.4930,6273.00,1
5438099,"K01567.03","Kepler-306 d","CONFIRMED",2.23,17.32670445,535.0,0.7210,4955.00,2
5438099,"K01567.04","Kepler-306 e","CONFIRMED",2.75,44.8411168,390.0,0.7210,4955.00,4
5210475,"K01568.01",,"FALSE POSITIVE",1.51,1.008917105,1636.0,0.7950,5708.00,1
8009350,"K01569.01","Kepler-892 b","CONFIRMED",2.81,13.75207851,556.0,0.6990,4802.00,1
8082001,"K01570.01","Kepler-893 b","CONFIRMED",3.31,6.33855946,1034.0,1.0300,6108.00,1
9017682,"K01630.01",,"CANDIDATE",1.4,11.30507984,744.0,0.8440,5705.00,1
9277896,"K01632.01","Kepler-915 b","CONFIRMED",1.85,4.59489816,1319.0,1.3810,6056.00,1
9401997,"K01633.01","Kepler-916 b","CONFIRMED",1.9,32.2964275,503.0,0.8910,5246.00,1
10686864,"K01637.01","Kepler-917 b","CONFIRMED",1.7,2.97041801,991.0,0.7430,5068.00,1
10749128,"K01639.02",,"CANDIDATE",1.17,9.9824036,966.0,1.1390,6273.00,
11904734,"K01764.01",,"CANDIDATE",7.25,12.681733929,601.0,0.7010,4976.00,1
8043714,"K01765.01",,"FALSE POSITIVE",14.18,6.814984472,836.0,0.8170,5465.00,1
7918217,"K01770.01",,"FALSE POSITIVE",2637.6,63.9354965,2590.0,97.4100,3626.00,1
10153011,"K01773.01",,"CANDIDATE",13.83,83.09708021,329.0,0.6360,5286.00,1
9631995,"K00022.01","Kepler-422 b","CONFIRMED",12.63,7.891448838,1028.0,1.2370,5972.00,1
11870545,"K01510.01",,"CANDIDATE",1.63,0.839961456,1455.0,0.7180,4932.00,1
7901948,"K01511.01","Kepler-872 b","CONFIRMED",1.63,2.578852119,1230.0,0.8530,5743.00,1
11955499,"K01512.01",,"FALSE POSITIVE",3.24,9.04189129,729.0,0.8260,5237.00,1
6442377,"K00176.01","Kepler-483 b","CONFIRMED",3.49,30.22910274,755.0,1.5180,6325.00,1
9784222,"K01513.01",,"FALSE POSITIVE",24.03,0.798200403,2128.0,1.0310,6258.00,1
5376836,"K00182.01",,"FALSE POSITIVE",12.86,3.479425638,1166.0,0.8780,5907.00,1
5557821,"K01571.01",,"FALSE POSITIVE",22.76,2.92878704,1239.0,0.8830,5955.00,1
10004519,"K01572.01","Kepler-894 b","CONFIRMED",2.99,9.80321143,896.0,0.9920,6170.00,1
5031857,"K01573.01","Kepler-1755 b","CONFIRMED",4.22,24.81097206,631.0,0.9210,6086.00,1
5031857,"K01573.02",,"CANDIDATE",1.38,7.136922,956.0,0.9210,6086.00,2
10879038,"K01641.01","Kepler-918 b","CONFIRMED",1.72,4.8538404,1052.0,0.9680,5778.00,1
10990917,"K01643.01","Kepler-919 b","CONFIRMED",1.8,11.04605365,869.0,1.0250,6093.00,1
11043136,"K01644.01",,"FALSE POSITIVE",34.68,2.621706694,1288.0,0.8810,5749.00,1
11046025,"K01646.01","Kepler-1759 b","CONFIRMED",0.99,3.72020708,954.0,0.7970,5017.00,1
5771719,"K00190.01",,"FALSE POSITIVE",28.29,12.264867364,1077.0,2.3440,5372.00,1
9729691,"K01751.01","Kepler-949 b","CONFIRMED",2.92,8.689301216,782.0,0.8950,5211.00,1
9729691,"K01751.02","Kepler-949 c","CONFIRMED",2.97,20.99757968,582.0,0.8950,5211.00,2
4950232,"K01753.01",,"FALSE POSITIVE",1.64,0.979442525,1567.0,0.7450,5532.00,1
10904857,"K00194.01","Kepler-488 b","CONFIRMED",14.16,3.120828136,1303.0,0.9960,6122.00,1
8651389,"K01754.01","Kepler-1768 b","CONFIRMED",2.57,15.13590453,933.0,1.5720,6050.00,1
9520668,"K01514.01",,"FALSE POSITIVE",1,1.399326503,1143.0,0.7280,4502.00,1
7871954,"K01515.01","Kepler-303 b","CONFIRMED",0.87,1.937029968,802.0,0.4900,4042.00,1
7871954,"K01515.02","Kepler-303 c","CONFIRMED",1.23,7.06117322,521.0,0.4900,4042.00,2
12418724,"K01516.01","Kepler-873 b","CONFIRMED",3.19,20.55331441,749.0,1.1120,6325.00,1
7456001,"K01517.01","Kepler-874 b","CONFIRMED",3.1,40.0686713,560.0,0.9920,6026.00,1
10028792,"K01574.01","Kepler-87 b","CONFIRMED",12.28,114.73658,476.0,1.6990,5597.00,1
10028792,"K01574.02","Kepler-87 c","CONFIRMED",6.47,191.239133,401.0,1.6990,5597.00,2
10028792,"K01574.03",,"CANDIDATE",1.98,5.83393857,1285.0,1.6990,5597.00,3
5553652,"K01575.01",,"FALSE POSITIVE",294.02,24.3282251,520.0,0.7800,5286.00,1
5299459,"K01576.01","Kepler-307 b","CONFIRMED",3.01,10.41572666,797.0,0.9870,5511.00,1
11153121,"K01647.01","Kepler-313 b","CONFIRMED",2.53,14.97031664,883.0,1.4830,5726.00,1
11153121,"K01647.02","Kepler-313 c","CONFIRMED",2.31,32.2753853,683.0,1.4830,5726.00,2
11153121,"K01647.03",,"CANDIDATE",1.02,6.33027476,1046.0,1.0700,5900.00,3
11177543,"K01648.01","Kepler-1760 b","CONFIRMED",2.43,38.3262237,480.0,0.9030,5229.00,1
11337141,"K01649.01","Kepler-1761 b","CONFIRMED",1.75,4.04355245,613.0,0.5320,3871.00,1
6705142,"K01758.01",,"CANDIDATE",3.28,5.59728249,930.0,0.8580,5610.00,1
3967760,"K01760.01","Kepler-317 b","CONFIRMED",2.25,5.52418625,976.0,1.0040,5334.00,1
3967760,"K01760.02","Kepler-317 c","CONFIRMED",1.91,8.77514782,837.0,1.0040,5334.00,2
4067336,"K01761.01",,"FALSE POSITIVE",3.8,10.12742274,969.0,1.1620,6392.00,1
5387843,"K01762.01",,"FALSE POSITIVE",2.09,0.870693883,1876.0,0.8830,5985.00,1
7549209,"K01518.01","Kepler-875 b","CONFIRMED",2.58,27.5071114,569.0,0.8800,5783.00,1
7663405,"K01519.01","Kepler-876 b","CONFIRMED",1.55,5.1443645,923.0,0.9040,5157.00,1
9765975,"K01520.01","Kepler-877 b","CONFIRMED",2.5,18.45848388,632.0,0.9480,5311.00,1
9818462,"K01521.01","Kepler-878 b","CONFIRMED",1.95,25.9421582,501.0,0.7960,5167.00,1
6803202,"K00177.01","Kepler-1711 b","CONFIRMED",1.78,21.06075303,669.0,1.0340,5706.00,1
5299459,"K01576.02","Kepler-307 c","CONFIRMED",2.71,13.08424286,739.0,0.9870,5511.00,2
9651668,"K00183.01","Kepler-423 b","CONFIRMED",12.73,2.684328541,1265.0,0.9560,5561.00,1
5299459,"K01576.03",,"CANDIDATE",1.23,23.3397956,653.0,1.0840,5671.00,
12506770,"K01577.01","Kepler-895 b","CONFIRMED",1.41,2.806243488,771.0,0.5810,4153.00,1
5629985,"K01578.01",,"FALSE POSITIVE",1.12,2.27190723,1318.0,0.8560,5788.00,1
9898364,"K01579.01",,"FALSE POSITIVE",49.34,7.132351753,1579.0,1.9300,7530.00,1
11337372,"K01650.01","Kepler-920 b","CONFIRMED",3.09,6.53194024,907.0,0.9770,5301.00,1
11337833,"K01651.01","Kepler-921 b","CONFIRMED",2.07,51.3011844,492.0,0.9290,6032.00,1
11546211,"K01654.01",,"FALSE POSITIVE",16.07,1.097211085,740.0,0.3340,3497.00,1
11547505,"K01655.01","Kepler-922 b","CONFIRMED",1.58,0.938466959,1876.0,1.0870,5499.00,1
4471747,"K01656.01",,"CANDIDATE",3.62,51.3901452,570.0,1.2920,6074.00,1
11502867,"K00195.01","Kepler-426 b","CONFIRMED",11.38,3.217518511,1185.0,0.9030,5720.00,1
9909735,"K01779.01","Kepler-318 b","CONFIRMED",3.86,4.66271902,1039.0,0.9390,5729.00,1
9909735,"K01779.02","Kepler-318 c","CONFIRMED",3.48,11.8150174,762.0,0.9390,5729.00,2
11551692,"K01781.01","Kepler-411 c","CONFIRMED",3.47,7.834433676,689.0,0.7200,4920.00,1
11551692,"K01781.02","Kepler-411 b","CONFIRMED",2.2,3.005156911,949.0,0.7200,4920.00,2
12266636,"K01522.01","Kepler-879 b","CONFIRMED",2.48,33.3856176,580.0,1.0220,5833.00,1
9850893,"K01523.01",,"FALSE POSITIVE",1.71,8.48039789,866.0,1.0500,5401.00,1
4826110,"K01524.01",,"FALSE POSITIVE",0.86,1.333395306,1390.0,0.8110,5199.00,1
7869917,"K01525.01","Kepler-880 b","CONFIRMED",4.65,7.71467686,1622.0,2.5990,6900.00,1
9824805,"K01526.01","Kepler-881 b","CONFIRMED",1.71,4.4444826,1217.0,1.0790,6240.00,1
5193400,"K01580.01",,"FALSE POSITIVE",3.18,21.3781146,727.0,1.1310,6218.00,1
7939330,"K01581.01","Kepler-896 c","CONFIRMED",3.15,29.5422566,515.0,0.8030,5510.00,1
7939330,"K01581.02","Kepler-896 b","CONFIRMED",3.06,144.551628,303.0,0.8030,5510.00,2
4918309,"K01582.01",,"CANDIDATE",11.32,186.4361811,353.0,1.3700,5393.00,1
12602568,"K01583.01","Kepler-897 b","CONFIRMED",2.33,8.04727721,855.0,0.8490,5840.00,1
9941066,"K01584.01","Kepler-898 b","CONFIRMED",1.44,5.87063416,616.0,0.6120,4166.00,1
5972334,"K00191.01","Kepler-487 b","CONFIRMED",10.89,15.358767771,662.0,0.8870,5422.00,1
4650733,"K01659.01","Kepler-1762 b","CONFIRMED",2.51,29.5390897,714.0,1.2380,6572.00,1
4830605,"K01660.01",,"CANDIDATE",1.99,35.6364022,537.0,0.8870,5926.00,1
4832197,"K01661.01",,"FALSE POSITIVE",45.58,0.94773253,2321.0,1.2690,6302.00,1
4844004,"K01662.01",,"FALSE POSITIVE",1.55,0.784031658,1705.0,0.8240,5435.00,1
12120943,"K01458.01",,"CANDIDATE",7.19,8.98128472,898.0,1.0220,5977.00,1
7831264,"K00171.02","Kepler-116 c","CONFIRMED",2.47,13.07141889,964.0,1.4390,6122.00,2
9761199,"K01459.01",,"FALSE POSITIVE",19.31,0.692015479,1057.0,0.4970,3752.00,1
7751571,"K01460.01",,"FALSE POSITIVE",5.14,17.0421346,594.0,0.7730,5367.00,1
9579499,"K01461.01",,"FALSE POSITIVE",27.43,7.94671044,673.0,0.7020,4859.00,1
11913013,"K01462.01",,"FALSE POSITIVE",38.04,3.74781242,1172.0,1.0000,5780.00,1
7768451,"K01527.01",,"CANDIDATE",3.64,192.667139,283.0,0.8780,5401.00,1
7691260,"K01528.01","Kepler-882 b","CONFIRMED",0.93,3.989544192,903.0,0.6880,5229.00,1
9821454,"K01529.01","Kepler-59 c","CONFIRMED",1.58,17.9776037,752.0,1.0060,6296.00,1
9821454,"K01529.02","Kepler-59 b","CONFIRMED",1.09,11.8693144,864.0,1.0060,6296.00,2
11954842,"K01530.01","Kepler-883 b","CONFIRMED",1.64,12.98494603,818.0,1.0250,5948.00,1
7972785,"K00184.01",,"FALSE POSITIVE",13.32,7.300735516,1086.0,1.1380,6434.00,1
5470739,"K01585.01","Kepler-899 b","CONFIRMED",2.4,19.17893976,640.0,0.8810,5767.00,1
10022908,"K01586.01","Kepler-900 b","CONFIRMED",1.95,6.99130452,716.0,0.7610,4847.00,1
9932970,"K01587.01",,"CANDIDATE",29.02,52.971584,402.0,0.7890,5204.00,1
5617854,"K01588.01","Kepler-901 b","CONFIRMED",1.42,3.517494725,704.0,0.5640,4132.00,1
4932442,"K01665.01","Kepler-923 b","CONFIRMED",1.7,6.93365167,1104.0,1.3040,5861.00,1
4932442,"K01665.02",,"CANDIDATE",1.07,5.91393977,1112.0,1.1290,6194.00,
5183357,"K01669.01","Kepler-924 b","CONFIRMED",3.38,61.0373591,610.0,1.6140,6309.00,1
5269467,"K01672.01","Kepler-925 b","CONFIRMED",2.31,33.8677783,394.0,0.6910,4564.00,1
5360920,"K01675.01",,"CANDIDATE",21.92,14.62399621,681.0,0.8150,5753.00,1
7672940,"K01463.01",,"FALSE POSITIVE",33.63,1064.2680956,281.0,2.1730,6340.00,1
7838655,"K01464.01",,"FALSE POSITIVE",207.71,2.113202658,1281.0,0.8580,5482.00,1
11702948,"K01465.01",,"CANDIDATE",10.15,9.771462706,799.0,0.8530,5812.00,1
9512981,"K01466.01",,"CANDIDATE",10.83,281.5628889,214.0,0.7760,4810.00,1
7770450,"K01467.01",,"FALSE POSITIVE",22.9,1.157808038,1579.0,0.8860,5566.00,1
11455491,"K00178.01",,"FALSE POSITIVE",1.82,6.14281498,1355.0,1.5540,6495.00,1
11764462,"K01531.01","Kepler-884 b","CONFIRMED",1.16,5.69919592,964.0,0.9320,5646.00,1
11656246,"K01532.01","Kepler-885 b","CONFIRMED",2.49,18.11473813,830.0,1.3600,6109.00,1
7808587,"K01533.01","Kepler-886 b","CONFIRMED",1.6,6.24145791,1111.0,1.2590,5810.00,1
4741126,"K01534.01","Kepler-887 b","CONFIRMED",1.78,20.4222447,785.0,1.2990,6119.00,1
5301750,"K01589.01","Kepler-84 b","CONFIRMED",2.86,8.72585478,985.0,1.1310,6036.00,1
5301750,"K01589.02","Kepler-84 c","CONFIRMED",3.15,12.88291395,865.0,1.1310,6036.00,2
5301750,"K01589.03","Kepler-84 e","CONFIRMED",2.56,27.4345973,672.0,1.1310,6036.00,3
5301750,"K01589.04","Kepler-84 d","CONFIRMED",1.6,4.22453631,1254.0,1.1310,6036.00,4
5301750,"K01589.05","Kepler-84 f","CONFIRMED",2.29,44.5520266,572.0,1.1310,6036.00,5
5526717,"K01677.01","Kepler-926 b","CONFIRMED",2.92,52.069002,524.0,1.2460,5565.00,1
5972334,"K00191.02","Kepler-487 d","CONFIRMED",2.25,2.418406841,1226.0,0.8870,5422.00,2
5526717,"K01677.02",,"CANDIDATE",,8.51170088,,,,
5530882,"K01680.01",,"FALSE POSITIVE",0.88,5.0825188,968.0,0.8340,5706.00,1
5531953,"K01681.01",,"CANDIDATE",1.41,6.93910337,445.0,0.4200,3638.00,1
6034945,"K01683.01","Kepler-927 b","CONFIRMED",1.78,9.11500269,906.0,1.0280,5962.00,1
9851226,"K01468.01",,"FALSE POSITIVE",4.54,8.48031942,918.0,0.9910,5951.00,1
8692861,"K00172.01","Kepler-69 b","CONFIRMED",2.23,13.7223682,746.0,0.9430,5637.00,1
7543649,"K01469.01",,"FALSE POSITIVE",5.33,3.582076914,1265.0,0.9930,6109.00,1
9480310,"K01470.01","Kepler-1668 b","CONFIRMED",4.3,15.43400996,721.0,0.9510,5900.00,1
11858748,"K01471.01",,"FALSE POSITIVE",2.33,1.780984316,1397.0,0.8700,5730.00,1
4741126,"K01534.02","Kepler-887 c","CONFIRMED",1.12,7.63846084,1089.0,1.2990,6119.00,2
11669125,"K01535.01","Kepler-888 b","CONFIRMED",1.63,70.6981724,417.0,0.8660,5811.00,1
12159249,"K01536.01","Kepler-889 b","CONFIRMED",1.1,3.74443645,1328.0,1.2930,5876.00,1
9872292,"K01537.01",,"CANDIDATE",1.39,10.19154678,1144.0,1.6840,6212.00,1
9963461,"K01538.01",,"FALSE POSITIVE",53.19,10.581581895,1098.0,1.5670,6168.00,1
8081482,"K01539.01",,"FALSE POSITIVE",29.8,2.819453322,1357.0,1.0740,5767.00,1
5542466,"K01590.01",,"CANDIDATE",1.93,12.89006728,620.0,0.8120,4915.00,1
4178389,"K00185.01",,"CANDIDATE",21.19,23.210509958,595.0,0.8090,5875.00,1
5542466,"K01590.02","Kepler-1756 b","CONFIRMED",1.34,2.35574505,1093.0,0.8120,4915.00,2
5542466,"K01590.03",,"CANDIDATE",1.3,4.74666128,865.0,0.8120,4915.00,3
10028140,"K01591.01","Kepler-1757 b","CONFIRMED",2.83,19.65639342,549.0,0.7400,5288.00,1
6048024,"K01684.01",,"FALSE POSITIVE",57.62,62.81584402,582.0,1.4920,6340.00,1
6049190,"K01685.01","Kepler-1764 b","CONFIRMED",3.46,70.468171,511.0,1.1310,6461.00,1
6149553,"K01686.01",,"FALSE POSITIVE",,56.86716792,,,,
6198999,"K01687.01","Kepler-928 b","CONFIRMED",1.65,3.93246069,894.0,0.7790,4841.00,1
6310636,"K01688.01","Kepler-929 b","CONFIRMED",1.62,0.921030497,2362.0,1.6150,5843.00,1
6616218,"K01692.01","Kepler-314 c","CONFIRMED",2.85,5.960400011,890.0,0.8860,5418.00,1
7761545,"K01472.01","Kepler-857 b","CONFIRMED",6.31,85.3514875,390.0,0.9380,5584.00,1
7499398,"K01473.01",,"CANDIDATE",7.58,23.02028478,604.0,0.9560,5613.00,1
12365184,"K01474.01","Kepler-419 b","CONFIRMED",11.65,69.72646639,613.0,1.7310,6430.00,1
4770365,"K01475.01","Kepler-1669 c","CONFIRMED",1.57,1.609321941,958.0,0.6030,4224.00,1
4770365,"K01475.02","Kepler-1669 b","CONFIRMED",1.99,9.51220046,530.0,0.6030,4224.00,2
4770365,"K01475.03","Kepler-1669 d","CONFIRMED",1.22,4.72941177,669.0,0.6030,4224.00,3
10748390,"K00003.01","Kepler-3 b","CONFIRMED",4.82,4.887803076,800.0,0.7630,4778.00,1
11804465,"K00020.01","Kepler-12 b","CONFIRMED",18.05,4.437962934,1338.0,1.4150,5953.00,1
9663113,"K00179.01","Kepler-458 c","CONFIRMED",4.24,20.74028645,798.0,1.2990,6226.00,1
5649956,"K01540.01",,"FALSE POSITIVE",38.59,1.207852845,1539.0,0.7970,5601.00,1
4840513,"K01541.01",,"FALSE POSITIVE",25.74,2.379282197,1571.0,1.1620,6392.00,1
5217586,"K01592.01",,"FALSE POSITIVE",23.61,26.0692512,591.0,0.9100,5585.00,1
5289854,"K01593.01","Kepler-308 b","CONFIRMED",2.08,9.69501146,833.0,0.9140,5896.00,1
5289854,"K01593.02","Kepler-308 c","CONFIRMED",2.14,15.3825394,714.0,0.9140,5896.00,2
9895709,"K01594.01",,"FALSE POSITIVE",1.82,1.818939148,1549.0,0.9620,6153.00,1
10006581,"K01595.01","Kepler-902 b","CONFIRMED",3.11,40.1097817,556.0,1.1690,5509.00,1
5972334,"K00191.03",,"CANDIDATE",1.2,0.708621057,1846.0,0.8870,5422.00,3
6616218,"K01692.02","Kepler-314 b","CONFIRMED",0.84,2.46106962,1195.0,0.8860,5418.00,2
6696462,"K01693.01",,"FALSE POSITIVE",10.77,3.403743926,1101.0,0.8530,5596.00,1
7220429,"K01700.01","Kepler-931 b","CONFIRMED",1.54,8.03753796,744.0,0.8040,5044.00,1
7222086,"K01701.01",,"FALSE POSITIVE",2.61,2.43902575,2307.0,2.7840,6546.00,1
12406749,"K01476.01","Kepler-1752 b","CONFIRMED",5.04,56.3587987,419.0,0.8210,5446.00,1
8692861,"K00172.02","Kepler-69 c","CONFIRMED",1.73,242.467406,286.0,0.9430,5637.00,2
7811397,"K01477.01",,"CANDIDATE",9.06,169.4976085,272.0,0.7870,5270.00,1
12403119,"K01478.01","Kepler-858 b","CONFIRMED",4.78,76.13622222,399.0,0.8920,5591.00,1
9842890,"K01479.01",,"FALSE POSITIVE",2.59,4.9883872,990.0,0.8230,5819.00,1
8113154,"K01542.01",,"FALSE POSITIVE",19.84,2.586878667,1666.0,1.1720,6812.00,1
5270698,"K01543.01",,"FALSE POSITIVE",37.09,3.964333304,1680.0,2.3180,5758.00,1
5024450,"K01544.01",,"FALSE POSITIVE",49.86,1.525924389,1722.0,1.0600,6203.00,1
5282049,"K01545.01",,"FALSE POSITIVE",12.62,5.910371418,1053.0,0.9580,6200.00,1
5475431,"K01546.01",,"CANDIDATE",11.92,0.917568975,1748.0,0.8930,5713.00,1
10027323,"K01596.01","Kepler-309 b","CONFIRMED",0.99,5.92365747,531.0,0.4960,3883.00,1
10027323,"K01596.02","Kepler-309 c","CONFIRMED",1.87,105.3582299,204.0,0.4960,3883.00,2
12019440,"K00186.01","Kepler-485 b","CONFIRMED",12.91,3.24325988,1243.0,1.0130,5823.00,1
5039228,"K01597.01",,"CANDIDATE",2.44,7.79668781,1116.0,1.2760,6521.00,1
10004738,"K01598.01","Kepler-310 c","CONFIRMED",3.22,56.4758069,417.0,0.8390,5497.00,1
10004738,"K01598.02","Kepler-310 d","CONFIRMED",2.64,92.8747294,353.0,0.8390,5497.00,2
7304449,"K01702.01","Kepler-1650 b","CONFIRMED",1,1.538180949,602.0,0.2740,3364.00,1
7386827,"K01704.01","Kepler-1765 b","CONFIRMED",3.17,10.4188915,855.0,1.0640,5692.00,1
7522911,"K01705.01","Kepler-1670 b","CONFIRMED",2.8,20.4998763,731.0,1.0760,6249.00,1
7626370,"K01706.01","Kepler-932 b","CONFIRMED",1.77,1.921437488,1276.0,0.8510,5238.00,1
7703955,"K01707.01","Kepler-315 b","CONFIRMED",4.01,96.109323,409.0,1.0050,5792.00,1
7512982,"K01480.01","Kepler-859 b","CONFIRMED",3.16,20.38174802,528.0,0.8080,4883.00,1
7512982,"K01480.02",,"CANDIDATE",1.19,7.00447892,754.0,0.8080,4883.00,2
9597806,"K01481.01","Kepler-860 b","CONFIRMED",2.84,5.101375725,1050.0,0.9540,5869.00,1
7812167,"K01482.01",,"FALSE POSITIVE",312.48,17.7940049,762.0,1.0440,6273.00,1
11760959,"K01484.01",,"FALSE POSITIVE",2.4,3.47021401,933.0,0.7440,4922.00,1
5283458,"K01547.01",,"CANDIDATE",13.72,30.69395532,614.0,1.0180,6137.00,1
9940565,"K01548.01",,"FALSE POSITIVE",11.61,2.139325409,1007.0,0.6660,4765.00,1
8053552,"K01549.01",,"CANDIDATE",16.61,29.481061268,571.0,0.9010,5631.00,1
9663113,"K00179.02","Kepler-458 b","CONFIRMED",5.8,572.376632,264.0,1.2990,6226.00,2
8111381,"K01550.01",,"FALSE POSITIVE",28.63,2.233799622,1287.0,0.8460,5741.00,1
5444549,"K01551.01",,"FALSE POSITIVE",12.88,31.13862664,582.0,1.0000,5919.00,1
10004738,"K01598.03","Kepler-310 b","CONFIRMED",1.4,13.93068791,665.0,0.8390,5497.00,3
5474613,"K01599.01","Kepler-1659 c","CONFIRMED",2.9,20.4074846,660.0,0.9720,5823.00,1
4860932,"K01600.01",,"FALSE POSITIVE",24.89,12.36564669,804.0,0.9520,6075.00,1
5438757,"K01601.01","Kepler-903 b","CONFIRMED",1.97,10.35078415,842.0,1.0800,5534.00,1
5438757,"K01601.02","Kepler-903 c","CONFIRMED",2.75,62.9224936,462.0,1.0800,5534.00,2
7750419,"K01708.01",,"CANDIDATE",5,32.7737631,686.0,1.5340,5640.00,1
5972334,"K00191.04","Kepler-487 c","CONFIRMED",2.07,38.6520796,487.0,0.8870,5422.00,4
7815744,"K01710.01","Kepler-933 b","CONFIRMED",1.9,14.20442616,602.0,0.6780,5350.00,1
7955580,"K01711.01","Kepler-934 b","CONFIRMED",2.19,55.673582,384.0,0.8080,4998.00,1
8230616,"K01713.01","Kepler-316 c","CONFIRMED",1.34,6.82778157,577.0,0.5740,4198.00,2
9692345,"K01485.01",,"FALSE POSITIVE",1.35,0.687895191,1391.0,0.6510,4478.00,1
7898352,"K01486.01","Kepler-302 c","CONFIRMED",12.04,127.2824442,392.0,1.1830,5733.00,1
11402995,"K00173.01","Kepler-481 b","CONFIRMED",2.58,10.06083238,899.0,1.1400,5705.00,1
7898352,"K01486.02","Kepler-302 b","CONFIRMED",3.65,30.1837021,634.0,1.1830,5733.00,2
12062667,"K01487.01",,"FALSE POSITIVE",38.42,2.92928244,2112.0,2.2510,6634.00,1
7984047,"K01552.01",,"CANDIDATE",9.4,77.63424586,325.0,0.7550,4812.00,1
7951018,"K01553.01","Kepler-890 b","CONFIRMED",8.76,52.75878505,540.0,1.1370,6228.00,1
9899355,"K01554.01",,"FALSE POSITIVE",27.04,1.332564478,1618.0,0.8780,5995.00,1
12644774,"K01555.01",,"FALSE POSITIVE",3.25,41.0772969,523.0,0.9380,5665.00,1
9902856,"K01556.01",,"FALSE POSITIVE",40.18,135.9121619,370.0,0.9590,6141.00,1
7747425,"K01952.04","Kepler-341 e","CONFIRMED",2.03,42.4729078,539.0,1.1110,5616.00,3
9892816,"K01955.01","Kepler-342 b","CONFIRMED",2.47,15.17026921,905.0,1.3690,6297.00,1
9892816,"K01955.02","Kepler-342 d","CONFIRMED",2.8,39.4576228,658.0,1.3690,6297.00,2
9836149,"K01958.01","Kepler-66 b","CONFIRMED",3.12,17.8159689,699.0,0.9330,5964.00,1
4813563,"K01959.01","Kepler-1026 b","CONFIRMED",2.55,36.5157639,425.0,0.7810,4847.00,1
2985767,"K02032.01","Kepler-1063 b","CONFIRMED",2.08,14.07969236,931.0,1.5470,5821.00,1
2304320,"K02033.01","Kepler-1064 b","CONFIRMED",1.57,16.54081386,570.0,0.7690,5064.00,1
3657758,"K02034.01","Kepler-1065 b","CONFIRMED",3.26,3.609313059,1092.0,0.8680,5668.00,1
9790806,"K02035.01","Kepler-1066 b","CONFIRMED",2.25,1.93155546,1290.0,0.8580,5461.00,1
6382217,"K02036.01","Kepler-353 c","CONFIRMED",1.8,8.41100305,472.0,0.5390,3757.00,1
5375194,"K01825.01","Kepler-964 b","CONFIRMED",2.11,13.52252364,652.0,0.8160,5338.00,1
6468138,"K01826.01","Kepler-965 b","CONFIRMED",3.43,134.2520474,393.0,1.2000,5818.00,1
10019708,"K00199.01","Kepler-490 b","CONFIRMED",16.91,3.268695042,1597.0,1.6910,5927.00,1
11875734,"K01828.01","Kepler-966 b","CONFIRMED",3.94,99.7468804,391.0,0.9740,5620.00,1
7697568,"K01829.01",,"FALSE POSITIVE",30,22.84156293,557.0,0.8260,5381.00,1
7046804,"K00205.01","Kepler-492 b","CONFIRMED",7.94,11.720123999,660.0,0.7700,5215.00,1
7449136,"K01890.01","Kepler-1002 b","CONFIRMED",1.75,4.33643506,1453.0,1.6030,6180.00,1
8680979,"K01891.01","Kepler-330 c","CONFIRMED",2.18,15.95541913,573.0,0.8050,4891.00,1
8680979,"K01891.02","Kepler-330 b","CONFIRMED",1.35,8.25980352,714.0,0.8050,4891.00,2
9030537,"K01892.01","Kepler-1674 b","CONFIRMED",3.54,62.5613879,417.0,0.8400,5662.00,1
6949061,"K01960.01","Kepler-343 b","CONFIRMED",2.17,8.96847034,1024.0,1.3740,5808.00,1
7269493,"K01961.01","Kepler-1027 b","CONFIRMED",0.91,1.907810683,1268.0,0.8240,5435.00,1
5513648,"K01962.01",,"CANDIDATE",2.31,32.85862571,691.0,1.4140,5899.00,1
9164836,"K00213.01",,"FALSE POSITIVE",45.18,48.118812545,490.0,0.8720,6003.00,1
7887791,"K01964.01",,"CANDIDATE",0.6,2.229326354,1273.0,0.8650,5587.00,1
11657891,"K01965.01","Kepler-1028 b","CONFIRMED",1.27,2.514628496,1217.0,0.8400,5662.00,1
6305192,"K00219.01","Kepler-494 b","CONFIRMED",7.79,8.025118521,1093.0,1.3690,6002.00,1
6382217,"K02036.02","Kepler-353 b","CONFIRMED",1.05,5.79529495,534.0,0.5390,3757.00,2
9634821,"K02037.01","Kepler-1995 b","CONFIRMED",4.28,73.7578875,375.0,0.9300,5029.00,1
9634821,"K02037.03",,"CANDIDATE",2.26,8.56267266,768.0,0.9300,5029.00,3
8950568,"K02038.01","Kepler-85 b","CONFIRMED",1.69,8.30537702,809.0,0.8730,5435.00,1
3326377,"K01830.01","Kepler-967 b","CONFIRMED",2.22,13.22714056,638.0,0.8000,5180.00,1
11601584,"K01831.01","Kepler-324 c","CONFIRMED",2.6,51.8098276,410.0,0.8260,5191.00,1
11601584,"K01831.02","Kepler-324 b","CONFIRMED",1.15,4.38536428,935.0,0.8260,5191.00,2
11601584,"K01831.03","Kepler-324 d","CONFIRMED",1.1,34.205785079,471.0,0.8260,5191.00,4
11601584,"K01831.04","Kepler-324 e","CONFIRMED",1.97,13.97945055,635.0,0.8260,5191.00,3
8689793,"K01893.01","Kepler-1003 b","CONFIRMED",1.29,3.554856338,1157.0,0.8310,6068.00,1
11673802,"K01894.01","Kepler-1004 b","CONFIRMED",7.1,5.28790754,1661.0,3.8180,4994.00,1
4263293,"K01895.01","Kepler-331 b","CONFIRMED",1.87,8.45746636,540.0,0.5240,4347.00,1
4263293,"K01895.02","Kepler-331 c","CONFIRMED",2.04,17.28116957,425.0,0.5240,4347.00,2
4263293,"K01895.03","Kepler-331 d","CONFIRMED",1.84,32.1340014,346.0,0.5240,4347.00,3
5695524,"K01897.01","Kepler-1774 b","CONFIRMED",3.17,59.7711433,522.0,1.1220,6214.00,1
6205897,"K01967.01","Kepler-1029 b","CONFIRMED",1.57,4.417692516,790.0,0.6640,4766.00,1
7948784,"K01968.01","Kepler-1778 b","CONFIRMED",3.15,10.08744556,942.0,1.0950,6310.00,1
9244756,"K01969.01","Kepler-1779 b","CONFIRMED",3.26,16.34355902,730.0,1.0560,5730.00,1
9650808,"K01970.01","Kepler-344 b","CONFIRMED",2.57,21.96401646,643.0,0.9580,5774.00,1
9650808,"K01970.02","Kepler-344 c","CONFIRMED",2.89,125.602323,360.0,0.9580,5774.00,2
8950568,"K02038.02","Kepler-85 c","CONFIRMED",1.88,12.51353325,706.0,0.8730,5435.00,2
8950568,"K02038.03","Kepler-85 d","CONFIRMED",1.39,17.9134215,626.0,0.8730,5435.00,4
8950568,"K02038.04","Kepler-85 e","CONFIRMED",1.19,25.2149143,559.0,0.8730,5435.00,3
8804845,"K02039.01","Kepler-1067 c","CONFIRMED",1.48,5.42586901,973.0,0.9340,5594.00,1
10480915,"K02040.01","Kepler-1785 b","CONFIRMED",3.09,19.58561177,666.0,0.9960,5618.00,1
11709244,"K01832.01","Kepler-325 b","CONFIRMED",3,4.544436472,1017.0,0.9370,5445.00,1
11709244,"K01832.02","Kepler-325 c","CONFIRMED",3.18,12.76220558,721.0,0.9370,5445.00,2
11709244,"K01832.03","Kepler-325 d","CONFIRMED",2.62,38.7149617,498.0,0.9370,5445.00,3
10019708,"K00199.02",,"FALSE POSITIVE",2.6,8.78458274,1149.0,1.6910,5927.00,2
11853878,"K01833.01","Kepler-968 b","CONFIRMED",1.74,3.69298623,745.0,0.5720,4402.00,1
5728139,"K00206.01","Kepler-433 b","CONFIRMED",13.08,5.334082429,1495.0,1.9050,6332.00,1
7668663,"K01898.01","Kepler-1005 b","CONFIRMED",1.87,6.4980147,1026.0,1.1040,5727.00,1
7047922,"K01899.01","Kepler-1006 b","CONFIRMED",2.81,19.76169247,791.0,1.1750,6327.00,1
9353314,"K01900.01","Kepler-1007 b","CONFIRMED",1.15,5.18498961,652.0,0.5600,4325.00,1
3629967,"K01901.01","Kepler-1775 b","CONFIRMED",3.56,85.6542476,522.0,1.6470,5818.00,1
9347009,"K01971.01","Kepler-1030 b","CONFIRMED",2.26,19.32945602,529.0,0.7630,5026.00,1
11253711,"K01972.01",,"CANDIDATE",2.88,17.79108667,830.0,1.3400,5855.00,1
4917596,"K01973.01","Kepler-1032 b","CONFIRMED",1.49,3.290114076,802.0,0.5940,4484.00,1
4743513,"K00024.01",,"FALSE POSITIVE",10.3,2.086075752,1845.0,1.4170,6131.00,1
11046458,"K00214.01","Kepler-424 b","CONFIRMED",9.06,3.311864148,1116.0,0.9370,5461.00,1
9111849,"K02042.01",,"CANDIDATE",17.8,63.0732241,1077.0,6.3540,6234.00,1
7132798,"K00220.01","Kepler-119 b","CONFIRMED",3.55,2.422084188,1213.0,0.8300,5598.00,1
3448130,"K02043.01","Kepler-1786 b","CONFIRMED",3.55,78.5461106,501.0,1.3970,5808.00,1
9656252,"K02044.01","Kepler-1068 b","CONFIRMED",3.4,16.92342126,702.0,0.9900,5786.00,1
6026438,"K02045.01","Kepler-354 b","CONFIRMED",2.01,5.47665801,741.0,0.7060,4650.00,1
9471268,"K01835.01","Kepler-326 c","CONFIRMED",1.38,4.580346161,889.0,0.7890,5103.00,2
9471268,"K01835.02","Kepler-326 b","CONFIRMED",1.25,2.248288213,1127.0,0.7890,5103.00,1
9471268,"K01835.03","Kepler-326 d","CONFIRMED",1.31,6.76690759,781.0,0.7890,5103.00,3
10657406,"K01837.01","Kepler-969 b","CONFIRMED",2.37,34.1732156,465.0,0.8340,5201.00,1
5526527,"K01838.01","Kepler-970 b","CONFIRMED",2.73,16.7364755,464.0,0.6530,4334.00,1
5809954,"K01902.01",,"FALSE POSITIVE",15.9,137.8645881,170.0,0.4490,3645.00,1
8766650,"K01904.01","Kepler-1008 b","CONFIRMED",1.3,12.43929428,627.0,0.7730,4987.00,1
10328393,"K01905.01","Kepler-332 b","CONFIRMED",1.21,7.62635494,703.0,0.7210,4955.00,1
11773328,"K01906.01",,"CANDIDATE",3.61,8.710442022,760.0,0.8090,5416.00,1
7094486,"K01907.01","Kepler-1009 b","CONFIRMED",1.75,11.35010642,403.0,0.5140,3597.00,1
7289577,"K01974.01","Kepler-1780 b","CONFIRMED",3.04,109.4450597,340.0,0.8680,5403.00,1
8543100,"K01975.01","Kepler-1033 b","CONFIRMED",2.4,7.56052209,914.0,0.9400,5895.00,1
2693736,"K01976.01","Kepler-1034 b","CONFIRMED",2.37,12.12401737,675.0,0.8700,5094.00,1
9412760,"K01977.01","Kepler-345 c","CONFIRMED",1.69,9.38740646,575.0,0.6460,4500.00,1
9412760,"K01977.02","Kepler-345 b","CONFIRMED",0.79,7.41556471,622.0,0.6460,4500.00,2
6026438,"K02045.02","Kepler-354 d","CONFIRMED",1.5,24.2101973,451.0,0.7060,4650.00,2
10663396,"K02046.01","Kepler-1069 b","CONFIRMED",3.26,23.8990075,823.0,1.9300,5511.00,1
11457726,"K02047.01","Kepler-1070 b","CONFIRMED",1.59,6.22161107,1101.0,1.0970,6277.00,1
8956206,"K02048.01","Kepler-1071 b","CONFIRMED",2.12,6.17998508,814.0,0.7910,5149.00,1
9649706,"K02049.01","Kepler-1072 b","CONFIRMED",1.68,1.569066598,1849.0,1.3950,5821.00,1
5856571,"K01839.01","Kepler-971 b","CONFIRMED",3.93,9.59068586,1087.0,1.6730,5476.00,1
7765528,"K01840.01","Kepler-972 b","CONFIRMED",4.67,7.03932913,1060.0,1.2400,5846.00,1
11760231,"K01841.01","Kepler-973 b","CONFIRMED",2.12,49.6075771,402.0,0.7740,5187.00,1
7779077,"K01842.01","Kepler-1770 b","CONFIRMED",3.08,16.84183355,699.0,1.0090,5602.00,1
6046540,"K00200.01","Kepler-74 b","CONFIRMED",14.31,7.340714946,1155.0,1.4980,6056.00,1
5706966,"K01908.01","Kepler-333 b","CONFIRMED",1.34,12.55111099,480.0,0.5980,4213.00,1
3762468,"K00208.01","Kepler-493 b","CONFIRMED",10.96,3.003879547,1438.0,1.1720,6311.00,1
5706966,"K01908.02","Kepler-333 c","CONFIRMED",1.16,24.0884178,386.0,0.5980,4213.00,2
10130039,"K01909.01","Kepler-334 c","CONFIRMED",1.49,12.75800092,822.0,1.0950,5782.00,1
10130039,"K01909.02","Kepler-334 b","CONFIRMED",1.15,5.47033376,1090.0,1.0950,5782.00,2
9518318,"K01978.01","Kepler-346 b","CONFIRMED",3.09,6.51112385,1008.0,1.0010,6032.00,1
9518318,"K01978.02","Kepler-346 c","CONFIRMED",3.37,23.85163321,654.0,1.0010,6032.00,2
7273277,"K01979.01","Kepler-1035 b","CONFIRMED",1.38,2.714078374,1301.0,0.9920,5815.00,1
11769890,"K01980.01","Kepler-1036 b","CONFIRMED",2.7,122.8799543,326.0,0.8610,5413.00,1
6862721,"K01982.01","Kepler-1781 b","CONFIRMED",2.45,4.88753111,1003.0,0.9570,5568.00,1
12301181,"K02059.01","Kepler-1076 b","CONFIRMED",0.79,6.14728341,770.0,0.7460,4997.00,1
9279354,"K02060.01","Kepler-1788 b","CONFIRMED",2.13,2.800111267,956.0,0.7040,4786.00,1
6774880,"K02062.01","Kepler-1077 b","CONFIRMED",2.75,34.3511339,576.0,0.9670,6091.00,1
3937519,"K00221.01","Kepler-495 b","CONFIRMED",6.62,3.413036353,1200.0,1.0870,5392.00,1
7449541,"K02063.01","Kepler-1078 b","CONFIRMED",1.56,3.00725068,1122.0,0.7810,5667.00,1
5080636,"K01843.01","Kepler-974 b","CONFIRMED",1.57,4.194496867,577.0,0.5220,3706.00,1
5080636,"K01843.02",,"CANDIDATE",0.86,6.35585682,503.0,0.5220,3706.00,2
3338885,"K01845.01","Kepler-975 b","CONFIRMED",3.97,1.970340203,1599.0,1.6670,4883.00,1
3338885,"K01845.02","Kepler-975 c","CONFIRMED",10.69,5.05821338,1168.0,1.6670,4883.00,2
6776401,"K01847.01","Kepler-977 b","CONFIRMED",2.65,26.85323647,544.0,0.8690,5329.00,1
10130039,"K01909.03","Kepler-334 d","CONFIRMED",1.59,25.0985083,656.0,1.0950,5782.00,3
8226050,"K01910.01","Kepler-1010 b","CONFIRMED",2.44,34.2685741,477.0,0.8720,5083.00,1
9965957,"K01911.01","Kepler-1011 b","CONFIRMED",3.14,5.75321539,920.0,0.9290,5445.00,1
9704384,"K01913.01","Kepler-1012 b","CONFIRMED",1.49,5.50860699,934.0,0.8830,5448.00,1
8426567,"K01914.01","Kepler-1013 b","CONFIRMED",4.41,18.93055119,766.0,1.6430,5015.00,1
12508335,"K00215.01",,"FALSE POSITIVE",41.62,42.94386258,520.0,0.9400,5750.00,1
10094670,"K01984.01","Kepler-1677 b","CONFIRMED",2.67,22.06402,712.0,1.0900,6232.00,1
8142942,"K01985.01","Kepler-1782 b","CONFIRMED",2.24,5.756245244,773.0,0.7340,4931.00,1
8257205,"K01986.01","Kepler-1038 b","CONFIRMED",3.61,148.4601819,285.0,0.8210,5159.00,1
9044228,"K01988.01","Kepler-1039 b","CONFIRMED",3.21,0.934885365,2080.0,1.7950,4777.00,1
7265298,"K02051.01","Kepler-355 c","CONFIRMED",2.66,25.7626846,633.0,1.0690,5739.00,1
7265298,"K02051.02","Kepler-355 b","CONFIRMED",1.45,11.0317836,840.0,1.0690,5739.00,2
7132798,"K00220.02","Kepler-119 c","CONFIRMED",0.88,4.12511935,1016.0,0.8300,5598.00,2
3248501,"K02052.01",,"CANDIDATE",4.31,4.22464216,1279.0,1.1400,6343.00,1
2307415,"K02053.01","Kepler-356 c","CONFIRMED",1.99,13.12162167,913.0,1.2770,6140.00,2
7430034,"K01848.01","Kepler-978 b","CONFIRMED",3.33,49.6220669,546.0,1.1840,5938.00,1
9735426,"K01849.01","Kepler-979 b","CONFIRMED",2.94,8.08801663,792.0,0.8740,5269.00,1
8826168,"K01850.01","Kepler-980 b","CONFIRMED",2.17,11.55103848,845.0,1.0580,5907.00,1
10464050,"K01851.01","Kepler-981 b","CONFIRMED",2.26,4.469754641,1103.0,0.9340,5988.00,1
9763348,"K01852.01","Kepler-982 b","CONFIRMED",2.72,15.77382794,955.0,1.5310,6283.00,1
9101496,"K01915.01","Kepler-335 b","CONFIRMED",3.07,6.56226483,1290.0,1.8120,5878.00,1
6037581,"K01916.01","Kepler-336 d","CONFIRMED",2.42,20.67876365,749.0,1.2720,5865.00,2
10723750,"K00209.01","Kepler-117 c","CONFIRMED",10.6,50.79034648,612.0,1.4060,6163.00,1
6037581,"K01916.02","Kepler-336 c","CONFIRMED",2.08,9.59993246,967.0,1.2720,5865.00,1
6037581,"K01916.03","Kepler-336 b","CONFIRMED",1.01,2.0248205,1625.0,1.2720,5865.00,3
10779233,"K01989.01","Kepler-1040 b","CONFIRMED",2.28,201.118319,300.0,0.9540,5646.00,1
11614617,"K01990.01","Kepler-1041 b","CONFIRMED",2.44,24.7577652,644.0,0.9660,6106.00,1
11450414,"K01992.01","Kepler-347 b","CONFIRMED",2.88,12.7983174,908.0,1.4510,5592.00,1
4736569,"K01996.01","Kepler-1042 b","CONFIRMED",1.67,10.13200555,574.0,0.5610,4777.00,1
10384798,"K01997.01","Kepler-1043 b","CONFIRMED",2.45,38.505224,532.0,0.8810,5974.00,1
2307415,"K02053.02","Kepler-356 b","CONFIRMED",1.6,4.6126736,1294.0,1.2770,6140.00,1
3128552,"K02055.01","Kepler-1073 b","CONFIRMED",2.56,8.67890312,905.0,1.1160,5509.00,1
10134152,"K02056.01","Kepler-1787 b","CONFIRMED",2.07,39.3135699,540.0,0.9250,6060.00,1
9573685,"K02057.01","Kepler-1074 b","CONFIRMED",1.12,5.94565516,568.0,0.5640,3974.00,1
10329835,"K02058.01","Kepler-1075 b","CONFIRMED",1.26,1.52373073,818.0,0.5100,3746.00,1
6849046,"K00201.01","Kepler-491 b","CONFIRMED",9,4.225384543,1111.0,1.0540,5574.00,1
8804397,"K01853.01","Kepler-983 b","CONFIRMED",2.4,60.0853848,485.0,1.0470,6028.00,1
9662811,"K01854.01","Kepler-984 b","CONFIRMED",2.5,43.0343364,484.0,0.9110,5550.00,1
11570749,"K01856.01",,"CANDIDATE",4.33,46.2991052,592.0,1.5070,5396.00,1
11297236,"K01857.01","Kepler-1771 b","CONFIRMED",2.51,88.6440015,391.0,0.9340,5661.00,1
10074466,"K01917.01","Kepler-1776 b","CONFIRMED",2.97,35.01190875,603.0,1.1530,5872.00,1
8218379,"K01920.01","Kepler-1014 b","CONFIRMED",2.03,16.57099265,614.0,0.7790,5483.00,1
7755636,"K01921.01","Kepler-1015 b","CONFIRMED",3.71,16.00496657,1040.0,1.9040,6384.00,1
9411166,"K01922.01","Kepler-1016 b","CONFIRMED",2.38,1.954525966,1540.0,1.1360,5741.00,1
9411166,"K01922.02",,"CANDIDATE",,15.09521323,,,,
4989057,"K01923.01","Kepler-1017 b","CONFIRMED",1.78,7.23400381,831.0,0.8500,5411.00,1
9834040,"K01998.01","Kepler-1044 b","CONFIRMED",2.5,6.77408984,1058.0,1.0920,6246.00,1
6152974,"K00216.01","Kepler-118 c","CONFIRMED",6.24,20.172024672,564.0,0.8640,5064.00,1
8802693,"K02000.01","Kepler-1045 b","CONFIRMED",2.45,26.41044199,512.0,0.7340,5448.00,1
6061773,"K02001.01","Kepler-1783 b","CONFIRMED",2.46,8.27745764,1088.0,1.7810,5129.00,1
10024701,"K02002.01","Kepler-1046 b","CONFIRMED",2.05,14.37504582,786.0,1.0530,5931.00,1
2579043,"K02064.01",,"CANDIDATE",2.17,6.31219171,1096.0,1.0750,6322.00,1
3239671,"K02066.01","Kepler-1678 b","CONFIRMED",3.33,147.97391,329.0,0.9500,5578.00,1
9304101,"K02067.01","Kepler-1079 b","CONFIRMED",1.77,13.24503482,887.0,1.3900,5636.00,1
11360571,"K02069.01","Kepler-1080 b","CONFIRMED",3.7,77.2550726,548.0,1.3560,6564.00,1
6035124,"K02071.01","Kepler-1081 b","CONFIRMED",0.93,3.85690686,972.0,0.8130,5272.00,1
8160953,"K01858.01","Kepler-985 b","CONFIRMED",3.26,116.3311739,323.0,0.8350,5354.00,1
8160953,"K01858.02",,"CANDIDATE",2.06,86.049055,410.0,0.9970,5733.00,
4157325,"K01860.01","Kepler-416 b","CONFIRMED",2.71,6.31943553,986.0,1.0220,5670.00,1
4157325,"K01860.02","Kepler-416 c","CONFIRMED",2.61,12.20951755,791.0,1.0220,5670.00,2
4157325,"K01860.03","Kepler-416 d","CONFIRMED",1.61,3.07644709,1253.0,1.0220,5670.00,3
5108214,"K01924.01",,"FALSE POSITIVE",1.35,2.11913005,2090.0,2.3770,5799.00,1
9955598,"K01925.01","Kepler-409 b","CONFIRMED",1.11,68.958447,402.0,0.8880,5455.00,1
10723750,"K00209.02","Kepler-117 b","CONFIRMED",7.39,18.79591276,852.0,1.4060,6163.00,2
7219761,"K01927.01",,"FALSE POSITIVE",,47.76397728,,,,
5770074,"K01928.01","Kepler-1675 b","CONFIRMED",2.59,63.0380366,465.0,1.0190,5798.00,1
10136549,"K01929.01","Kepler-337 c","CONFIRMED",1.89,9.69315023,1017.0,1.4720,5683.00,1
9851271,"K02003.01",,"FALSE POSITIVE",2.58,8.48031229,952.0,1.0780,5910.00,1
12154526,"K02004.01","Kepler-1047 b","CONFIRMED",2.56,56.1886436,503.0,1.1760,5700.00,1
6665512,"K02005.01","Kepler-1048 b","CONFIRMED",1.48,6.92101452,619.0,0.5850,4461.00,1
10525027,"K02006.01","Kepler-1049 b","CONFIRMED",0.81,3.27344784,625.0,0.4960,3758.00,1
11069176,"K02007.01","Kepler-1050 b","CONFIRMED",2.94,15.3789014,1039.0,2.1530,5817.00,1
10005758,"K01783.01","Kepler-1662 b","CONFIRMED",10.52,134.4785189,412.0,1.3360,5791.00,1
10158418,"K01784.01",,"CANDIDATE",8.8,5.007414194,1114.0,1.0420,5957.00,1
3128793,"K01786.01",,"FALSE POSITIVE",48.04,24.68662378,1149.0,5.1320,4648.00,1
5864975,"K01787.01","Kepler-950 b","CONFIRMED",6.99,98.7179332,360.0,0.7860,5808.00,1
2975770,"K01788.01","Kepler-951 b","CONFIRMED",5.76,71.52543938,340.0,0.7780,4855.00,1
3648437,"K01861.01",,"CANDIDATE",3.56,17.50441726,824.0,1.3290,5815.00,1
7877496,"K00202.01","Kepler-412 b","CONFIRMED",13.25,1.72086129,1647.0,1.2150,5742.00,1
7286173,"K01862.01","Kepler-986 b","CONFIRMED",2.37,56.4349933,465.0,1.0010,5534.00,1
11126381,"K01863.01","Kepler-1673 b","CONFIRMED",2.71,33.7888028,611.0,1.0620,6202.00,1
4149450,"K01864.01","Kepler-1772 b","CONFIRMED",1.54,3.215109385,1155.0,0.9340,5541.00,1
10136549,"K01929.02","Kepler-337 b","CONFIRMED",1.39,3.29276797,1458.0,1.4720,5683.00,2
5511081,"K01930.01","Kepler-338 b","CONFIRMED",2.38,13.72710334,1005.0,1.6930,5951.00,1
5511081,"K01930.02","Kepler-338 c","CONFIRMED",2.3,24.3110031,831.0,1.6930,5951.00,2
5511081,"K01930.03","Kepler-338 d","CONFIRMED",2.61,44.4304059,680.0,1.6930,5951.00,3
5511081,"K01930.04","Kepler-338 e","CONFIRMED",1.56,9.34145925,1143.0,1.6930,5951.00,4
10978763,"K01931.01","Kepler-339 b","CONFIRMED",1.75,4.97760447,1023.0,1.0230,5353.00,1
11069176,"K02007.02","Kepler-1050 c","CONFIRMED",2.88,21.1285655,935.0,2.1530,5817.00,2
8098728,"K02008.01",,"FALSE POSITIVE",7.14,24.4851178,1179.0,2.9950,6655.00,1
6152974,"K00216.02","Kepler-118 b","CONFIRMED",1.42,7.51854537,784.0,0.8640,5064.00,2
2449431,"K02009.01",,"CANDIDATE",2.23,86.7490807,398.0,0.9700,5579.00,1
5631630,"K02010.01","Kepler-1051 b","CONFIRMED",3.25,25.96190067,850.0,1.7290,6369.00,1
6504954,"K01790.01","Kepler-952 b","CONFIRMED",7.7,130.3543929,369.0,1.0150,5970.00,1
9410930,"K00196.01","Kepler-41 b","CONFIRMED",10.05,1.855557556,1436.0,0.9470,5657.00,1
5731623,"K01793.01",,"CANDIDATE",8.01,3.261759866,1262.0,0.9450,6131.00,1
6153672,"K01794.01",,"FALSE POSITIVE",56.83,3.364425589,1106.0,0.7750,5813.00,1
10676014,"K01797.01","Kepler-954 b","CONFIRMED",2.25,16.78175788,545.0,0.7420,4925.00,1
9520838,"K01866.01","Kepler-987 b","CONFIRMED",3.18,105.3035093,351.0,0.8750,5534.00,1
8167996,"K01867.01","Kepler-327 b","CONFIRMED",1.11,2.549562652,682.0,0.5060,3716.00,1
8167996,"K01867.02","Kepler-327 d","CONFIRMED",2.04,13.96950181,387.0,0.5060,3716.00,2
8167996,"K01867.03","Kepler-327 c","CONFIRMED",1.04,5.21230171,537.0,0.5060,3716.00,3
6773862,"K01868.01","Kepler-988 b","CONFIRMED",1.93,17.76076524,368.0,0.5160,3826.00,1
10978763,"K01931.02","Kepler-339 d","CONFIRMED",1.41,10.55840479,796.0,1.0230,5353.00,3
10602291,"K00210.01",,"CANDIDATE",17.36,20.92735802,735.0,1.1090,6126.00,1
10978763,"K01931.03","Kepler-339 c","CONFIRMED",1.39,6.98800953,914.0,1.0230,5353.00,2
5202905,"K01932.01","Kepler-340 c","CONFIRMED",3.36,22.8245144,946.0,1.8460,6642.00,1
9072190,"K01933.01","Kepler-1018 b","CONFIRMED",3.28,49.1011093,498.0,1.1100,5393.00,1
5384079,"K02011.01","Kepler-348 b","CONFIRMED",1.68,7.05675145,1196.0,1.4020,6388.00,1
9839821,"K02012.01","Kepler-1052 b","CONFIRMED",2.4,34.8536903,522.0,0.8480,5818.00,1
4056616,"K02013.01","Kepler-1053 b","CONFIRMED",0.97,2.41434868,953.0,0.7240,4507.00,1
6707908,"K02014.01",,"FALSE POSITIVE",24.3,2.466070972,1260.0,0.8840,5708.00,1
8492026,"K02016.01","Kepler-1054 b","CONFIRMED",1.95,4.30656389,1177.0,1.0300,6108.00,1
6867766,"K01798.01",,"FALSE POSITIVE",39.93,12.964717746,834.0,1.0330,6210.00,1
6058614,"K01799.01",,"FALSE POSITIVE",56.05,1.731079436,1541.0,0.9550,6045.00,1
11017901,"K01800.01","Kepler-447 b","CONFIRMED",16.51,7.794302043,882.0,0.9820,5494.00,1
5088591,"K01801.01","Kepler-955 b","CONFIRMED",3.11,14.5324483,664.0,0.8600,5345.00,1
11298298,"K01802.01","Kepler-956 b","CONFIRMED",2.84,5.248667607,1056.0,1.0120,5807.00,1
10187159,"K01870.01","Kepler-989 b","CONFIRMED",2.44,7.96431492,805.0,0.9100,5185.00,1
9758089,"K01871.01","Kepler-1996 c","CONFIRMED",2.81,92.7297248,276.0,0.6750,4580.00,1
10619192,"K00203.01","Kepler-17 b","CONFIRMED",14.48,1.485710994,1562.0,1.0180,5624.00,1
9883311,"K01872.01",,"CANDIDATE",11.26,30.5231459,506.0,0.7900,5518.00,1
4939346,"K01873.01","Kepler-328 c","CONFIRMED",4.94,71.3116598,475.0,1.0690,6194.00,1
4242147,"K01934.01",,"CANDIDATE",2.11,28.78270955,443.0,0.7450,4774.00,1
5396122,"K01935.01",,"FALSE POSITIVE",37.58,15.44428875,731.0,0.9910,5895.00,1
10190777,"K01937.01","Kepler-1019 b","CONFIRMED",1.71,1.411230023,1164.0,0.7370,4575.00,1
9651234,"K01938.01","Kepler-1020 b","CONFIRMED",2.37,96.9151707,325.0,0.7910,5162.00,1
7045496,"K01939.01","Kepler-1021 b","CONFIRMED",1.96,13.47472742,634.0,0.7340,5395.00,1
8750043,"K02017.01","Kepler-1055 b","CONFIRMED",1.18,2.29503515,1304.0,0.9090,5637.00,1
9973109,"K02018.01","Kepler-1056 b","CONFIRMED",2.11,27.495634,590.0,0.9110,5657.00,1
6226290,"K02019.01","Kepler-1057 b","CONFIRMED",2.66,14.08826442,724.0,0.8950,5853.00,1
9595827,"K00217.01","Kepler-71 b","CONFIRMED",12.78,3.905081685,1046.0,0.8870,5543.00,1
9349482,"K02020.01","Kepler-1058 b","CONFIRMED",2.11,110.9643706,239.0,0.5460,4441.00,1
4349442,"K01803.01",,"CANDIDATE",2.34,4.539297295,830.0,0.7240,4914.00,1
4644952,"K01805.01","Kepler-319 c","CONFIRMED",2.96,6.94135824,876.0,0.8800,5527.00,1
2987027,"K00197.01","Kepler-489 b","CONFIRMED",7.31,17.276296682,538.0,0.7380,4941.00,1
4644952,"K01805.02","Kepler-319 d","CONFIRMED",2.08,31.7821117,528.0,0.8800,5527.00,3
4644952,"K01805.03","Kepler-319 b","CONFIRMED",1.76,4.36273233,1023.0,0.8800,5527.00,2
8978528,"K01874.01","Kepler-329 c","CONFIRMED",1.93,18.6848377,402.0,0.5450,4156.00,1
8978528,"K01874.02","Kepler-329 b","CONFIRMED",1.24,7.41634701,547.0,0.5450,4156.00,2
9967771,"K01875.01","Kepler-990 b","CONFIRMED",2.85,9.91724268,903.0,1.2070,5539.00,2
11622600,"K01876.01","Kepler-991 b","CONFIRMED",2.45,82.5341188,260.0,0.5800,4316.00,1
10454632,"K01877.01","Kepler-992 b","CONFIRMED",1.75,20.16037858,510.0,0.7240,4975.00,1
10005788,"K01940.01","Kepler-1022 b","CONFIRMED",1.71,10.99470891,512.0,0.5860,4302.00,1
10005788,"K01940.02",,"CANDIDATE",,6.73679732,,,,
10656508,"K00211.01",,"CANDIDATE",11.13,124.03589939,413.0,1.2800,5822.00,1
5213902,"K01941.01",,"FALSE POSITIVE",1.36,1.194812329,1806.0,0.9700,6198.00,1
2832589,"K01942.01","Kepler-1978 b","CONFIRMED",2.67,10.84969477,676.0,0.7780,5251.00,1
2438513,"K01944.01","Kepler-1777 b","CONFIRMED",2.59,12.18420006,819.0,1.0680,5771.00,1
6356207,"K02021.01","Kepler-1059 b","CONFIRMED",1.7,3.76417012,908.0,0.7280,5063.00,1
8564674,"K02022.01","Kepler-349 b","CONFIRMED",1.92,5.92972237,972.0,0.9560,5741.00,1
8564674,"K02022.02","Kepler-349 c","CONFIRMED",1.9,12.2476121,763.0,0.9560,5741.00,2
8578780,"K02023.01","Kepler-1784 b","CONFIRMED",2.4,13.59051547,724.0,0.9740,5442.00,1
4544907,"K02024.01","Kepler-1060 b","CONFIRMED",2.62,46.8776724,484.0,0.9930,5504.00,1
7761918,"K01808.01","Kepler-1769 b","CONFIRMED",3.81,89.1935737,483.0,1.2950,6071.00,1
8240797,"K01809.01","Kepler-321 c","CONFIRMED",2.2,13.09390911,752.0,0.9560,5772.00,1
8240797,"K01809.02","Kepler-321 b","CONFIRMED",1.46,4.915385452,1042.0,0.9560,5772.00,2
8164262,"K01810.01",,"FALSE POSITIVE",70.11,87.455958,728.0,2.1110,7700.00,1
6279974,"K01812.01",,"FALSE POSITIVE",63.55,0.805259257,2723.0,2.0220,5872.00,1
9455325,"K01813.01","Kepler-958 b","CONFIRMED",2.54,9.76785911,749.0,0.8520,5371.00,1
3098810,"K01878.01","Kepler-1773 b","CONFIRMED",3.44,40.80957343,623.0,1.3000,6183.00,1
8367644,"K01879.01","Kepler-993 b","CONFIRMED",3.34,22.08551599,352.0,0.5650,3828.00,1
10332883,"K01880.01","Kepler-994 b","CONFIRMED",1.28,1.151166776,957.0,0.5350,3951.00,1
9071386,"K00023.01",,"FALSE POSITIVE",17.85,4.693305543,1389.0,1.4700,6365.00,1
9305831,"K00204.01","Kepler-44 b","CONFIRMED",12.4,3.246732048,1459.0,1.4570,5763.00,1
2438513,"K01944.02",,"FALSE POSITIVE",1.49,8.3606759,929.0,1.0680,5771.00,2
11656918,"K01945.01","Kepler-1023 b","CONFIRMED",5.14,62.1385979,524.0,1.6210,5123.00,1
11656918,"K01945.02",,"CANDIDATE",1.22,17.1181036,654.0,0.9290,5576.00,
10844890,"K01946.01",,"CANDIDATE",2.76,8.29482811,876.0,0.9390,5773.00,1
9536692,"K01948.01",,"FALSE POSITIVE",27.64,26.635216,536.0,0.8820,5215.00,1
4636578,"K02025.01","Kepler-350 c","CONFIRMED",3.29,17.84850835,888.0,1.4650,6188.00,1
4636578,"K02025.02","Kepler-350 d","CONFIRMED",2.8,26.1363443,782.0,1.4650,6188.00,2
4636578,"K02025.03","Kepler-350 b","CONFIRMED",1.81,11.1895709,1037.0,1.4650,6188.00,3
11923284,"K02026.01","Kepler-1061 b","CONFIRMED",1.69,2.757977384,1332.0,1.0000,5919.00,1
9838975,"K00218.01",,"FALSE POSITIVE",14.81,18.692860599,528.0,0.6600,5190.00,1
5621125,"K01814.01","Kepler-959 b","CONFIRMED",17.38,14.80075082,1912.0,7.6630,6327.00,1
9872283,"K01815.01","Kepler-960 b","CONFIRMED",5.12,3.126861192,1391.0,1.7490,4854.00,1
10666242,"K00198.01",,"FALSE POSITIVE",15.86,87.24250316,390.0,0.9550,5671.00,1
8624520,"K01816.01",,"CANDIDATE",3.9,10.240611361,656.0,0.6400,5227.00,1
7870032,"K01818.01","Kepler-961 b","CONFIRMED",2.54,16.87725775,642.0,0.8720,5497.00,1
9597058,"K01819.01","Kepler-962 b","CONFIRMED",1.96,12.05705659,689.0,0.8340,5365.00,1
4035640,"K01881.01","Kepler-995 b","CONFIRMED",2.93,28.26727385,517.0,0.8860,5132.00,1
6205228,"K01882.01","Kepler-996 b","CONFIRMED",2.13,3.770590654,1272.0,1.2080,5714.00,1
11758544,"K01883.01","Kepler-997 b","CONFIRMED",1.36,2.7073064,1709.0,1.6290,6045.00,1
4851530,"K01884.01",,"CANDIDATE",4.37,23.11707222,548.0,0.7960,5275.00,1
4851530,"K01884.02",,"CANDIDATE",1.73,4.77502117,926.0,0.7960,5275.00,2
3118797,"K01950.01","Kepler-1024 b","CONFIRMED",3.44,66.4159789,376.0,0.7590,5383.00,1
7747425,"K01952.01","Kepler-341 c","CONFIRMED",1.88,8.0103929,940.0,1.1110,5616.00,1
6300348,"K00212.01",,"CANDIDATE",6.61,5.69590202,1043.0,0.9400,6106.00,1
7747425,"K01952.02","Kepler-341 d","CONFIRMED",2.04,27.6666375,622.0,1.1110,5616.00,2
7747425,"K01952.03","Kepler-341 b","CONFIRMED",1.18,5.19559398,1085.0,1.1110,5616.00,4
7102316,"K02028.01","Kepler-351 c","CONFIRMED",3.19,57.2488518,431.0,0.8460,5642.00,1
7102316,"K02028.02","Kepler-351 b","CONFIRMED",3.19,37.0551726,498.0,0.8460,5642.00,2
9489524,"K02029.01","Kepler-352 c","CONFIRMED",1.61,16.33269981,591.0,0.7720,5208.00,1
9489524,"K02029.02","Kepler-352 b","CONFIRMED",0.92,10.05550267,694.0,0.7720,5208.00,2
5940165,"K02031.01","Kepler-1062 b","CONFIRMED",1.67,9.30413878,583.0,0.6580,4458.00,1
8277797,"K01820.01","Kepler-322 c","CONFIRMED",1.63,4.33722007,996.0,0.8760,5390.00,1
8277797,"K01820.02","Kepler-322 b","CONFIRMED",0.97,1.653889476,1373.0,0.8760,5390.00,2
5124667,"K01822.01","Kepler-1672 b","CONFIRMED",4.37,150.8783198,423.0,1.7370,5504.00,1
2989404,"K01824.01","Kepler-323 c","CONFIRMED",1.62,3.553831111,1292.0,1.0810,6015.00,1
2989404,"K01824.02","Kepler-323 b","CONFIRMED",1.57,1.6783263,1659.0,1.0810,6015.00,2
11413812,"K01885.01","Kepler-998 b","CONFIRMED",1.82,5.65378163,1020.0,0.9340,5988.00,1
9549648,"K01886.01","Kepler-999 b","CONFIRMED",2.75,5.99185827,1355.0,1.6950,6157.00,1
10063802,"K01888.01","Kepler-1000 b","CONFIRMED",4.54,120.0183551,473.0,1.4670,6469.00,1
11074178,"K01889.01","Kepler-1001 b","CONFIRMED",3.05,14.30517579,693.0,0.8460,5741.00,1
11074178,"K01889.02","Kepler-1001 c","CONFIRMED",2.17,9.18189122,804.0,0.8460,5741.00,2
11030475,"K02248.04",,"CANDIDATE",0.99,2.64622742,1082.0,0.7870,5167.00,3
5942808,"K02250.01","Kepler-1814 b","CONFIRMED",3.15,2.935362067,1022.0,0.8230,4922.00,1
6206214,"K02252.01","Kepler-1158 b","CONFIRMED",2.32,13.53953595,1079.0,1.9970,6109.00,1
8959839,"K02253.01","Kepler-1159 b","CONFIRMED",1.72,22.7082375,677.0,0.9920,6170.00,1
7672097,"K02255.01","Kepler-1160 b","CONFIRMED",1.81,7.97033985,839.0,0.8180,5774.00,1
6142862,"K02336.01",,"FALSE POSITIVE",0.79,5.33459393,627.0,0.5330,4275.00,1
5599774,"K02337.01","Kepler-1195 b","CONFIRMED",2.14,8.49640437,702.0,0.7090,5093.00,1
8099138,"K02338.01","Kepler-1196 b","CONFIRMED",2.72,66.1843646,436.0,0.9780,5640.00,1
7033233,"K02339.01","Kepler-1197 b","CONFIRMED",1.12,2.032318856,1011.0,0.6820,4670.00,1
7033233,"K02339.02",,"CANDIDATE",,65.18703725,,,,
6383785,"K00239.02","Kepler-501 c","CONFIRMED",1.62,3.62275506,1304.0,1.2160,5794.00,2
9411412,"K02101.01","Kepler-1096 b","CONFIRMED",1.31,2.892216772,794.0,0.6150,4229.00,1
7008211,"K02102.01","Kepler-1097 b","CONFIRMED",2.95,187.746606,267.0,0.7530,5303.00,1
7620413,"K02103.01","Kepler-1098 b","CONFIRMED",1.26,2.543063763,1319.0,1.0290,5579.00,1
4545187,"K00223.01","Kepler-121 b","CONFIRMED",2.65,3.177414601,997.0,0.7080,5303.00,1
10854546,"K02104.01","Kepler-1099 b","CONFIRMED",2.41,2.168451063,1558.0,1.1090,6153.00,1
11774991,"K02173.01","Kepler-367 b","CONFIRMED",1.21,37.8154157,401.0,0.7050,4856.00,1
11774991,"K02173.02","Kepler-367 c","CONFIRMED",1.16,53.5783052,357.0,0.7050,4856.00,2
8261920,"K02174.01",,"CANDIDATE",2.44,6.69332825,609.0,0.6370,4245.00,1
8261920,"K02174.02","Kepler-1802 c","CONFIRMED",2.05,33.1362861,357.0,0.6370,4245.00,3
8261920,"K02174.03","Kepler-1802 b","CONFIRMED",1.71,7.72513619,581.0,0.6370,4245.00,2
9112931,"K02256.01","Kepler-1161 b","CONFIRMED",2.02,10.71253475,485.0,0.5440,4175.00,1
9071593,"K02257.01","Kepler-1162 b","CONFIRMED",2.05,32.5635249,490.0,0.8590,5225.00,1
8126558,"K02259.01","Kepler-1815 b","CONFIRMED",2.46,12.19140405,763.0,0.9670,5516.00,1
11811193,"K02260.01","Kepler-1163 b","CONFIRMED",1.05,6.11784972,1211.0,1.3330,6226.00,1
3734418,"K02261.01","Kepler-1164 b","CONFIRMED",1.11,3.97599629,936.0,0.7780,5143.00,1
8681734,"K02340.01","Kepler-1198 b","CONFIRMED",1.47,7.68478504,830.0,0.9070,5344.00,1
10232693,"K02341.01",,"FALSE POSITIVE",3.52,0.990516282,2841.0,2.3990,5975.00,1
10212441,"K02342.01","Kepler-1199 b","CONFIRMED",1.51,15.0447098,931.0,1.5250,5798.00,1
6119141,"K02343.01",,"CANDIDATE",2.32,29.0726293,614.0,1.0420,5799.00,1
8247771,"K02344.01","Kepler-1200 b","CONFIRMED",0.98,1.118547814,1174.0,0.6580,4496.00,1
8165946,"K02105.01","Kepler-1100 b","CONFIRMED",1.25,6.42199919,1000.0,0.9810,5985.00,1
12017109,"K02106.01","Kepler-1679 b","CONFIRMED",1.87,9.75374033,813.0,0.8990,5806.00,1
9225395,"K02107.01","Kepler-1101 b","CONFIRMED",2.55,81.3153052,393.0,0.9750,5325.00,1
10709622,"K02108.01","Kepler-1102 b","CONFIRMED",3.06,51.3283527,546.0,1.1190,6119.00,1
11499228,"K02109.01","Kepler-1103 b","CONFIRMED",2.58,19.7919389,736.0,1.0390,6285.00,1
9022166,"K02175.01","Kepler-368 b","CONFIRMED",3.2,26.8475962,800.0,1.9880,5508.00,1
10965588,"K02177.01","Kepler-1132 b","CONFIRMED",2.5,62.8917493,384.0,0.8550,5052.00,1
10670119,"K02179.01","Kepler-369 c","CONFIRMED",1.59,14.87149773,391.0,0.5240,3825.00,1
10670119,"K02179.02","Kepler-369 b","CONFIRMED",1.42,2.732767897,687.0,0.5240,3825.00,2
4043443,"K00231.01",,"FALSE POSITIVE",26.96,119.8401019,255.0,0.6750,4602.00,1
8491277,"K00234.01","Kepler-498 b","CONFIRMED",3.27,9.61375316,931.0,1.1100,5997.00,1
3734418,"K02261.02",,"CANDIDATE",0.9,6.6254781,828.0,0.8320,5211.00,
8613535,"K02263.01","Kepler-1165 c","CONFIRMED",1.91,29.9685917,644.0,1.0760,6249.00,1
12256520,"K02264.01","Kepler-1166 b","CONFIRMED",1.51,33.2407985,486.0,0.8270,5382.00,1
3337432,"K02265.01",,"FALSE POSITIVE",2.27,2.97600846,1892.0,2.0880,6208.00,1
5629538,"K02345.01","Kepler-1201 b","CONFIRMED",1.94,15.18727049,789.0,1.0050,6136.00,1
8561231,"K02346.01","Kepler-1202 b","CONFIRMED",2.69,28.6853212,547.0,0.8380,5726.00,1
8235924,"K02347.01","Kepler-1203 b","CONFIRMED",0.99,0.588001053,1188.0,0.5700,3814.00,1
6941084,"K02348.01","Kepler-1204 b","CONFIRMED",2.94,85.7357202,448.0,1.0770,6096.00,1
6200235,"K02350.01","Kepler-1205 b","CONFIRMED",1.98,1.078389713,1667.0,0.9850,5325.00,1
11460462,"K02110.01","Kepler-1104 b","CONFIRMED",1.55,5.03728033,1321.0,1.3810,6387.00,1
8612275,"K02111.01","Kepler-360 b","CONFIRMED",1.37,3.289726319,1116.0,0.9100,5463.00,1
8612275,"K02111.02","Kepler-360 c","CONFIRMED",2.19,7.18644594,860.0,0.9100,5463.00,2
7207061,"K02113.01","Kepler-417 c","CONFIRMED",2.62,15.94248453,616.0,0.8060,5376.00,1
4545187,"K00223.02","Kepler-121 c","CONFIRMED",2.64,41.0081117,425.0,0.7080,5303.00,2
7286911,"K02180.01","Kepler-1133 b","CONFIRMED",2.11,11.55562042,703.0,0.8500,5420.00,1
8591173,"K02181.01","Kepler-1804 b","CONFIRMED",3.22,12.2885046,913.0,1.6710,5109.00,1
6962109,"K02182.01","Kepler-1134 b","CONFIRMED",2.31,17.13263125,611.0,0.7940,5477.00,1
5706595,"K02183.01","Kepler-370 c","CONFIRMED",2.04,19.0231361,647.0,0.9540,5569.00,1
5706595,"K02183.02","Kepler-370 b","CONFIRMED",1.35,4.57948235,1040.0,0.9540,5569.00,2
10489345,"K02266.01","Kepler-1167 b","CONFIRMED",1.6,1.003931703,1419.0,0.7410,4949.00,1
11774303,"K02269.01",,"FALSE POSITIVE",2.55,0.614083885,2603.0,1.2760,6521.00,1
10329469,"K02271.01","Kepler-1168 b","CONFIRMED",2.13,55.8224775,379.0,0.7360,5162.00,1
9654875,"K02272.01",,"CANDIDATE",1.31,1.34145255,3015.0,2.3890,7495.00,1
9717943,"K02273.01","Kepler-1169 b","CONFIRMED",0.93,6.11010439,1125.0,1.1950,6213.00,1
8026752,"K00240.01","Kepler-502 b","CONFIRMED",4.14,4.286866229,1217.0,1.0490,6228.00,1
1872821,"K02351.01","Kepler-1828 b","CONFIRMED",1.68,10.27380957,799.0,0.8990,5806.00,1
8013439,"K02352.01","Kepler-381 c","CONFIRMED",1.58,13.39155154,1180.0,2.1880,6197.00,2
8013439,"K02352.02","Kepler-381 b","CONFIRMED",1.39,5.62904396,1576.0,2.1880,6197.00,1
8013439,"K02352.03","Kepler-381 d","CONFIRMED",1.49,8.2562857,1387.0,2.1880,6197.00,3
7207061,"K02113.02","Kepler-417 b","CONFIRMED",2.34,12.33087921,671.0,0.8060,5376.00,2
6921944,"K02114.01","Kepler-1105 b","CONFIRMED",2.19,4.421566535,729.0,0.6970,4299.00,1
9532052,"K02115.01","Kepler-67 b","CONFIRMED",2.69,15.72585941,602.0,0.7550,5332.00,1
8164012,"K02116.01","Kepler-1106 b","CONFIRMED",2.44,1.252753881,2199.0,1.7050,5907.00,1
4140813,"K02117.01","Kepler-1795 b","CONFIRMED",1.84,13.36019864,520.0,0.6880,4500.00,1
8611781,"K02185.01","Kepler-1135 b","CONFIRMED",2.09,76.957056,451.0,1.0410,5878.00,1
3097926,"K02186.01",,"CANDIDATE",3.79,14.97974335,620.0,0.8530,5062.00,1
10518424,"K02188.02",,"CANDIDATE",0.86,6.7445683,983.0,0.9230,6106.00,
5730445,"K02189.01",,"CANDIDATE",4.44,33.35859852,459.0,0.7990,5009.00,1
5601258,"K02191.01","Kepler-1805 b","CONFIRMED",1.15,8.84784273,479.0,0.5520,3867.00,1
7960980,"K02274.01","Kepler-1170 b","CONFIRMED",2.48,9.98970266,705.0,0.8100,5265.00,1
8107225,"K00235.01","Kepler-499 b","CONFIRMED",2.04,5.63252508,844.0,0.8040,5216.00,1
3458028,"K02276.01","Kepler-1171 b","CONFIRMED",2.67,1.442592305,2700.0,2.0430,7216.00,1
3342794,"K02278.01","Kepler-376 c","CONFIRMED",2.39,14.17222858,873.0,1.3140,5845.00,1
3342794,"K02278.02","Kepler-376 b","CONFIRMED",1.18,4.92031063,1242.0,1.3140,5845.00,2
5716932,"K02358.01","Kepler-1830 b","CONFIRMED",4.43,56.4931698,681.0,2.0460,6160.00,1
11288051,"K00241.01","Kepler-124 c","CONFIRMED",2.2,13.82142084,560.0,0.6510,4983.00,1
7515670,"K02360.01",,"FALSE POSITIVE",1.3,2.30367952,1384.0,0.8650,6191.00,1
11566256,"K02361.01","Kepler-1831 b","CONFIRMED",2.07,5.78387049,1051.0,1.0120,6063.00,1
8495415,"K02362.02","Kepler-1208 b","CONFIRMED",2.5,11.08507658,665.0,0.7930,5080.00,2
4055304,"K02119.01","Kepler-1107 b","CONFIRMED",1.65,0.571038347,1897.0,0.8860,5132.00,1
4857213,"K02120.01","Kepler-1680 b","CONFIRMED",1.75,8.77425786,771.0,0.9050,5146.00,1
9415108,"K02121.01","Kepler-1108 b","CONFIRMED",1.74,4.51005082,1063.0,1.0320,5362.00,1
4262581,"K02122.01","Kepler-1109 b","CONFIRMED",5.37,37.6468519,787.0,2.6520,5443.00,1
8591693,"K02123.01","Kepler-1796 b","CONFIRMED",2.19,29.4557841,598.0,0.9490,6036.00,1
4833421,"K00232.01","Kepler-122 c","CONFIRMED",5.65,12.466004437,897.0,1.1910,6038.00,1
8282651,"K02193.01","Kepler-1136 b","CONFIRMED",1.53,2.361724472,922.0,0.6510,4478.00,1
3548044,"K02194.01","Kepler-371 b","CONFIRMED",1.75,34.7630543,554.0,0.9500,5670.00,1
11401767,"K02195.01","Kepler-372 c","CONFIRMED",2.63,20.0545282,755.0,1.2090,6056.00,1
10909127,"K02200.01","Kepler-1138 b","CONFIRMED",1.69,3.17059731,1080.0,0.8430,5431.00,1
3661886,"K02279.01","Kepler-377 c","CONFIRMED",2,27.0142622,677.0,1.1840,5949.00,1
3661886,"K02279.02","Kepler-377 b","CONFIRMED",1.54,12.50945798,875.0,1.1840,5949.00,2
2439243,"K02280.01","Kepler-1172 b","CONFIRMED",4.53,26.0203329,675.0,1.2440,5624.00,1
9221517,"K02281.01","Kepler-1173 b","CONFIRMED",0.93,0.769854899,1650.0,0.8220,5173.00,1
6751874,"K02282.01","Kepler-1174 b","CONFIRMED",2.13,6.89226333,1156.0,1.4630,5862.00,1
10863608,"K02368.01","Kepler-1210 b","CONFIRMED",1.53,8.07127043,856.0,0.8530,5766.00,1
5602588,"K02369.01","Kepler-1211 b","CONFIRMED",2.64,11.01819178,840.0,0.9690,6075.00,1
11288051,"K00241.02","Kepler-124 d","CONFIRMED",1.51,30.9505927,428.0,0.6510,4983.00,2
5602588,"K02369.02",,"CANDIDATE",1.34,6.3143447,1012.0,0.9690,6075.00,
5385304,"K02370.01",,"CANDIDATE",7.76,78.7327023,761.0,2.7630,6715.00,1
5547480,"K00224.01",,"FALSE POSITIVE",26.5,3.979867514,1173.0,0.9730,6032.00,1
11462341,"K02124.01",,"CANDIDATE",1.45,42.3375799,311.0,0.5810,4132.00,1
9405595,"K02125.01","Kepler-1797 b","CONFIRMED",2.98,23.3593589,684.0,1.0090,6244.00,1
3546060,"K02126.01","Kepler-1110 b","CONFIRMED",2.12,9.69310837,609.0,0.6180,4818.00,1
7019489,"K02128.01",,"FALSE POSITIVE",25.42,24.2598301,547.0,0.8050,5485.00,1
2141783,"K02201.01",,"FALSE POSITIVE",44.41,116.5214317,457.0,1.4110,6056.00,1
4144576,"K02202.01","Kepler-1139 b","CONFIRMED",1.14,0.813166357,1693.0,0.8870,5237.00,1
8494542,"K02204.01","Kepler-1807 b","CONFIRMED",2.09,10.86062378,1108.0,1.4960,6455.00,1
9992325,"K02205.01","Kepler-1140 b","CONFIRMED",2.78,24.08632177,500.0,0.7680,4973.00,1
11073656,"K02206.01",,"CANDIDATE",1.64,1.834277283,1459.0,0.9580,5751.00,1
10206675,"K02283.01",,"FALSE POSITIVE",16.37,17.40208965,422.0,0.6150,4098.00,1
9945370,"K02285.01","Kepler-1175 b","CONFIRMED",2.79,37.9456138,515.0,0.8650,5861.00,1
3832716,"K00027.01",,"FALSE POSITIVE",88.62,1.141877248,2184.0,1.3680,6158.00,1
8453211,"K00236.01",,"FALSE POSITIVE",32.77,5.77675928,954.0,0.8750,5544.00,1
8973129,"K02286.01","Kepler-1176 b","CONFIRMED",2.21,24.1738244,595.0,0.9680,5468.00,1
12505654,"K02353.01","Kepler-1829 b","CONFIRMED",2.4,5.186737262,860.0,0.7770,5230.00,1
7215678,"K02354.01",,"CANDIDATE",40.32,1.151244686,1756.0,0.9210,6086.00,1
11670125,"K02355.01","Kepler-1206 b","CONFIRMED",1.58,1.217000383,1314.0,0.7570,4859.00,1
11461844,"K02356.01","Kepler-1207 b","CONFIRMED",1.43,13.6823798,802.0,1.0260,6102.00,1
7449554,"K02357.01",,"CANDIDATE",2.27,2.42088277,1616.0,1.5300,5583.00,1
9351920,"K02129.01","Kepler-1111 b","CONFIRMED",1.77,8.79618433,938.0,1.0460,6142.00,1
2161536,"K02130.01","Kepler-1798 b","CONFIRMED",1.7,16.85592593,408.0,0.5870,3967.00,1
10549023,"K02131.01","Kepler-1112 b","CONFIRMED",2.31,14.36270451,918.0,1.2160,6643.00,1
9661979,"K02132.01","Kepler-1681 b","CONFIRMED",3.04,69.8956789,442.0,1.1040,5390.00,1
8219268,"K02133.01","Kepler-91 b","CONFIRMED",14.93,6.24667547,1902.0,6.2210,4604.00,1
10531955,"K02208.01","Kepler-1141 b","CONFIRMED",0.97,2.344512589,1471.0,1.1320,5821.00,1
4833421,"K00232.02","Kepler-122 b","CONFIRMED",2.27,5.766165573,1159.0,1.1910,6038.00,2
8168187,"K02209.01","Kepler-1142 b","CONFIRMED",2.72,18.3027235,902.0,1.8390,5528.00,1
4142847,"K02210.01","Kepler-1143 b","CONFIRMED",1.68,2.888904439,976.0,0.7590,4895.00,2
10203349,"K02212.01","Kepler-1144 b","CONFIRMED",3.64,17.14648756,811.0,1.4120,5559.00,1
9718066,"K02287.01","Kepler-378 b","CONFIRMED",0.98,16.09227518,503.0,0.6700,4657.00,1
3440978,"K02288.01",,"CANDIDATE",4.08,38.103908,456.0,0.7710,5250.00,1
3867615,"K02289.01","Kepler-379 c","CONFIRMED",2.28,62.7843981,530.0,1.2600,6053.00,1
12121570,"K02290.01","Kepler-1816 b","CONFIRMED",1.82,91.500873,310.0,0.7060,5051.00,1
8410415,"K02291.01","Kepler-1817 b","CONFIRMED",2.68,44.2993483,463.0,0.9150,5316.00,1
7987866,"K02363.01","Kepler-1832 b","CONFIRMED",0.97,3.13877646,1022.0,0.7220,5242.00,1
9532710,"K02364.01",,"CANDIDATE",3.86,5.24242029,1367.0,1.8290,5383.00,1
11560897,"K02365.01","Kepler-430 b","CONFIRMED",2.95,35.9682692,674.0,1.5290,5883.00,1
11342416,"K02366.01","Kepler-1209 b","CONFIRMED",1.67,25.3690868,755.0,1.4060,6126.00,1
9086251,"K02367.01","Kepler-1833 b","CONFIRMED",1.35,6.89213244,1177.0,1.4460,6164.00,1
4254466,"K02134.01","Kepler-1113 b","CONFIRMED",2.54,42.3006282,558.0,1.1290,5852.00,1
5801571,"K00225.01",,"FALSE POSITIVE",44.67,0.838597429,2278.0,1.2360,6366.00,1
9904006,"K02135.01","Kepler-361 c","CONFIRMED",2.47,55.1866213,568.0,1.2670,6178.00,1
5288570,"K02136.01",,"FALSE POSITIVE",5.07,1.728528176,2720.0,3.2790,6153.00,1
9364609,"K02137.01","Kepler-1114 b","CONFIRMED",1.28,14.97436238,631.0,0.8000,5311.00,1
7457296,"K02213.01","Kepler-1145 b","CONFIRMED",1.6,3.97076603,958.0,0.7780,5178.00,1
10328458,"K02214.01","Kepler-1146 b","CONFIRMED",1.29,2.352273912,1019.0,0.7480,4816.00,1
7050060,"K02215.01",,"FALSE POSITIVE",28.78,22.0425953,760.0,1.2600,5974.00,1
4248120,"K02216.01","Kepler-1808 b","CONFIRMED",2.21,23.34036251,601.0,0.8920,5530.00,1
9580992,"K02217.01",,"CANDIDATE",2.95,37.8034121,460.0,0.8190,5329.00,1
8321314,"K02293.01","Kepler-1683 b","CONFIRMED",1.7,15.03366411,669.0,0.8910,5523.00,1
6934986,"K02294.01",,"CANDIDATE",3.03,131.485184,400.0,1.2420,5765.00,1
4049901,"K02295.01",,"CANDIDATE",0.52,16.2908527,622.0,0.7970,5425.00,1
11498128,"K02296.01","Kepler-1177 b","CONFIRMED",2.01,106.247882,377.0,0.9720,5679.00,1
8041216,"K00237.01","Kepler-500 b","CONFIRMED",2.6,8.508333104,909.0,1.0300,5767.00,1
11824786,"K02371.01","Kepler-1212 b","CONFIRMED",1.7,12.94123564,795.0,0.9380,6119.00,1
12254909,"K02372.01","Kepler-1213 b","CONFIRMED",1.29,5.349791,1156.0,1.1830,6074.00,1
10798331,"K02373.01",,"CANDIDATE",2.28,147.281212,353.0,1.0540,5708.00,1
9364290,"K02374.01","Kepler-382 b","CONFIRMED",1.95,5.26211833,1166.0,1.3090,5587.00,1
9364290,"K02374.02","Kepler-382 c","CONFIRMED",3.14,12.1628195,882.0,1.3090,5587.00,2
5022828,"K02138.01","Kepler-1115 b","CONFIRMED",2.33,23.5541012,1381.0,2.2860,9565.00,1
8233702,"K02140.01","Kepler-1116 b","CONFIRMED",2.26,41.6977582,488.0,0.8700,5730.00,1
11403339,"K02143.01","Kepler-1117 b","CONFIRMED",1.01,4.79029482,938.0,0.8430,5412.00,1
8260902,"K02144.01","Kepler-1118 b","CONFIRMED",2.45,38.6715843,502.0,0.9130,5432.00,1
8381204,"K02145.01","Kepler-1119 b","CONFIRMED",1.8,8.32651854,938.0,1.0000,6057.00,1
12058204,"K02218.01","Kepler-373 b","CONFIRMED",1.75,5.53533152,1054.0,1.1000,5588.00,1
12058204,"K02218.02","Kepler-373 c","CONFIRMED",1.56,16.7261969,729.0,1.1000,5588.00,2
4833421,"K00232.03","Kepler-122 d","CONFIRMED",2.18,21.58752788,747.0,1.1910,6038.00,4
5357545,"K02219.01","Kepler-1809 b","CONFIRMED",1.23,3.757294695,877.0,0.7160,4901.00,1
6871071,"K02220.01","Kepler-374 c","CONFIRMED",1.79,3.2828024,1467.0,1.5150,5640.00,3
5342473,"K02297.01","Kepler-1818 b","CONFIRMED",1.38,4.64495172,1209.0,1.1290,6047.00,1
9334893,"K02298.01",,"CANDIDATE",0.7,16.6671415,469.0,0.5250,4729.00,1
9963265,"K02299.01","Kepler-1819 b","CONFIRMED",27.45,16.48686712,760.0,1.0710,6090.00,1
10583761,"K02300.01","Kepler-1179 b","CONFIRMED",1.46,2.685054445,1137.0,0.8290,5266.00,1
7542813,"K02302.01","Kepler-1180 b","CONFIRMED",1.71,16.8600805,765.0,0.9730,6205.00,1
12058147,"K02072.01","Kepler-1082 b","CONFIRMED",1.23,1.54320541,1827.0,1.2820,5866.00,1
8164257,"K02073.01","Kepler-357 d","CONFIRMED",2.49,49.5004725,402.0,0.8280,4954.00,2
8164257,"K02073.02","Kepler-357 b","CONFIRMED",1.92,6.47539108,793.0,0.8280,4954.00,1
8164257,"K02073.03","Kepler-357 c","CONFIRMED",2.51,16.85825609,576.0,0.8280,4954.00,3
10593759,"K00025.01",,"FALSE POSITIVE",48.73,3.132604547,1444.0,1.1810,6248.00,1
6774537,"K02146.01","Kepler-1120 b","CONFIRMED",1.48,2.949029106,1027.0,0.8070,4983.00,1
10404582,"K02147.01","Kepler-362 c","CONFIRMED",2.01,37.8658964,543.0,1.0170,5757.00,1
5959753,"K00226.01","Kepler-496 b","CONFIRMED",2.42,8.30865307,747.0,0.8490,5022.00,1
6021193,"K02148.01","Kepler-363 d","CONFIRMED",1.83,11.93205399,905.0,1.3910,5711.00,1
6021193,"K02148.02","Kepler-363 c","CONFIRMED",1.59,7.54235832,1054.0,1.3910,5711.00,2
6871071,"K02220.02","Kepler-374 d","CONFIRMED",2.03,5.02818253,1272.0,1.5150,5640.00,2
6871071,"K02220.03","Kepler-374 b","CONFIRMED",1.73,1.897828815,1761.0,1.5150,5640.00,1
6287313,"K02221.01","Kepler-1147 b","CONFIRMED",1.87,10.62788695,872.0,1.0140,6082.00,1
9289704,"K02222.01",,"CANDIDATE",13.98,34.135676,1526.0,5.5550,7818.00,1
9278725,"K02223.01","Kepler-1148 b","CONFIRMED",1.6,1.104462494,1397.0,0.7530,5002.00,1
4458082,"K02303.01","Kepler-1181 b","CONFIRMED",1.6,4.89336495,1374.0,1.3470,6688.00,1
8042453,"K02304.01","Kepler-1182 b","CONFIRMED",1.64,11.17392077,796.0,0.9140,5911.00,1
10874215,"K02305.01","Kepler-1820 b","CONFIRMED",2.64,31.0325991,561.0,0.9310,5841.00,1
6666233,"K02306.01",,"FALSE POSITIVE",1.03,0.512407185,1255.0,0.5630,3862.00,1
7661065,"K02307.01",,"FALSE POSITIVE",3.03,4.150297119,981.0,0.8580,5290.00,1
3937519,"K00221.02","Kepler-495 c","CONFIRMED",1.28,5.89661966,1000.0,1.0870,5392.00,2
8866137,"K02074.01","Kepler-1083 b","CONFIRMED",3.13,33.4178173,448.0,0.7440,5136.00,1
10857519,"K02075.01","Kepler-1084 b","CONFIRMED",1.44,2.053341891,1737.0,1.3580,6084.00,1
9517393,"K02076.01","Kepler-1085 c","CONFIRMED",3.21,56.7769831,491.0,1.0120,6063.00,2
9351316,"K02078.01","Kepler-1086 b","CONFIRMED",2.14,18.78429232,433.0,0.6410,4243.00,1
6021193,"K02148.03","Kepler-363 b","CONFIRMED",1.14,3.61460279,1347.0,1.3910,5711.00,3
10617017,"K02149.01","Kepler-1121 b","CONFIRMED",1.87,13.15140223,1008.0,1.6360,6154.00,1
3229150,"K02150.01","Kepler-1979 b","CONFIRMED",29.33,18.5084526,683.0,0.9380,5942.00,1
7989422,"K02151.01",,"FALSE POSITIVE",2.05,7.47763833,1346.0,1.9530,5957.00,1
9641481,"K02152.01","Kepler-1122 b","CONFIRMED",2.35,42.1918331,526.0,1.0800,5520.00,1
8892157,"K02224.01","Kepler-1149 b","CONFIRMED",1.48,3.73090026,1128.0,0.9500,5709.00,1
8892157,"K02224.02",,"CANDIDATE",1.47,86.130534,391.0,0.8760,5830.00,
11569782,"K02225.01","Kepler-1150 b","CONFIRMED",2.33,2.787874175,1432.0,1.7270,4827.00,1
4833421,"K00232.04","Kepler-122 e","CONFIRMED",2.39,37.9962369,618.0,1.1910,6038.00,3
11520459,"K02226.01",,"CANDIDATE",2.51,8.46354384,805.0,0.8870,5427.00,1
7219825,"K00238.01","Kepler-123 b","CONFIRMED",2.79,17.23232894,817.0,1.2160,6086.00,1
3749978,"K02308.01","Kepler-1183 b","CONFIRMED",2.55,28.5057217,555.0,0.8700,5712.00,1
10010440,"K02309.01","Kepler-1184 b","CONFIRMED",2.49,53.5991459,529.0,1.0320,6319.00,1
11718144,"K02310.01","Kepler-1821 b","CONFIRMED",1.82,16.4581861,644.0,0.8840,5475.00,1
4247991,"K02311.01",,"CANDIDATE",,191.86419296,,,,
4247991,"K02311.02",,"CANDIDATE",,13.72549689,,,,
10026544,"K02312.01",,"CANDIDATE",2.38,176.331289,505.0,2.2510,6146.00,
9473078,"K02079.01","Kepler-1087 b","CONFIRMED",0.83,0.693842661,2161.0,1.1960,5457.00,1
10864531,"K02080.01","Kepler-358 c","CONFIRMED",2.95,83.4887405,411.0,0.9400,5910.00,1
10864531,"K02080.02","Kepler-358 b","CONFIRMED",2.96,34.0607677,554.0,0.9400,5910.00,2
2853780,"K02081.01",,"CANDIDATE",4.27,6.2141496,1506.0,3.1520,5295.00,1
9472000,"K02082.01","Kepler-1790 b","CONFIRMED",2.59,31.5888979,682.0,1.3670,5866.00,1
10253547,"K02153.01","Kepler-364 c","CONFIRMED",2.81,59.9809868,568.0,1.3830,6103.00,1
10253547,"K02153.02","Kepler-364 b","CONFIRMED",1.73,25.7457957,753.0,1.3830,6103.00,2
12505076,"K02154.01","Kepler-1799 b","CONFIRMED",2.43,11.92979348,770.0,0.9210,5831.00,1
6185476,"K00227.01",,"CANDIDATE",2.45,17.65737838,350.0,0.4700,3745.00,1
12116380,"K02155.01","Kepler-1123 b","CONFIRMED",2.11,4.3394569,1061.0,1.0130,5330.00,1
2556650,"K02156.01","Kepler-1124 b","CONFIRMED",1.66,2.852348262,621.0,0.4330,3731.00,1
10600955,"K02227.01","Kepler-1151 b","CONFIRMED",3.93,65.6480892,485.0,1.2460,5565.00,1
10801100,"K02228.01",,"FALSE POSITIVE",39.16,102.653705,562.0,1.6980,6711.00,1
4473226,"K02229.01","Kepler-1682 b","CONFIRMED",2.54,14.83340944,694.0,0.9040,5570.00,1
8914779,"K02230.01",,"FALSE POSITIVE",0.98,0.987338654,2669.0,1.8960,6258.00,1
2854181,"K02232.01","Kepler-1810 b","CONFIRMED",3.87,101.1323475,380.0,1.0160,5492.00,1
8963721,"K02233.01",,"FALSE POSITIVE",2.83,1.811460943,1508.0,1.0080,5700.00,1
10132832,"K02313.01","Kepler-1186 b","CONFIRMED",2.14,16.07673148,724.0,0.9710,5957.00,1
3219995,"K02314.01","Kepler-1187 b","CONFIRMED",2.67,18.87058705,701.0,0.9490,6103.00,1
6062929,"K02315.01","Kepler-1822 b","CONFIRMED",1.76,22.1334224,507.0,0.7020,5165.00,1
7504778,"K02316.01","Kepler-1188 b","CONFIRMED",2.05,17.1369408,775.0,1.0770,6218.00,1
7219825,"K00238.02","Kepler-123 c","CONFIRMED",1.4,26.6951944,706.0,1.2160,6086.00,3
7097965,"K02083.01","Kepler-1791 b","CONFIRMED",2.53,7.72085047,1021.0,1.1770,5887.00,1
4249725,"K00222.01","Kepler-120 b","CONFIRMED",2,6.312508525,575.0,0.5710,4090.00,1
3967326,"K02084.01","Kepler-1792 b","CONFIRMED",3.02,4.19577385,1047.0,1.0050,5229.00,1
6768394,"K02086.01","Kepler-60 b","CONFIRMED",1.64,7.1329472,1102.0,1.3070,5862.00,2
6768394,"K02086.02","Kepler-60 c","CONFIRMED",1.84,8.91901228,1023.0,1.3070,5862.00,1
5211199,"K02158.01","Kepler-1800 b","CONFIRMED",2.82,4.5620407,1533.0,2.5060,5343.00,1
8804455,"K02159.01",,"CANDIDATE",1.32,7.5966998,964.0,1.0910,5716.00,2
8804455,"K02159.02",,"FALSE POSITIVE",1.33,2.392630668,1418.0,1.0910,5716.00,1
5546761,"K02160.01","Kepler-1125 b","CONFIRMED",2.89,17.6700291,778.0,1.2470,5795.00,1
5546761,"K02160.02",,"CANDIDATE",,15.40877383,,,,
9205938,"K02162.01","Kepler-1126 b","CONFIRMED",1.68,108.593113,374.0,0.9210,5678.00,1
10723367,"K02236.01","Kepler-375 c","CONFIRMED",4.22,19.9865916,720.0,1.2380,5500.00,1
10723367,"K02236.02","Kepler-375 b","CONFIRMED",2.5,12.12580644,851.0,1.2380,5500.00,2
5005121,"K02237.01","Kepler-1811 b","CONFIRMED",2.81,76.421501,455.0,1.1900,5561.00,1
4833421,"K00232.05","Kepler-122 f","CONFIRMED",2.22,56.2590881,543.0,1.1910,6038.00,5
8229458,"K02238.01","Kepler-1152 b","CONFIRMED",0.86,1.646801683,806.0,0.5130,3810.00,1
10684670,"K02317.01","Kepler-1189 b","CONFIRMED",1.23,3.78861833,1158.0,1.0400,5560.00,1
11495458,"K02318.01","Kepler-1190 b","CONFIRMED",1.25,10.45839865,609.0,0.7470,4641.00,1
9003401,"K02319.01","Kepler-1823 b","CONFIRMED",1.56,21.1033014,718.0,1.1260,6000.00,1
5978559,"K02321.01","Kepler-1824 b","CONFIRMED",2.37,95.6114617,421.0,1.0810,6002.00,1
8872048,"K02323.01",,"CANDIDATE",,58.35512552,,,,
7746958,"K02324.01",,"CANDIDATE",1.55,1.204686597,1711.0,1.0000,5780.00,1
6768394,"K02086.03","Kepler-60 d","CONFIRMED",1.69,11.8984948,929.0,1.3070,5862.00,3
6922710,"K02087.01","Kepler-1088 b","CONFIRMED",1.44,23.1274171,667.0,1.0660,5865.00,1
11348997,"K02090.01","Kepler-1089 b","CONFIRMED",1.69,5.132486123,584.0,0.5780,3879.00,1
5705819,"K02091.01","Kepler-1793 b","CONFIRMED",2.12,8.77997349,713.0,0.7640,5191.00,1
6696580,"K02092.01","Kepler-359 c","CONFIRMED",5.14,57.6896212,512.0,1.0490,6228.00,1
11358389,"K02163.01","Kepler-365 b","CONFIRMED",1.76,10.66489514,865.0,1.0210,6014.00,1
7204981,"K02164.01","Kepler-1127 b","CONFIRMED",1.65,5.1233204,994.0,0.9820,5364.00,1
3847907,"K00229.01","Kepler-497 b","CONFIRMED",5.81,3.573202801,1210.0,1.0800,5646.00,1
4370527,"K02166.01","Kepler-1128 b","CONFIRMED",3.36,61.6174528,424.0,0.9310,5480.00,1
6041734,"K02167.01","Kepler-1129 b","CONFIRMED",5.09,24.3398202,737.0,1.4660,5596.00,1
5125347,"K02241.01","Kepler-1812 b","CONFIRMED",2.31,7.16520428,1034.0,1.1030,6174.00,1
9336200,"K02242.01","Kepler-1153 b","CONFIRMED",1.94,1.755843555,1343.0,0.8290,5569.00,1
4770617,"K02243.01","Kepler-1154 b","CONFIRMED",2.34,5.18560081,1314.0,1.4710,6172.00,1
4454934,"K02245.01","Kepler-1155 b","CONFIRMED",2.45,33.4698571,609.0,1.0940,5912.00,1
9458343,"K02246.01","Kepler-1156 b","CONFIRMED",1.33,11.89520436,787.0,0.9920,5649.00,1
7120108,"K02325.01","Kepler-1825 b","CONFIRMED",1.57,1.025857984,1520.0,0.8470,5123.00,1
10730703,"K02327.01","Kepler-1191 b","CONFIRMED",1.73,5.60013327,952.0,0.9780,5288.00,1
8007644,"K02328.01","Kepler-1192 b","CONFIRMED",2.42,25.2034128,600.0,0.9210,5831.00,1
11192235,"K02329.01","Kepler-1826 b","CONFIRMED",1.37,1.615357809,806.0,0.4860,3821.00,1
6383785,"K00239.01","Kepler-501 b","CONFIRMED",4.59,5.640676975,1125.0,1.2160,5794.00,1
6696580,"K02092.02","Kepler-359 b","CONFIRMED",4,25.5638626,671.0,1.0490,6228.00,2
6525946,"K02093.01",,"CANDIDATE",20.75,6.78341325,2628.0,8.7690,5096.00,1
4249725,"K00222.02","Kepler-120 c","CONFIRMED",1.6,12.7945474,455.0,0.5710,4090.00,2
8505920,"K02094.01","Kepler-1090 c","CONFIRMED",3.44,42.4269647,496.0,1.0130,5330.00,1
7918992,"K02095.01","Kepler-1091 b","CONFIRMED",1.5,1.434745129,1664.0,1.0640,5806.00,1
6041734,"K02167.02",,"CANDIDATE",1.39,6.95787,1047.0,1.0250,6240.00,
11308499,"K02168.01","Kepler-366 b","CONFIRMED",1.6,3.28192056,1326.0,1.1620,5859.00,1
11308499,"K02168.02","Kepler-366 c","CONFIRMED",1.87,12.51610549,848.0,1.1620,5859.00,2
9006186,"K02169.01","Kepler-1130 b","CONFIRMED",0.92,5.45298742,904.0,0.8420,5450.00,1
9006186,"K02169.02","Kepler-1130 c","CONFIRMED",0.68,3.26662733,1072.0,0.8420,5450.00,2
7802719,"K02247.01","Kepler-1157 b","CONFIRMED",0.79,4.45743267,732.0,0.6120,4487.00,1
11030475,"K02248.01","Kepler-1813 b","CONFIRMED",1.3,2.81814715,1059.0,0.7870,5167.00,1
11030475,"K02248.02",,"CANDIDATE",1.05,9.4907638,704.0,0.7460,5290.00,
11030475,"K02248.03",,"CANDIDATE",1.08,0.76196247,1638.0,0.7870,5167.00,2
5023956,"K00233.01",,"FALSE POSITIVE",5.31,1.824649,1508.0,0.7930,6190.00,1
12401863,"K02331.01","Kepler-1193 b","CONFIRMED",1.37,2.832647249,1453.0,1.2720,5865.00,1
5534941,"K02332.01","Kepler-1827 b","CONFIRMED",1.24,3.70063251,1329.0,1.4040,5423.00,1
11121752,"K02333.01","Kepler-380 b","CONFIRMED",1.2,3.93083997,1317.0,1.1910,6038.00,1
11121752,"K02333.02","Kepler-380 c","CONFIRMED",1.39,7.63008196,1056.0,1.1910,6038.00,2
2990873,"K02335.01","Kepler-1194 b","CONFIRMED",1.51,16.22378479,676.0,0.9250,5547.00,1
9307509,"K02096.01","Kepler-1794 b","CONFIRMED",1.94,9.76293284,703.0,0.8160,5052.00,1
10158729,"K02097.01","Kepler-1092 b","CONFIRMED",2.06,58.601926,508.0,1.0190,6250.00,1
6105462,"K02098.01","Kepler-1093 b","CONFIRMED",2.26,25.0823402,776.0,1.2620,6429.00,1
3120355,"K02099.01","Kepler-1094 b","CONFIRMED",3.37,78.0998908,480.0,1.2840,5779.00,1
6047072,"K02100.01","Kepler-1095 b","CONFIRMED",1.22,4.27103727,1108.0,0.9060,5984.00,1
9006186,"K02169.03","Kepler-1130 d","CONFIRMED",0.64,4.27226421,981.0,0.8420,5450.00,3
9006186,"K02169.04",,"CANDIDATE",0.37,2.19251903,1225.0,0.8420,5450.00,4
11410904,"K02171.01","Kepler-1131 b","CONFIRMED",1.43,3.53232429,1159.0,0.9560,5761.00,1
5021737,"K00026.01",,"FALSE POSITIVE",12.36,15.03946326,962.0,1.4410,6501.00,1
3862246,"K00230.01",,"FALSE POSITIVE",37.24,4.702495974,981.0,0.8780,5408.00,1
4173026,"K02172.01","Kepler-1801 b","CONFIRMED",3.41,10.44087398,829.0,0.9810,5738.00,1
10471621,"K02554.01",,"CANDIDATE",13.72,39.7557642,325.0,0.5110,4405.00,2
10471621,"K02554.02",,"CANDIDATE",0.94,10.27127527,510.0,0.5110,4405.00,1
5350244,"K02555.01","Kepler-1276 b","CONFIRMED",1.09,12.5722897,886.0,1.1690,6084.00,1
5374403,"K02556.01","Kepler-1277 b","CONFIRMED",1.5,40.8366307,496.0,0.9250,5529.00,1
10925113,"K02557.01",,"FALSE POSITIVE",1.31,11.7761073,619.0,0.6890,5096.00,1
11769801,"K02633.01",,"FALSE POSITIVE",46.43,29.7123181,870.0,1.9210,6440.00,1
11752906,"K00253.02","Kepler-2000 c","CONFIRMED",1.57,20.6180348,359.0,0.5760,3757.00,2
1995519,"K02634.01","Kepler-1299 b","CONFIRMED",2.42,19.9401211,588.0,0.7630,5623.00,1
4914566,"K02635.01","Kepler-1300 b","CONFIRMED",2.04,22.2420032,954.0,2.1640,5979.00,1
6198182,"K02636.01","Kepler-1864 b","CONFIRMED",0.59,3.88148385,1156.0,0.9790,5854.00,1
10024051,"K02409.01","Kepler-1228 b","CONFIRMED",1.42,0.577369336,1757.0,0.7160,5255.00,1
8676038,"K02410.01",,"FALSE POSITIVE",,186.65435483,,,,
4349452,"K00244.01","Kepler-25 c","CONFIRMED",4.75,12.720370263,934.0,1.2580,6267.00,1
8676038,"K02410.02",,"FALSE POSITIVE",,86.59322294,,,,
8073806,"K02411.01","Kepler-1835 b","CONFIRMED",3.21,11.96407399,808.0,0.9610,5903.00,1
10419312,"K02412.01",,"FALSE POSITIVE",9.48,2.493237866,2241.0,4.1310,5002.00,1
3234598,"K02413.01","Kepler-383 b","CONFIRMED",1.49,12.90467523,545.0,0.7220,4513.00,1
10453588,"K02484.01","Kepler-1253 b","CONFIRMED",1.47,68.8861017,501.0,1.2220,5753.00,1
11125613,"K02485.01","Kepler-1254 b","CONFIRMED",1.68,9.99115241,660.0,0.7960,4838.00,2
8074328,"K02486.01",,"CANDIDATE",1.42,4.267961416,1371.0,1.2370,6395.00,1
7212184,"K02487.01","Kepler-1255 b","CONFIRMED",3.1,36.292017,694.0,1.6150,5843.00,1
6956014,"K00031.01",,"FALSE POSITIVE",50.6,0.925589891,6637.0,24.4880,4094.00,1
9757613,"K00250.02","Kepler-26 c","CONFIRMED",2.64,17.25121397,385.0,0.5370,3879.00,2
5307858,"K02558.01",,"FALSE POSITIVE",31.18,1.867281146,1561.0,1.0250,6117.00,1
6605493,"K02559.01","Kepler-1686 b","CONFIRMED",1.21,9.30991834,913.0,1.1010,5806.00,1
4670217,"K02560.01",,"CANDIDATE",1.68,18.1209388,543.0,0.7740,4905.00,1
7259298,"K02561.01","Kepler-1278 b","CONFIRMED",0.77,3.23941775,1213.0,0.8580,6075.00,1
9574179,"K02637.01",,"CANDIDATE",1.15,3.98864999,1233.0,1.1880,5692.00,1
6211812,"K02638.01","Kepler-1865 b","CONFIRMED",1.5,2.524017517,1203.0,0.8710,5420.00,1
11391755,"K02639.01",,"CANDIDATE",2.22,25.1123362,691.0,1.1120,6133.00,1
11391755,"K02639.02",,"CANDIDATE",5.75,2.121023807,1573.0,1.1120,6133.00,
9088780,"K02640.01",,"CANDIDATE",,33.18089453,,,,
8894646,"K02641.01",,"CANDIDATE",0.84,3.55557922,1270.0,1.0820,5839.00,1
3234598,"K02413.02","Kepler-383 c","CONFIRMED",1.47,31.2012202,406.0,0.7220,4513.00,2
8611832,"K02414.01","Kepler-384 b","CONFIRMED",1.3,22.5968256,670.0,1.1040,5610.00,1
8611832,"K02414.02","Kepler-384 c","CONFIRMED",1.61,45.3486381,531.0,1.1040,5610.00,2
5621586,"K02415.01","Kepler-1836 b","CONFIRMED",2.12,5.25419589,1093.0,0.9870,6123.00,1
9210387,"K02416.01","Kepler-1837 b","CONFIRMED",1.77,5.90608902,1012.0,0.9610,5966.00,1
11852982,"K00247.01","Kepler-1712 b","CONFIRMED",1.91,13.81504449,391.0,0.5090,3732.00,1
8559152,"K02488.01","Kepler-1256 b","CONFIRMED",1.5,12.4128518,933.0,1.3460,5945.00,1
2718778,"K02489.01","Kepler-1844 b","CONFIRMED",1.82,3.92453009,1074.0,0.8490,5776.00,1
3122913,"K02490.01","Kepler-1845 b","CONFIRMED",1.88,11.60653061,584.0,0.7010,4703.00,1
9229657,"K02491.01","Kepler-1257 b","CONFIRMED",1.48,2.66831274,1252.0,0.8990,5806.00,1
10415227,"K02562.01",,"FALSE POSITIVE",1.33,2.9322509,1312.0,0.9660,6106.00,1
5175024,"K02563.01","Kepler-1279 b","CONFIRMED",1.34,23.4772553,738.0,1.1210,6384.00,1
9026749,"K02564.01","Kepler-1280 b","CONFIRMED",4.96,66.5576728,757.0,3.4050,5734.00,1
12216278,"K02565.01",,"FALSE POSITIVE",2.15,2.01948607,1430.0,0.9440,5884.00,1
9159242,"K02566.01",,"FALSE POSITIVE",0.86,3.04468229,1244.0,0.9800,5575.00,1
12061096,"K02642.01",,"FALSE POSITIVE",2.46,15.05028313,735.0,0.9890,5887.00,1
5794240,"K00254.01","Kepler-45 b","CONFIRMED",10.6,2.455240626,730.0,0.5680,3793.00,1
6933567,"K02643.01","Kepler-1301 b","CONFIRMED",1.35,9.08233411,734.0,0.7880,5354.00,1
9993529,"K02644.01",,"FALSE POSITIVE",1.24,0.790539912,1502.0,0.7670,4791.00,1
11303815,"K02645.01",,"FALSE POSITIVE",1.82,1.705782214,1455.0,1.0090,5387.00,1
6044553,"K02646.01",,"FALSE POSITIVE",16.99,0.532086296,1790.0,0.6980,5271.00,1
9654468,"K02417.01","Kepler-1684 b","CONFIRMED",2.89,47.7052566,347.0,0.6720,4551.00,1
4349452,"K00244.02","Kepler-25 b","CONFIRMED",2.53,6.238535444,1185.0,1.2580,6267.00,2
10027247,"K02418.01","Kepler-1229 b","CONFIRMED",1.68,86.829519,196.0,0.4630,3576.00,1
6343170,"K02419.01","Kepler-1230 b","CONFIRMED",3.41,9.95667035,946.0,1.1150,6165.00,1
7107802,"K02420.01","Kepler-1231 b","CONFIRMED",1.64,10.41728722,870.0,1.1510,5557.00,1
11752632,"K02492.01","Kepler-1258 b","CONFIRMED",1.49,0.984941669,2335.0,1.6620,5825.00,1
10028535,"K02493.01","Kepler-1259 b","CONFIRMED",1.6,0.663085361,1681.0,0.7670,5172.00,1
7047207,"K02494.01","Kepler-1260 b","CONFIRMED",2.33,19.1187425,823.0,1.4630,5862.00,1
5212220,"K02495.01",,"FALSE POSITIVE",4.91,1.08749101,3081.0,3.2040,5988.00,1
9964748,"K02496.01",,"FALSE POSITIVE",0.91,1.183818383,1775.0,0.9920,6014.00,1
9842937,"K02567.01",,"FALSE POSITIVE",1.33,4.98845099,1055.0,0.9610,5695.00,1
9757613,"K00250.03","Kepler-26 d","CONFIRMED",1.21,3.543919702,652.0,0.5370,3879.00,4
8247770,"K02569.01",,"CANDIDATE",1.37,8.28157072,956.0,1.1750,5640.00,1
6867588,"K02571.01",,"CANDIDATE",0.96,0.82628442,1629.0,0.8290,5218.00,1
7501646,"K02572.01",,"CANDIDATE",2.15,6.37705295,935.0,0.9650,5672.00,1
11962284,"K02647.01","Kepler-1302 b","CONFIRMED",1.94,8.83929462,778.0,0.8700,5330.00,1
2573056,"K02648.01",,"FALSE POSITIVE",1.88,0.631795416,2797.0,1.5190,6414.00,1
6842682,"K02649.01","Kepler-1303 b","CONFIRMED",1.2,7.56126152,891.0,0.8950,5853.00,1
8890150,"K02650.01","Kepler-395 c","CONFIRMED",1.14,34.9897847,292.0,0.5210,3765.00,1
8890150,"K02650.02","Kepler-395 b","CONFIRMED",1,7.05429483,497.0,0.5210,3765.00,2
8838950,"K02421.01",,"CANDIDATE",0.55,2.27050106,903.0,0.5280,4671.00,1
11360805,"K02422.01","Kepler-1232 b","CONFIRMED",1.59,26.7838935,523.0,0.8560,5242.00,1
9845898,"K02423.01","Kepler-1233 b","CONFIRMED",2.32,45.126216,604.0,1.1690,6499.00,1
12453581,"K02424.01","Kepler-1234 b","CONFIRMED",1.86,11.94019101,625.0,0.7480,5073.00,1
11922678,"K02425.01",,"FALSE POSITIVE",1.1,3.51295674,1434.0,1.1700,6453.00,1
11179076,"K02497.01","Kepler-1261 b","CONFIRMED",2.78,48.4313003,396.0,0.8050,4891.00,1
5364071,"K00248.01","Kepler-49 b","CONFIRMED",2.25,7.203855862,509.0,0.5390,3834.00,1
5959719,"K02498.01","Kepler-390 b","CONFIRMED",0.73,6.73808701,786.0,0.7690,5168.00,1
5544903,"K02499.01",,"FALSE POSITIVE",2.45,7.57571414,1075.0,1.1710,6418.00,1
5542983,"K02501.01",,"FALSE POSITIVE",2.11,4.76887671,1532.0,1.8550,6063.00,1
8256453,"K02573.01",,"FALSE POSITIVE",23.45,1.347512632,1346.0,0.6850,5316.00,1
9474493,"K02574.01",,"FALSE POSITIVE",1.32,0.512581697,2009.0,0.8200,5547.00,1
4551663,"K02576.01",,"FALSE POSITIVE",1.03,12.07760884,708.0,0.8450,5370.00,1
12257999,"K02577.01",,"CANDIDATE",20.83,18.55581565,1793.0,8.8410,5988.00,1
6922203,"K02578.01",,"CANDIDATE",25.95,13.33094869,815.0,1.0390,5991.00,1
11752908,"K02651.01",,"FALSE POSITIVE",2.35,6.38315744,787.0,0.7140,5262.00,1
7021681,"K00255.01","Kepler-505 b","CONFIRMED",2.47,27.52194772,314.0,0.5110,3780.00,1
4346178,"K02652.01","Kepler-1304 b","CONFIRMED",2.94,16.1289679,715.0,1.0870,5392.00,1
9664142,"K02654.01","Kepler-1305 b","CONFIRMED",1.75,13.5631157,733.0,0.8950,5853.00,1
10018233,"K02655.01","Kepler-1306 b","CONFIRMED",1.83,16.2959916,678.0,0.9610,5495.00,1
8081899,"K02426.01","Kepler-1235 b","CONFIRMED",0.7,4.16056658,985.0,0.8150,5481.00,1
10189557,"K02427.01",,"FALSE POSITIVE",1.15,2.93101771,1134.0,0.7880,5485.00,1
8478994,"K00245.01","Kepler-37 d","CONFIRMED",1.9,39.79220077,458.0,0.7810,5437.00,1
9965184,"K02428.01",,"FALSE POSITIVE",2.11,16.2276756,648.0,0.8830,5328.00,1
9911882,"K02429.01",,"FALSE POSITIVE",17.94,1.595630597,1346.0,0.7290,5632.00,1
8631504,"K02503.01","Kepler-1846 b","CONFIRMED",0.96,14.8200596,552.0,0.7320,4825.00,1
8110767,"K02504.01","Kepler-1685 b","CONFIRMED",2.34,20.49041,625.0,0.9230,5681.00,1
5471574,"K02505.01",,"FALSE POSITIVE",29.27,0.962827066,3399.0,3.0280,6534.00,1
6767840,"K02506.01","Kepler-1262 b","CONFIRMED",1.79,8.679037,949.0,1.0270,6117.00,1
8379705,"K02507.01","Kepler-1847 b","CONFIRMED",1.93,11.1296971,843.0,0.9640,6122.00,1
9896018,"K02579.01","Kepler-1859 b","CONFIRMED",1.53,2.7296036,1455.0,1.2350,5887.00,1
11037511,"K02580.01","Kepler-1281 b","CONFIRMED",1.59,3.11604194,1123.0,0.8600,5591.00,1
9757613,"K00250.04","Kepler-26 e","CONFIRMED",2.13,46.82767725,276.0,0.5370,3879.00,3
11818872,"K02581.01","Kepler-1860 b","CONFIRMED",0.87,12.7372371,697.0,0.8680,5420.00,1
11771430,"K02582.01","Kepler-1861 b","CONFIRMED",2.01,40.0306267,617.0,1.3730,5855.00,1
5513012,"K02668.01","Kepler-1310 b","CONFIRMED",1.4,0.679336747,1883.0,0.9130,5440.00,1
11761199,"K02669.01",,"FALSE POSITIVE",46.07,213.6103207,291.0,0.8450,5931.00,1
8074805,"K02670.01",,"FALSE POSITIVE",24.4,170.8658492,387.0,1.3240,5989.00,1
2437505,"K02671.01",,"CANDIDATE",59.5,21.47642727,655.0,1.0000,5780.00,1
2437505,"K02671.02",,"FALSE POSITIVE",5.97,17.5509742,700.0,1.0000,5780.00,
11253827,"K02672.01","Kepler-396 c","CONFIRMED",4.7,88.5122014,390.0,0.9450,5593.00,2
3533469,"K02430.01",,"FALSE POSITIVE",1.5,10.21507506,780.0,0.9500,5406.00,1
8956706,"K02431.01",,"FALSE POSITIVE",1.91,8.3806973,701.0,0.7350,5062.00,
7047363,"K02432.01","Kepler-1236 b","CONFIRMED",1.85,31.0572947,480.0,0.7340,5395.00,1
11968463,"K02433.01","Kepler-385 c","CONFIRMED",3.12,15.1622287,829.0,1.1120,6325.00,2
11968463,"K02433.02","Kepler-385 b","CONFIRMED",2.94,10.04378351,951.0,1.1120,6325.00,1
8836888,"K02508.01",,"CANDIDATE",1.51,7.10397925,818.0,0.7890,5488.00,1
9880190,"K02509.01","Kepler-1263 b","CONFIRMED",1.13,4.5513988,907.0,0.8400,5009.00,1
5364071,"K00248.02","Kepler-49 c","CONFIRMED",2.13,10.91274065,443.0,0.5390,3834.00,3
5392702,"K02510.01",,"FALSE POSITIVE",18.13,12.2141545,683.0,0.8240,5435.00,1
8429566,"K02511.01",,"FALSE POSITIVE",1.09,3.732261,1119.0,0.8670,5762.00,1
10387742,"K02583.01","Kepler-1998 b","CONFIRMED",0.6,3.03267135,1187.0,0.9210,5640.00,1
7673841,"K02585.01","Kepler-392 b","CONFIRMED",0.95,5.34182466,1125.0,1.1350,5767.00,1
9827149,"K02586.01","Kepler-1282 b","CONFIRMED",1.66,2.131945045,1418.0,1.0130,5845.00,1
5546691,"K02587.01","Kepler-1283 b","CONFIRMED",1.13,12.9462567,764.0,0.8670,6058.00,1
12156347,"K02588.01","Kepler-1687 b","CONFIRMED",1.5,5.77957133,598.0,0.5810,4102.00,1
8636539,"K02656.01",,"CANDIDATE",1.33,6.77367892,1083.0,1.0720,6392.00,1
9283156,"K02657.01",,"CANDIDATE",0.58,5.22402436,941.0,0.8400,5487.00,1
8547429,"K02658.01","Kepler-1866 b","CONFIRMED",2.08,11.6601667,834.0,1.0830,5791.00,1
8803882,"K02659.01",,"FALSE POSITIVE",2.57,89.465468,549.0,2.4600,5192.00,1
9893318,"K02660.01","Kepler-1307 b","CONFIRMED",2.39,18.0161227,768.0,1.0650,6245.00,1
6864885,"K02434.01",,"FALSE POSITIVE",29.55,40.8777605,526.0,0.9370,5930.00,1
5097868,"K02435.01",,"FALSE POSITIVE",2.6,6.80243431,895.0,0.8160,5836.00,1
8570333,"K02436.01","Kepler-1237 b","CONFIRMED",2.59,84.5733346,366.0,0.8880,5418.00,1
8478994,"K00245.02","Kepler-37 c","CONFIRMED",0.72,21.30181863,564.0,0.7810,5437.00,2
5036705,"K02437.01","Kepler-1238 b","CONFIRMED",1.93,4.14789051,1389.0,1.4170,6150.00,1
9574158,"K02512.01",,"CANDIDATE",3.14,15.92108138,645.0,0.8200,5595.00,1
9653622,"K02513.01","Kepler-2002 b","CONFIRMED",28.47,19.0054098,758.0,1.0360,6347.00,1
4391348,"K02514.01",,"FALSE POSITIVE",1.33,1.96433113,1638.0,1.1210,6306.00,1
7294743,"K02516.01",,"CANDIDATE",1.43,2.81043228,1701.0,2.0790,5415.00,1
8947520,"K02517.01","Kepler-1264 b","CONFIRMED",1.21,0.968527683,1677.0,0.8860,5580.00,1
10468885,"K02589.01","Kepler-1284 b","CONFIRMED",1.19,0.664074145,1703.0,0.7970,5178.00,1
12016267,"K02590.01",,"FALSE POSITIVE",1.01,11.7489907,1114.0,1.6550,6440.00,
6765135,"K02592.01",,"CANDIDATE",2.87,175.603366,348.0,1.0090,6225.00,1
3861595,"K00004.01","Kepler-1658 b","CONFIRMED",12.94,3.849371737,2034.0,2.9920,6244.00,1
5725087,"K00033.01",,"FALSE POSITIVE",51.34,0.366197145,9983.0,31.5000,4448.00,1
10489206,"K00251.01","Kepler-125 b","CONFIRMED",2.54,4.164384505,590.0,0.5080,3808.00,1
3426367,"K02662.01","Kepler-1308 b","CONFIRMED",0.79,2.10433534,662.0,0.4330,3605.00,1
5562090,"K02664.01","Kepler-1309 b","CONFIRMED",2.66,28.8431751,491.0,0.7850,5151.00,1
11548140,"K00256.01",,"FALSE POSITIVE",6.51,1.378649746,734.0,0.4390,3440.00,1
12110786,"K02665.01",,"FALSE POSITIVE",0.73,1.112207126,1797.0,0.9720,6046.00,1
5342061,"K02666.01",,"CANDIDATE",3.47,64.034363,411.0,0.7830,5691.00,1
3654095,"K02667.01",,"FALSE POSITIVE",1.51,1.303576682,1694.0,0.9550,6045.00,1
5078939,"K02438.01",,"FALSE POSITIVE",1.8,1.958577398,1252.0,0.8160,5402.00,1
6867555,"K02439.01","Kepler-1239 b","CONFIRMED",1.92,5.19103699,1183.0,1.1250,6321.00,1
5339567,"K02440.01","Kepler-1240 b","CONFIRMED",1.32,4.86638504,1121.0,1.1110,5688.00,1
4459924,"K02441.01",,"FALSE POSITIVE",0.81,4.79176993,883.0,0.7560,5138.00,1
11080405,"K02442.01","Kepler-386 c","CONFIRMED",1.95,25.1933989,513.0,0.8400,5009.00,1
5529738,"K02518.01",,"FALSE POSITIVE",24.2,0.759762021,2280.0,1.1230,6386.00,1
4047631,"K02519.01",,"CANDIDATE",2.25,4.790912471,717.0,0.6760,4359.00,1
10059645,"K02520.01","Kepler-1265 b","CONFIRMED",1.75,6.49441464,732.0,0.7420,4769.00,1
5364071,"K00248.03","Kepler-49 d","CONFIRMED",1.57,2.576571021,717.0,0.5390,3834.00,2
7183745,"K02521.01","Kepler-1266 b","CONFIRMED",2.64,28.4750006,489.0,0.8310,4996.00,1
8212002,"K02593.01","Kepler-1285 b","CONFIRMED",0.98,14.7966306,874.0,1.3070,6175.00,1
8004903,"K02594.01","Kepler-1286 b","CONFIRMED",2.42,11.25401871,888.0,1.1180,5995.00,1
8883329,"K02595.01","Kepler-393 b","CONFIRMED",1.24,9.18244299,1052.0,1.3140,6194.00,1
8883329,"K02595.02","Kepler-393 c","CONFIRMED",1.12,14.6134781,901.0,1.3140,6194.00,2
3644653,"K02596.01",,"FALSE POSITIVE",30.39,119.682075,351.0,0.9110,5778.00,1
11253827,"K02672.02","Kepler-396 b","CONFIRMED",3.32,42.9923284,496.0,0.9450,5593.00,1
5514383,"K00257.01","Kepler-506 b","CONFIRMED",2.63,6.88341278,1080.0,1.1930,6139.00,1
10747445,"K02673.01",,"FALSE POSITIVE",44.14,4.593595496,1022.0,0.8840,5717.00,1
8022489,"K02674.01","Kepler-1311 d","CONFIRMED",9.52,197.5111484,391.0,1.6740,5616.00,1
8022489,"K02674.02","Kepler-1311 b","CONFIRMED",1.5,11.1726723,1019.0,1.6740,5616.00,3
8022489,"K02674.03","Kepler-1311 c","CONFIRMED",1.36,2.53573284,1671.0,1.6740,5616.00,2
9209624,"K02443.01","Kepler-387 b","CONFIRMED",1.01,6.79164656,994.0,1.0030,5772.00,1
9209624,"K02443.02","Kepler-387 c","CONFIRMED",1,11.8376933,826.0,1.0030,5772.00,2
3354846,"K02444.01","Kepler-1241 b","CONFIRMED",2.53,18.5525162,612.0,0.8290,5569.00,1
6516185,"K02445.01",,"CANDIDATE",11.97,47.3659328,481.0,0.9020,5708.00,1
8478994,"K00245.03","Kepler-37 b","CONFIRMED",0.27,13.3669309,656.0,0.7720,5417.00,
3946023,"K02447.01",,"FALSE POSITIVE",0.83,1.045492348,2291.0,1.4570,6057.00,1
7183745,"K02521.02","Kepler-1266 c","CONFIRMED",1.94,4.86634094,881.0,0.8310,4996.00,2
9177629,"K02522.01","Kepler-1848 b","CONFIRMED",1.25,5.60402307,774.0,0.7370,4847.00,1
7778767,"K02523.01","Kepler-1267 b","CONFIRMED",2.88,13.0313583,774.0,1.0710,5514.00,1
7515762,"K02524.01","Kepler-1268 b","CONFIRMED",2.41,40.9905002,627.0,1.4100,5842.00,1
5942949,"K02525.01","Kepler-1849 b","CONFIRMED",1.95,57.2932309,355.0,0.7290,4806.00,1
12120307,"K02597.01","Kepler-394 b","CONFIRMED",1.52,8.00504749,1035.0,1.1010,6398.00,1
12120307,"K02597.02","Kepler-394 c","CONFIRMED",1.61,12.13070414,901.0,1.1010,6398.00,3
12120307,"K02597.03","Kepler-394 d","CONFIRMED",1.41,5.61357653,1165.0,1.1010,6398.00,2
7446631,"K02598.01",,"CANDIDATE",1.35,29.2254372,614.0,1.0080,6049.00,1
9777251,"K02600.01",,"FALSE POSITIVE",1.19,1.33255087,1728.0,1.0540,5774.00,1
6864893,"K02375.01",,"FALSE POSITIVE",1.62,40.8792243,437.0,0.7200,5383.00,1
11701407,"K02376.01","Kepler-1214 b","CONFIRMED",2.34,18.8262877,591.0,0.8450,5215.00,1
5906426,"K02377.01",,"CANDIDATE",1.55,13.9034057,646.0,0.8190,5261.00,1
11288051,"K00241.03","Kepler-124 b","CONFIRMED",1.06,3.41045981,892.0,0.6510,4983.00,3
10813132,"K02378.01","Kepler-1215 b","CONFIRMED",1.19,4.76702759,1046.0,0.9370,5629.00,1
5857540,"K02448.01","Kepler-1242 b","CONFIRMED",3.28,13.62801048,639.0,0.8550,5052.00,1
12208631,"K02449.01",,"CANDIDATE",3.41,53.3580444,474.0,1.0360,5481.00,1
7289317,"K02450.01","Kepler-1243 b","CONFIRMED",1.86,16.83203175,690.0,1.0080,5518.00,1
6500206,"K02451.01",,"FALSE POSITIVE",2.01,13.37499553,703.0,0.9610,5263.00,1
5545815,"K02452.01",,"FALSE POSITIVE",1.33,4.35370136,1179.0,0.9850,5992.00,1
3116302,"K02526.01",,"FALSE POSITIVE",0.87,134.96694,385.0,1.0530,6154.00,
7879433,"K02527.01","Kepler-1850 b","CONFIRMED",0.55,1.385787741,1008.0,0.6000,4239.00,1
9205907,"K02528.01","Kepler-1851 b","CONFIRMED",3.28,12.02295362,776.0,0.8790,5982.00,1
8463346,"K02529.01","Kepler-436 c","CONFIRMED",2.75,16.79716262,503.0,0.6970,4652.00,1
5364071,"K00248.04","Kepler-49 e","CONFIRMED",1.53,18.59611518,371.0,0.5390,3834.00,4
10489206,"K00251.02","Kepler-125 c","CONFIRMED",0.8,5.77440326,529.0,0.5080,3808.00,2
7531677,"K02601.01",,"FALSE POSITIVE",1.64,2.622134451,1548.0,1.3690,5864.00,1
10068659,"K02602.01","Kepler-1287 b","CONFIRMED",1.58,11.47685263,796.0,1.0320,5550.00,1
2443393,"K02603.01",,"CANDIDATE",1.77,73.711039,563.0,1.5020,6374.00,1
9019191,"K02604.01",,"CANDIDATE",16.25,14.43348326,558.0,0.7020,4915.00,1
9718379,"K02379.01",,"FALSE POSITIVE",20.75,40.0088894,585.0,1.0230,6237.00,1
3002478,"K02380.01",,"CANDIDATE",1.59,6.35705314,990.0,0.9600,5982.00,1
4055774,"K02381.01",,"FALSE POSITIVE",1.35,6.58738839,871.0,0.8220,5616.00,1
6670075,"K02382.01",,"FALSE POSITIVE",1.38,0.759706632,3834.0,2.0940,8621.00,1
9395024,"K02383.01","Kepler-1216 b","CONFIRMED",1.56,4.37033233,1191.0,1.1820,5657.00,1
8631751,"K02453.01",,"CANDIDATE",0.84,1.530515205,608.0,0.2590,3462.00,1
11401822,"K02454.01",,"FALSE POSITIVE",1.04,1.08070294,1565.0,0.8130,5482.00,1
6507427,"K02455.01",,"FALSE POSITIVE",1.77,4.74254518,1118.0,1.0070,6046.00,1
5521300,"K02456.01",,"FALSE POSITIVE",24.49,18.13559979,744.0,1.0380,6184.00,1
8478994,"K00245.04","Kepler-37 e","CONFIRMED",,51.20690303,,,,
9753154,"K02457.01","Kepler-1244 b","CONFIRMED",1.45,3.70429015,1839.0,1.9270,6732.00,1
9011825,"K02530.01","Kepler-1269 b","CONFIRMED",2.5,37.3331165,657.0,1.5880,5623.00,1
4172746,"K02531.01",,"CANDIDATE",1.96,17.6997392,523.0,0.7420,4807.00,1
5174858,"K02532.01","Kepler-1852 b","CONFIRMED",2.27,7.9709719,760.0,0.8260,5237.00,1
11074835,"K02533.01","Kepler-1270 b","CONFIRMED",3.34,6.03355539,1598.0,3.5880,4924.00,1
1996180,"K02534.01","Kepler-1271 b","CONFIRMED",1.62,3.02558494,1484.0,1.2630,6123.00,1
10407221,"K02605.01",,"FALSE POSITIVE",1.3,0.933746783,1309.0,0.6630,4643.00,1
5991936,"K02606.01",,"FALSE POSITIVE",45.49,6.09740316,1826.0,1.8280,8828.00,1
5095635,"K02607.01",,"CANDIDATE",2.07,0.754457729,2131.0,1.1930,5561.00,1
6269070,"K02608.01","Kepler-1288 b","CONFIRMED",1.84,2.7612237,2017.0,2.2320,6381.00,1
6705137,"K02609.01",,"FALSE POSITIVE",1.26,5.59727625,975.0,0.8760,5796.00,1
12254688,"K02384.01",,"CANDIDATE",39.8,62.6825769,916.0,3.1010,7058.00,1
8345172,"K02385.01",,"FALSE POSITIVE",2.74,50.5715805,406.0,0.7830,5262.00,1
4172013,"K02386.01",,"CANDIDATE",28.42,16.2707207,827.0,1.2440,6117.00,1
12254378,"K02387.01","Kepler-1217 b","CONFIRMED",1.87,2.032319072,1542.0,1.0500,6156.00,1
4247791,"K00028.01",,"FALSE POSITIVE",82.46,4.100870416,1413.0,1.5100,5923.00,1
7604328,"K02458.01","Kepler-1245 b","CONFIRMED",1.63,4.35407371,1043.0,0.9090,5455.00,2
11236244,"K02460.01","Kepler-1246 b","CONFIRMED",1.51,11.32269749,554.0,0.6420,4563.00,1
9837685,"K02461.01","Kepler-1247 b","CONFIRMED",2.47,13.71218522,676.0,0.8310,5550.00,1
5042210,"K02462.01","Kepler-1838 b","CONFIRMED",1.75,12.14684625,1097.0,1.9630,5877.00,1
12454461,"K02463.01","Kepler-1248 b","CONFIRMED",1.04,7.46718958,1035.0,1.1690,6161.00,1
1996180,"K02534.02",,"CANDIDATE",1.39,5.42204257,1222.0,1.2630,6123.00,2
9635606,"K02535.01","Kepler-1853 b","CONFIRMED",2.96,48.8882668,386.0,0.7880,4821.00,1
3728701,"K02536.01","Kepler-1272 b","CONFIRMED",2.43,51.1319346,542.0,1.1070,6071.00,1
10861715,"K02537.01",,"FALSE POSITIVE",2.01,133.516435,344.0,0.8480,5989.00,
1849702,"K02538.01","Kepler-1854 b","CONFIRMED",1.46,39.8312536,420.0,0.7590,5026.00,1
9390653,"K00249.01","Kepler-504 b","CONFIRMED",1.57,9.549277089,374.0,0.3690,3547.00,1
2305866,"K02610.01",,"CANDIDATE",2.74,24.1073172,1065.0,2.5170,6585.00,1
11187837,"K00252.01","Kepler-1663 b","CONFIRMED",2.64,17.60461401,362.0,0.5160,3744.00,1
8885673,"K02611.01",,"FALSE POSITIVE",1.62,1.228721184,1324.0,0.7640,4897.00,1
9712350,"K02613.01",,"CANDIDATE",2.41,51.5738653,417.0,0.8130,5380.00,1
8025596,"K02615.01","Kepler-1290 b","CONFIRMED",1.49,4.69505576,1098.0,0.9590,5999.00,1
5956787,"K02616.01",,"FALSE POSITIVE",1.8,0.569115976,1589.0,0.6560,4788.00,1
3642741,"K00242.01","Kepler-503 b","FALSE POSITIVE",5.53,7.258450123,880.0,0.9200,5638.00,1
12071037,"K02388.01",,"FALSE POSITIVE",0.99,6.0959841,988.0,0.8850,5826.00,1
8494617,"K02389.01","Kepler-1218 b","CONFIRMED",1.33,22.9221181,684.0,1.0810,5897.00,1
10289119,"K02390.01","Kepler-1219 b","CONFIRMED",3.21,16.10474503,1159.0,2.8860,5822.00,1
7382313,"K02392.01","Kepler-1220 b","CONFIRMED",1.4,7.42697378,899.0,0.9820,5573.00,1
9887224,"K02464.01",,"FALSE POSITIVE",0.72,0.874629873,1597.0,0.8320,5099.00,1
7542369,"K02465.01",,"FALSE POSITIVE",1.25,5.46091846,1106.0,0.9300,6319.00,1
8544992,"K02466.01","Kepler-388 b","CONFIRMED",0.88,3.17323012,830.0,0.6330,4500.00,1
8544992,"K02466.02","Kepler-388 c","CONFIRMED",0.91,13.2970695,515.0,0.6330,4500.00,2
11295426,"K00246.01","Kepler-68 b","CONFIRMED",2.21,5.398752862,1140.0,1.1980,5790.00,1
7289162,"K02539.01",,"FALSE POSITIVE",1.07,5.26648126,1155.0,1.0650,6204.00,1
3001885,"K02540.01",,"FALSE POSITIVE",1.57,2.67596808,998.0,0.7950,4732.00,1
12306058,"K02541.01","Kepler-391 b","CONFIRMED",3.36,7.41683033,1425.0,3.3240,4938.00,1
6183511,"K02542.01","Kepler-1855 b","CONFIRMED",0.67,0.727331746,849.0,0.3560,3460.00,1
12469800,"K02543.01","Kepler-1856 b","CONFIRMED",1.37,1.302017467,1344.0,0.8160,4948.00,1
4915638,"K02617.01","Kepler-1291 b","CONFIRMED",1.43,8.63050092,739.0,0.7640,5352.00,1
6351097,"K02618.01",,"FALSE POSITIVE",1.36,12.49117388,763.0,0.9110,5753.00,1
8081905,"K02619.01","Kepler-1292 b","CONFIRMED",1.71,3.27645723,1195.0,0.9630,5812.00,1
11465950,"K02620.01","Kepler-1862 b","CONFIRMED",2.27,16.0573291,645.0,0.8060,5644.00,1
9996632,"K02621.01",,"FALSE POSITIVE",1.97,8.44326557,934.0,1.0230,6081.00,1
4665571,"K02393.01","Kepler-1834 b","CONFIRMED",1.32,4.60300256,848.0,0.7880,4821.00,2
4829935,"K02395.01",,"FALSE POSITIVE",2.46,16.9329284,793.0,1.0950,6310.00,1
9269042,"K02397.01","Kepler-1221 b","CONFIRMED",1.47,12.00089667,632.0,0.6900,5195.00,1
6199056,"K02398.01",,"FALSE POSITIVE",91.91,1.169010526,3766.0,5.8470,5944.00,1
11461433,"K02399.01","Kepler-1222 b","CONFIRMED",0.89,1.916940872,1246.0,0.8720,5083.00,1
11818607,"K02467.01","Kepler-1839 b","CONFIRMED",1.15,5.05661302,1049.0,0.9390,5926.00,1
8380709,"K02468.01","Kepler-1249 b","CONFIRMED",1.74,24.3344939,647.0,0.9670,6091.00,1
6149910,"K02469.01","Kepler-1840 b","CONFIRMED",2.34,131.187921,284.0,0.8030,4898.00,1
9108085,"K02470.01",,"FALSE POSITIVE",1.08,2.17489806,1496.0,1.1500,5749.00,1
5436013,"K02471.01","Kepler-1841 b","CONFIRMED",1.66,25.8859397,542.0,0.8990,5190.00,1
8676148,"K02544.01","Kepler-1273 b","CONFIRMED",2.38,28.6253502,573.0,0.9410,5774.00,1
9696358,"K02545.01","Kepler-1274 b","CONFIRMED",1.42,6.98141327,1384.0,2.1630,6054.00,1
5039129,"K02546.01",,"FALSE POSITIVE",1.13,1.319677953,1843.0,1.0760,6306.00,1
4484336,"K02547.01","Kepler-1857 b","CONFIRMED",1.48,8.94337724,946.0,1.0050,6074.00,1
9580167,"K02548.01",,"CANDIDATE",19.1,0.827151296,5171.0,11.8950,4452.00,1
9757613,"K00250.01","Kepler-26 b","CONFIRMED",2.83,12.282998287,431.0,0.5370,3879.00,1
10527135,"K02622.01",,"FALSE POSITIVE",1.11,0.328686504,2324.0,0.8470,5430.00,1
11752906,"K00253.01","Kepler-2000 b","CONFIRMED",2.73,6.383159135,530.0,0.5760,3757.00,1
10916600,"K02623.01","Kepler-1293 b","CONFIRMED",0.92,5.57654782,1183.0,1.2380,6187.00,1
8429314,"K02624.01","Kepler-1294 b","CONFIRMED",3.52,115.6863392,401.0,1.1490,5800.00,1
9153570,"K02625.01","Kepler-1295 b","CONFIRMED",1.37,3.81371423,1029.0,0.8200,5547.00,1
11768142,"K02626.01","Kepler-1652 b","CONFIRMED",1.58,38.0970717,242.0,0.3980,3554.00,1
7984574,"K02400.01",,"CANDIDATE",2.21,11.6191707,756.0,0.8340,5870.00,1
9592579,"K00243.01",,"FALSE POSITIVE",9.16,2.637574744,1385.0,1.0300,6108.00,1
10336951,"K02401.01",,"CANDIDATE",1.51,38.2292037,359.0,0.5980,4544.00,1
8481129,"K02402.01","Kepler-1223 b","CONFIRMED",1.54,16.3012727,557.0,0.7960,4873.00,1
2142522,"K02403.01","Kepler-1224 b","CONFIRMED",1.32,13.32354078,872.0,1.2180,6113.00,1
9395719,"K02472.01","Kepler-1250 b","CONFIRMED",2.07,2.607545159,1431.0,1.0960,6147.00,1
8753896,"K02473.01","Kepler-389 b","CONFIRMED",1.84,3.24417541,1047.0,0.8700,5094.00,1
8240617,"K02474.01",,"CANDIDATE",42.05,176.845697,291.0,0.7970,5592.00,
8746295,"K02475.01",,"FALSE POSITIVE",1.27,6.85567248,897.0,0.8830,5734.00,1
10090257,"K02476.01",,"FALSE POSITIVE",1.01,2.28607282,942.0,0.6540,4583.00,1
11295426,"K00246.02","Kepler-68 c","CONFIRMED",0.91,9.60505976,941.0,1.1980,5790.00,2
10679583,"K02549.01",,"FALSE POSITIVE",0.99,3.54789928,987.0,0.7250,5399.00,1
11622985,"K02550.01",,"CANDIDATE",1.98,18.0243482,683.0,0.9100,5955.00,1
11361283,"K02551.01",,"CANDIDATE",1.53,16.4793229,537.0,0.7160,4908.00,1
8757824,"K02552.01","Kepler-1275 b","CONFIRMED",1.32,3.65690909,1368.0,1.2710,6078.00,1
9832208,"K02553.01","Kepler-1858 b","CONFIRMED",2.4,88.0712769,330.0,0.8190,4939.00,1
6124512,"K02627.01","Kepler-1296 b","CONFIRMED",3.24,8.38395796,1285.0,2.6050,5405.00,1
10070468,"K02628.01","Kepler-1297 b","CONFIRMED",1.27,1.68189051,1790.0,1.3740,5827.00,1
10031656,"K02629.01",,"FALSE POSITIVE",1.82,8.59000355,843.0,0.8760,5817.00,1
7584650,"K02631.01","Kepler-1863 b","CONFIRMED",1.59,44.9977604,508.0,0.9830,5871.00,1
11337566,"K02632.01","Kepler-1298 b","CONFIRMED",1.36,7.12815163,1373.0,1.9940,6311.00,1
6364215,"K02404.01",,"CANDIDATE",1.65,2.10081629,1378.0,0.9180,5815.00,2
10202759,"K02405.01",,"FALSE POSITIVE",25.5,0.872952088,3165.0,2.0820,7102.00,1
5007345,"K02406.01","Kepler-1225 b","CONFIRMED",3.76,7.01074295,1453.0,2.4760,5814.00,1
12120484,"K02407.01","Kepler-1226 b","CONFIRMED",2.13,17.2922631,809.0,1.2990,5936.00,1
6429812,"K02408.01","Kepler-1227 b","CONFIRMED",2.11,94.289223,369.0,0.9040,5632.00,1
6846911,"K02477.01","Kepler-1842 b","CONFIRMED",2.66,14.02634692,822.0,1.1310,5970.00,1
5385439,"K02478.01",,"FALSE POSITIVE",2.12,12.425866431,741.0,0.9400,5428.00,1
5963582,"K02479.01","Kepler-1843 b","CONFIRMED",2.11,25.5433704,772.0,1.7820,5422.00,1
4476423,"K02481.01",,"FALSE POSITIVE",15.96,33.8542586,1326.0,10.4720,4553.00,
11403389,"K02482.01","Kepler-1251 b","CONFIRMED",2.44,45.0909201,487.0,0.9000,5790.00,1
9851662,"K02483.01","Kepler-1252 b","CONFIRMED",1.44,15.0539886,665.0,0.8180,5475.00,1
6467363,"K02840.01",,"CANDIDATE",0.92,3.67936863,1112.0,0.8480,5676.00,1
6467363,"K02840.02",,"CANDIDATE",0.77,7.4464635,879.0,0.8480,5676.00,2
8758204,"K02841.01","Kepler-1881 b","CONFIRMED",2.73,159.388788,289.0,0.8740,5135.00,1
8733898,"K02842.01","Kepler-446 b","CONFIRMED",1.73,1.565412613,648.0,0.3280,3464.00,1
8733898,"K02842.02","Kepler-446 d","CONFIRMED",1.72,5.14892346,436.0,0.3280,3464.00,3
3228945,"K02917.01",,"FALSE POSITIVE",1.37,0.730943372,2190.0,1.0670,6143.00,1
7008149,"K02918.01",,"FALSE POSITIVE",13.96,0.515552803,1807.0,0.7300,5068.00,1
10332213,"K02919.01","Kepler-1885 b","CONFIRMED",25.82,2.522590567,1205.0,0.8600,5591.00,1
7090524,"K02920.01","Kepler-1386 b","CONFIRMED",1.48,6.73968289,1011.0,1.1760,5511.00,1
11133306,"K00276.01","Kepler-509 b","CONFIRMED",2.4,41.74598855,584.0,1.1710,5978.00,1
6307063,"K02702.01",,"FALSE POSITIVE",3.82,75.378004,455.0,1.0770,5876.00,1
5871985,"K02703.01","Kepler-1318 b","CONFIRMED",2.72,213.258526,202.0,0.6370,4477.00,1
8292840,"K00260.02","Kepler-126 d","CONFIRMED",2.51,100.2830675,475.0,1.2970,6214.00,1
9730163,"K02704.01","Kepler-445 c","CONFIRMED",1.56,4.871223664,341.0,0.1800,3157.00,1
9730163,"K02704.02","Kepler-445 b","CONFIRMED",0.92,2.984157711,401.0,0.1800,3157.00,2
11453592,"K02705.01","Kepler-1319 b","CONFIRMED",1.24,2.8867624,557.0,0.3890,3483.00,1
3834322,"K02763.01",,"FALSE POSITIVE",1.08,0.498434645,1676.0,0.7080,4784.00,1
10073672,"K02764.01",,"CANDIDATE",1.19,2.252976718,795.0,0.5590,4039.00,1
11188249,"K02765.01",,"FALSE POSITIVE",1.74,2.75505467,1783.0,1.7480,6257.00,1
4677282,"K02766.01",,"FALSE POSITIVE",77.12,1.572181216,3384.0,4.3150,6622.00,1
5097470,"K02767.01",,"FALSE POSITIVE",1.08,1.28805834,1736.0,1.1320,5631.00,1
4858610,"K02844.01",,"FALSE POSITIVE",1.06,2.72288246,1162.0,0.8720,5458.00,1
10591855,"K02845.01","Kepler-1367 b","CONFIRMED",0.93,1.574090323,998.0,0.6500,4313.00,1
4832175,"K02846.01",,"FALSE POSITIVE",0.88,0.947738312,1229.0,0.6380,4464.00,1
7749773,"K02848.01","Kepler-1882 b","CONFIRMED",1.55,13.7872627,894.0,1.4580,5691.00,1
9451706,"K00271.03","Kepler-127 b","CONFIRMED",1.46,14.4359459,884.0,1.3520,6075.00,3
10064256,"K02849.01","Kepler-1692 b","CONFIRMED",1.02,5.95958637,897.0,0.9000,5452.00,1
6842807,"K02921.01",,"CANDIDATE",1.49,16.6146221,604.0,0.8000,5295.00,1
4381282,"K02922.01",,"FALSE POSITIVE",0.76,0.497581917,1801.0,0.6300,5271.00,1
9815053,"K02923.01",,"CANDIDATE",1.19,5.83892993,835.0,0.7690,5279.00,1
7609553,"K02924.01","Kepler-1387 b","CONFIRMED",0.87,2.279523364,1123.0,0.7970,5017.00,1
10122538,"K02926.01","Kepler-1388 b","CONFIRMED",2.21,12.2854718,434.0,0.5640,3891.00,2
10122538,"K02926.02","Kepler-1388 c","CONFIRMED",2.2,5.53609368,566.0,0.5640,3891.00,1
9697131,"K02706.01",,"CANDIDATE",1.75,3.09756897,1782.0,1.8850,6329.00,1
5480640,"K02707.01","Kepler-399 d","CONFIRMED",3.21,58.0337426,486.0,1.1520,5467.00,1
5480640,"K02707.02","Kepler-399 b","CONFIRMED",1.68,14.4252635,773.0,1.1520,5467.00,3
5480640,"K02707.03","Kepler-399 c","CONFIRMED",2.69,26.6757818,630.0,1.1520,5467.00,2
5175986,"K02708.01","Kepler-1320 b","CONFIRMED",1.52,0.868386354,1389.0,0.7040,4792.00,1
9008737,"K02768.01","Kepler-404 b","CONFIRMED",1.18,11.8288843,730.0,0.8570,5653.00,1
9008737,"K02768.02","Kepler-404 c","CONFIRMED",1.63,14.7512034,678.0,0.8570,5653.00,
9692128,"K02769.01",,"FALSE POSITIVE",1.46,1.480323978,1743.0,1.0810,5996.00,1
10917043,"K02770.01",,"CANDIDATE",2.11,205.385912,200.0,0.6240,4400.00,1
6521045,"K00041.02","Kepler-100 b","CONFIRMED",1.3,6.88707073,1155.0,1.4740,5788.00,2
8167959,"K00267.01",,"FALSE POSITIVE",15049.8,165.75597,398.0,1.4120,5800.00,
4075015,"K02850.01",,"FALSE POSITIVE",1.07,1.11431205,1635.0,0.8490,5776.00,1
6697605,"K02851.01","Kepler-1985 b","CONFIRMED",2.27,3.42064689,1129.0,0.9660,5370.00,1
6697605,"K02851.02",,"CANDIDATE",1.5,1.23935745,1583.0,0.9660,5370.00,2
6294819,"K02852.01","Kepler-1368 b","CONFIRMED",1.36,0.675650404,2085.0,0.9610,5966.00,1
12602314,"K02853.01",,"CANDIDATE",1.12,1.407020118,1350.0,0.8490,5022.00,1
5787131,"K02927.01",,"CANDIDATE",2.31,24.4359956,674.0,1.0350,6197.00,1
3230753,"K02928.01",,"FALSE POSITIVE",1.24,17.7337356,597.0,0.8310,5335.00,1
8358012,"K02929.01",,"FALSE POSITIVE",1.49,10.06478627,729.0,0.8200,5438.00,1
4664046,"K02930.01",,"FALSE POSITIVE",0.83,1.12976597,1429.0,0.7150,5366.00,1
11401755,"K00277.01","Kepler-36 c","CONFIRMED",3.54,16.23191704,926.0,1.5850,5919.00,1
4180401,"K02709.01",,"FALSE POSITIVE",2.82,15.4126766,618.0,0.8560,5240.00,1
6350476,"K02710.01",,"FALSE POSITIVE",1.07,1.110599919,1539.0,0.8670,5227.00,1
8292840,"K00260.03","Kepler-126 c","CONFIRMED",1.51,21.86965714,790.0,1.2970,6214.00,3
5272233,"K02711.01","Kepler-400 b","CONFIRMED",1.62,9.02436414,939.0,1.1110,5885.00,1
5272233,"K02711.02","Kepler-400 c","CONFIRMED",1.43,17.3408735,755.0,1.1110,5885.00,2
11456382,"K02771.01",,"FALSE POSITIVE",1.91,0.814280672,2563.0,1.5430,6366.00,1
3130548,"K02773.01",,"FALSE POSITIVE",1.57,0.878855771,1864.0,0.9370,5727.00,1
9593757,"K02774.01",,"FALSE POSITIVE",8.91,2.49432176,1342.0,1.0000,5780.00,1
6346809,"K02775.01",,"CANDIDATE",27.21,17.57704569,673.0,0.9010,5653.00,1
4275117,"K02776.01",,"FALSE POSITIVE",1.03,1.00652785,1815.0,0.8890,6089.00,1
6545051,"K02777.01",,"FALSE POSITIVE",1.11,1.99566293,1182.0,0.7710,5235.00,1
5513866,"K02854.01",,"FALSE POSITIVE",1.38,0.755111225,1999.0,1.0000,5780.00,1
4547603,"K02855.01",,"CANDIDATE",1.3,1.400755743,1628.0,1.0720,5487.00,1
5688910,"K02856.01","Kepler-1369 b","CONFIRMED",2.88,25.8730914,667.0,1.0930,6036.00,1
6345732,"K02857.01","Kepler-1370 b","CONFIRMED",2.12,20.2642023,770.0,1.2910,5937.00,1
5716763,"K00272.01",,"CANDIDATE",4.52,1.28132831,2215.0,1.5960,5918.00,1
6345732,"K02857.02","Kepler-1370 c","CONFIRMED",1.33,7.44136102,1075.0,1.2910,5937.00,2
8611257,"K02931.01","Kepler-1389 b","CONFIRMED",2.17,99.2532336,300.0,0.7150,5010.00,1
3861611,"K02932.01",,"FALSE POSITIVE",2.12,3.84933401,1147.0,0.9060,5984.00,1
12416987,"K02933.01",,"CANDIDATE",22.19,119.0833042,240.0,0.6230,4412.00,1
8259713,"K02935.01",,"CANDIDATE",1.54,27.8813154,681.0,1.0550,6434.00,1
10880507,"K02936.01","Kepler-1390 b","CONFIRMED",1.26,6.4802138,934.0,0.9830,5496.00,1
11098013,"K02712.01",,"CANDIDATE",1.77,7.50790041,1138.0,1.3370,6408.00,1
5443604,"K02713.01",,"FALSE POSITIVE",1.72,21.3910125,483.0,0.6860,4889.00,1
12206313,"K02714.01","Kepler-401 b","CONFIRMED",1.84,14.3832267,889.0,1.2910,6115.00,1
12206313,"K02714.02","Kepler-401 c","CONFIRMED",2.1,47.3186631,598.0,1.2910,6115.00,2
9837661,"K02715.01","Kepler-1321 b","CONFIRMED",4.04,11.12827427,408.0,0.5030,3640.00,1
7769819,"K02778.01","Kepler-1342 b","CONFIRMED",1.7,2.21571296,1283.0,0.9010,5417.00,1
11874577,"K02779.01","Kepler-1875 b","CONFIRMED",1.88,34.4585495,559.0,0.8620,6161.00,1
12164564,"K02780.01","Kepler-1343 b","CONFIRMED",1.88,3.35184041,1294.0,1.0050,6198.00,1
8190354,"K02781.01",,"FALSE POSITIVE",1.31,1.615758517,2158.0,2.0170,5622.00,1
3425851,"K00268.01",,"CANDIDATE",3.02,110.3783828,473.0,1.3590,6342.00,1
10397751,"K02859.01","Kepler-1371 b","CONFIRMED",0.7,3.4462125,1015.0,0.7210,5374.00,1
10397751,"K02859.02","Kepler-1371 c","CONFIRMED",0.65,2.005414293,1216.0,0.7210,5374.00,2
10397751,"K02859.03",,"CANDIDATE",0.57,4.28886792,944.0,0.7210,5374.00,5
7815931,"K02861.01",,"FALSE POSITIVE",1.4,1.868564038,1565.0,1.0230,6065.00,1
6679295,"K02862.01",,"CANDIDATE",1.64,24.5752524,316.0,0.5120,3678.00,1
9642292,"K02946.01","Kepler-1392 b","CONFIRMED",1.93,15.1408916,714.0,0.8870,5926.00,1
6356692,"K02948.01","Kepler-1888 b","CONFIRMED",1.02,11.39169531,886.0,1.2490,5557.00,1
6026737,"K02949.01",,"CANDIDATE",1.04,10.1747037,985.0,1.3390,5866.00,1
4991208,"K02951.01","Kepler-1393 b","CONFIRMED",0.67,2.44358543,1249.0,0.8730,5561.00,1
8243283,"K02952.01",,"FALSE POSITIVE",1.21,1.7592691,1519.0,0.9840,5784.00,1
9837661,"K02715.02","Kepler-1321 c","CONFIRMED",2.1,2.226496196,697.0,0.5030,3640.00,2
9837661,"K02715.03","Kepler-1321 d","CONFIRMED",1.78,5.72084599,509.0,0.5030,3640.00,3
9092504,"K02716.01","Kepler-1322 b","CONFIRMED",1.52,0.962864171,1666.0,0.8040,5704.00,1
5383248,"K00261.01","Kepler-96 b","CONFIRMED",2.76,16.23847733,711.0,0.9930,5683.00,1
9092504,"K02716.02","Kepler-1322 c","CONFIRMED",1.8,6.46004728,883.0,0.8040,5704.00,2
10001368,"K02785.01","Kepler-1344 b","CONFIRMED",1.78,4.76831033,1219.0,1.1160,6237.00,1
9466429,"K02786.01","Kepler-1345 b","CONFIRMED",2.31,44.616751,693.0,1.4240,6763.00,1
4365442,"K02787.01",,"FALSE POSITIVE",1.84,1.714410345,2551.0,2.4980,6340.00,1
8885643,"K02789.01","Kepler-1346 b","CONFIRMED",1.34,3.40165617,1236.0,0.9060,6177.00,1
5652893,"K02790.01","Kepler-1347 b","CONFIRMED",0.98,14.00948631,617.0,0.7670,5153.00,1
3241557,"K02863.01",,"FALSE POSITIVE",0.69,1.703359172,1525.0,0.9040,6026.00,1
3957082,"K02864.01",,"FALSE POSITIVE",3.99,3.77881664,2580.0,5.5440,6115.00,1
8681833,"K02865.01","Kepler-1372 b","CONFIRMED",1.15,1.311558909,1655.0,0.9630,5926.00,1
4138951,"K02866.01","Kepler-1373 b","CONFIRMED",0.89,1.291233083,1887.0,1.0860,6384.00,1
3102384,"K00273.01","Kepler-454 b","CONFIRMED",2.07,10.573751447,844.0,1.0800,5720.00,1
10471515,"K02961.01","Kepler-1395 b","CONFIRMED",0.7,3.7847507,1311.0,1.2060,6017.00,1
4935172,"K02962.01",,"CANDIDATE",0.93,2.17291055,1507.0,1.0450,6164.00,1
8760040,"K02963.01","Kepler-1396 b","CONFIRMED",1.78,18.2206024,786.0,1.2620,5951.00,1
8760040,"K02963.02",,"CANDIDATE",1.42,7.35101287,1064.0,1.2620,5951.00,2
10098844,"K02964.01","Kepler-1397 b","CONFIRMED",1.61,47.4497134,551.0,1.1260,6007.00,1
9467404,"K02717.01","Kepler-1323 b","CONFIRMED",1.48,0.929906166,2291.0,1.4130,6039.00,1
5308666,"K02718.01",,"FALSE POSITIVE",131.4,0.784513087,10634.0,78.8690,3853.00,1
5184911,"K02719.01","Kepler-1324 b","CONFIRMED",1.93,4.11585514,895.0,0.8230,4827.00,1
8176564,"K02720.01",,"CANDIDATE",1.26,6.57159435,1211.0,1.4320,6042.00,1
6587105,"K02721.01","Kepler-1325 b","CONFIRMED",3.52,33.878639,564.0,1.0720,5533.00,1
11662184,"K02791.01","Kepler-1348 b","CONFIRMED",1.94,27.5722144,636.0,1.0900,5912.00,1
11127479,"K02792.01","Kepler-1349 b","CONFIRMED",0.7,2.12821621,1668.0,1.3770,5952.00,1
5428668,"K02794.01",,"FALSE POSITIVE",2.15,0.703399912,2013.0,0.9100,5955.00,1
5041569,"K02795.01",,"FALSE POSITIVE",2.7,2.5355023,1477.0,1.1000,6268.00,1
10604521,"K02797.01",,"CANDIDATE",1.65,0.868122253,2047.0,1.0840,6116.00,1
9899181,"K02867.01",,"FALSE POSITIVE",0.4,1.332560553,1249.0,0.7140,4947.00,1
9899181,"K02867.02",,"FALSE POSITIVE",0.34,18.936061,516.0,0.7140,4947.00,2
8884274,"K02868.01","Kepler-1374 b","CONFIRMED",2.2,10.65275054,737.0,0.8170,5602.00,1
7767162,"K02869.01","Kepler-1375 b","CONFIRMED",1.43,3.30040818,1543.0,1.4380,6333.00,1
4861791,"K02870.01",,"FALSE POSITIVE",2.11,5.62950902,979.0,0.8980,5822.00,1
4385148,"K02942.01",,"CANDIDATE",1.98,13.84301228,699.0,0.8370,5745.00,1
4385148,"K02942.02","Kepler-1886 b","CONFIRMED",2.25,24.2758992,580.0,0.8370,5745.00,2
9838468,"K02943.01","Kepler-1391 b","CONFIRMED",1.56,54.4099612,513.0,1.1330,5746.00,1
6781548,"K02944.01",,"FALSE POSITIVE",28.17,9.12209336,863.0,0.9600,5899.00,1
8617363,"K02945.01","Kepler-1887 b","CONFIRMED",2.52,19.94752741,625.0,0.8640,5749.00,1
11401755,"K00277.02","Kepler-36 b","CONFIRMED",1.45,13.84984567,977.0,1.5850,5919.00,2
7673192,"K02722.01","Kepler-402 c","CONFIRMED",1.51,6.12479773,1140.0,1.2020,6052.00,1
7673192,"K02722.02","Kepler-402 e","CONFIRMED",1.44,11.24284815,931.0,1.2020,6052.00,3
7673192,"K02722.03","Kepler-402 b","CONFIRMED",1.21,4.02877097,1311.0,1.2020,6052.00,2
7673192,"K02722.04","Kepler-402 d","CONFIRMED",1.27,8.92114318,1006.0,1.2020,6052.00,4
11807274,"K00262.01","Kepler-50 b","CONFIRMED",1.68,7.81285862,1196.0,1.5430,6237.00,2
7670943,"K00269.01","Kepler-1713 b","CONFIRMED",1.83,18.01164974,900.0,1.4590,6477.00,1
6697756,"K02798.01","Kepler-1351 b","CONFIRMED",0.6,0.916142298,1212.0,0.6140,4374.00,1
5649833,"K02799.01",,"FALSE POSITIVE",1.24,0.597933473,2564.0,1.1590,6543.00,1
10518399,"K02800.01",,"FALSE POSITIVE",1.24,2.69636494,1406.0,1.1390,5653.00,1
5905822,"K02801.01","Kepler-1876 b","CONFIRMED",1.06,6.99205021,1194.0,1.4670,6057.00,1
10793172,"K02871.01","Kepler-1693 b","CONFIRMED",1.39,12.0999065,807.0,1.0980,5553.00,1
10793172,"K02871.02","Kepler-1693 c","CONFIRMED",1.15,5.36375016,1059.0,1.0980,5553.00,2
7136729,"K02872.01",,"FALSE POSITIVE",0.91,3.17319407,1077.0,0.7840,5369.00,1
6364276,"K02873.01",,"FALSE POSITIVE",0.91,5.24368302,654.0,0.6290,4194.00,1
4367854,"K02876.01",,"CANDIDATE",1.37,5.1952021,836.0,0.7380,5044.00,1
5108946,"K02955.01",,"FALSE POSITIVE",1.3,0.591280187,2385.0,1.0920,6246.00,1
8801316,"K02956.01","Kepler-1394 b","CONFIRMED",1.36,3.93766786,1947.0,2.7410,6277.00,1
10597693,"K02958.01",,"CANDIDATE",1.89,31.6084371,634.0,1.0330,6341.00,1
7466270,"K02959.01",,"CANDIDATE",2.04,16.1558656,455.0,0.5300,4504.00,1
10876237,"K02960.01",,"FALSE POSITIVE",1.6,1.465943491,2472.0,2.1900,6230.00,1
12314973,"K00279.01","Kepler-450 b","CONFIRMED",6.08,28.45489091,769.0,1.5730,6206.00,1
3346154,"K02723.01","Kepler-1871 b","CONFIRMED",2.58,1.952711161,1403.0,0.9460,5741.00,1
5308387,"K02724.01",,"FALSE POSITIVE",29.28,0.620739667,2947.0,1.6020,6559.00,1
6233573,"K02725.01",,"FALSE POSITIVE",51.02,0.587470828,3434.0,2.6670,5787.00,1
10363281,"K02726.01",,"FALSE POSITIVE",2.29,0.934924739,3156.0,2.6280,6477.00,1
4861527,"K02727.01",,"FALSE POSITIVE",1.75,25.7054557,670.0,1.0010,6326.00,1
5775129,"K02802.01","Kepler-1691 b","CONFIRMED",1.72,3.84822189,1283.0,1.1930,5927.00,1
9898447,"K02803.01","Kepler-1877 b","CONFIRMED",0.53,2.37752442,1278.0,0.9360,5615.00,1
5307568,"K02804.01",,"FALSE POSITIVE",1.01,2.62838097,1375.0,1.0700,5884.00,1
11135308,"K02805.01","Kepler-1352 b","CONFIRMED",0.78,1.877878538,1701.0,1.1150,6324.00,1
2985587,"K02807.01",,"CANDIDATE",2.34,3.375716723,1472.0,1.2820,6310.00,1
6521045,"K00041.03","Kepler-100 d","CONFIRMED",1.55,35.3331932,670.0,1.4740,5788.00,3
8077137,"K00274.01","Kepler-128 b","CONFIRMED",1.42,15.0896415,968.0,1.6130,6063.00,1
7019524,"K02877.01","Kepler-1376 b","CONFIRMED",1.08,5.30873978,1042.0,0.9550,5914.00,1
5106313,"K02878.01","Kepler-1694 b","CONFIRMED",1.13,3.89524296,956.0,0.8380,5018.00,1
9825174,"K02880.01","Kepler-1377 b","CONFIRMED",1.22,0.740926358,1873.0,0.8740,5618.00,1
5642620,"K02882.01",,"CANDIDATE",2.72,75.8580035,281.0,0.6140,4474.00,3
8429415,"K02965.01",,"FALSE POSITIVE",1.45,1.352564873,2447.0,1.8230,6463.00,1
5014903,"K02966.01",,"FALSE POSITIVE",1.89,7.72768833,899.0,0.9400,5765.00,1
5980783,"K02967.01","Kepler-1889 b","CONFIRMED",2.31,37.3033197,493.0,0.8170,5646.00,1
8873090,"K02968.01",,"CANDIDATE",1.99,10.16435076,1389.0,2.7100,6133.00,1
8560804,"K02969.01",,"FALSE POSITIVE",2.41,31.9729501,757.0,1.7590,6007.00,1
12008872,"K02729.01","Kepler-1327 b","CONFIRMED",1.96,14.8877665,831.0,1.1160,6143.00,1
8415200,"K02730.01","Kepler-1328 b","CONFIRMED",1.31,4.52158614,1214.0,1.2890,5576.00,1
4072333,"K02731.01",,"FALSE POSITIVE",1.64,2.007750531,1319.0,0.8650,5645.00,1
9886361,"K02732.01","Kepler-403 b","CONFIRMED",1.38,7.03146295,1194.0,1.4990,6170.00,1
9886361,"K02732.03","Kepler-403 c","CONFIRMED",2.07,54.2811949,604.0,1.4990,6170.00,3
3730335,"K02808.01",,"FALSE POSITIVE",1.92,0.596087893,2967.0,1.8270,6049.00,1
6528464,"K00270.01","Kepler-449 b","CONFIRMED",1.53,12.58229808,917.0,1.4230,5587.00,1
7428316,"K02809.01",,"FALSE POSITIVE",1.38,7.12684695,941.0,0.8960,6050.00,1
10275766,"K02810.01",,"FALSE POSITIVE",23.92,0.661749944,2420.0,1.1980,6363.00,1
10275766,"K02810.02",,"FALSE POSITIVE",2.53,354.95118,303.0,1.2300,6392.00,
6370120,"K02811.01",,"FALSE POSITIVE",0.8,1.35477049,1102.0,0.6890,4414.00,1
5642620,"K02882.02",,"FALSE POSITIVE",1.4,0.493393859,1505.0,0.6140,4474.00,1
5209845,"K02883.01","Kepler-1378 b","CONFIRMED",2.1,11.95401876,525.0,0.6590,4359.00,1
9652649,"K02884.01",,"FALSE POSITIVE",0.64,2.48883033,1230.0,0.8330,5615.00,1
11100670,"K02885.01",,"FALSE POSITIVE",0.99,20.2340219,562.0,0.7100,5528.00,1
6129524,"K02886.01","Kepler-1379 b","CONFIRMED",1.24,0.88184263,1564.0,0.7760,5268.00,1
5794570,"K02675.01","Kepler-1312 b","CONFIRMED",2.17,5.448321078,978.0,0.9050,5721.00,1
5794570,"K02675.02","Kepler-1312 c","CONFIRMED",1,1.116127169,1659.0,0.9050,5721.00,2
5649325,"K02676.01",,"FALSE POSITIVE",10.65,195.613824,467.0,2.2290,5970.00,1
9958387,"K02677.01",,"CANDIDATE",9.91,237.787237,354.0,1.8530,5185.00,1
6779260,"K02678.01","Kepler-1313 b","CONFIRMED",2.25,3.833087643,1012.0,0.8310,5397.00,1
11807274,"K00262.02","Kepler-50 c","CONFIRMED",1.89,9.37663713,1125.0,1.5430,6237.00,1
5953297,"K02733.01","Kepler-1688 b","CONFIRMED",1.45,5.62006198,772.0,0.7460,4868.00,1
7659389,"K02734.01","Kepler-1872 b","CONFIRMED",3.45,3.8259005,1005.0,0.8850,5223.00,1
9472074,"K02735.01","Kepler-1873 b","CONFIRMED",1.33,0.558841234,1787.0,0.7920,5151.00,1
10842192,"K02736.01","Kepler-1329 b","CONFIRMED",2.39,9.33648141,577.0,0.6480,4442.00,1
2442448,"K02812.01","Kepler-1354 b","CONFIRMED",2.61,76.6139446,466.0,1.0300,6173.00,1
11197853,"K02813.01",,"CANDIDATE",14.81,0.698461304,5173.0,12.5580,4676.00,1
9665922,"K02815.01",,"FALSE POSITIVE",0.56,1.545388842,1421.0,0.7670,5782.00,1
11283615,"K02816.01","Kepler-1355 b","CONFIRMED",1.38,1.289590179,1448.0,0.8080,5467.00,1
7605093,"K02817.01","Kepler-1356 b","CONFIRMED",1.35,0.634003002,1714.0,0.7500,5226.00,1
3859363,"K02887.01",,"FALSE POSITIVE",23.41,1.56859048,1693.0,1.0020,6248.00,1
8077137,"K00274.02","Kepler-128 c","CONFIRMED",1.29,22.8030252,843.0,1.6130,6063.00,2
12023078,"K02888.01",,"FALSE POSITIVE",13.89,0.623441939,3219.0,2.8710,5385.00,1
6364162,"K02889.01",,"FALSE POSITIVE",25.01,5.24364571,1149.0,1.0560,6197.00,1
7463685,"K02890.01","Kepler-1884 b","CONFIRMED",1.39,8.98826122,864.0,0.9060,5984.00,1
6716021,"K02679.01",,"CANDIDATE",29.64,110.7556272,651.0,2.6680,6525.00,1
11231334,"K00258.01",,"FALSE POSITIVE",96.99,4.15743922,2089.0,3.1310,6529.00,1
8326342,"K02680.01",,"CANDIDATE",23.4,14.4079035,624.0,0.7280,5440.00,1
6878240,"K02681.01","Kepler-397 c","CONFIRMED",6.01,135.4978256,295.0,0.7570,5307.00,1
6878240,"K02681.02","Kepler-397 b","CONFIRMED",2.07,22.2508509,539.0,0.7570,5307.00,2
2436378,"K02682.01",,"FALSE POSITIVE",54.6,8.53161917,891.0,1.0000,5780.00,1
6614629,"K02737.01",,"FALSE POSITIVE",1.46,0.526615152,2959.0,1.8320,5718.00,1
6630943,"K02738.01",,"FALSE POSITIVE",1.04,0.690405794,1731.0,0.7860,5204.00,1
4831728,"K02739.01","Kepler-1330 b","CONFIRMED",1.98,10.10773789,879.0,1.1740,5480.00,1
4831728,"K02739.02",,"CANDIDATE",1.2,7.0956395,989.0,1.1740,5480.00,2
3336765,"K02740.01",,"FALSE POSITIVE",0.97,1.844857057,1601.0,1.0040,6143.00,1
4270565,"K02819.01",,"FALSE POSITIVE",2.02,18.0116764,695.0,0.9320,6003.00,1
6528464,"K00270.02","Kepler-449 c","CONFIRMED",1.86,33.67280658,661.0,1.4230,5587.00,2
11963206,"K02820.01","Kepler-1357 b","CONFIRMED",1.22,3.00912491,1177.0,0.8930,5713.00,1
4249611,"K02821.01",,"CANDIDATE",3.33,79.2450351,404.0,0.9170,5648.00,1
8263545,"K02822.01","Kepler-1878 b","CONFIRMED",1.94,4.44589508,1063.0,0.8650,5918.00,1
10068024,"K02891.01",,"FALSE POSITIVE",0.92,2.023126394,1607.0,1.0590,6349.00,1
9636563,"K02892.01",,"FALSE POSITIVE",1.36,10.63609504,728.0,0.8100,5546.00,1
6937402,"K02894.01","Kepler-1380 b","CONFIRMED",1.27,10.3108232,786.0,0.8930,5708.00,1
5475641,"K02895.01",,"FALSE POSITIVE",1.77,1.069842837,1433.0,0.7860,4999.00,1
2853828,"K02896.01",,"FALSE POSITIVE",31.06,1.077467951,2339.0,1.5080,6329.00,1
7899070,"K02683.01",,"CANDIDATE",4.49,126.4451275,321.0,0.7950,5613.00,1
4035667,"K02684.01",,"FALSE POSITIVE",6.47,2.8736467,2866.0,3.1690,8173.00,1
9612825,"K02685.01",,"FALSE POSITIVE",1.88,2.846517614,528.0,0.3200,3468.00,1
7826659,"K02686.01","Kepler-1868 b","CONFIRMED",3.43,211.032819,215.0,0.6860,4658.00,1
7202957,"K02687.01","Kepler-1869 c","CONFIRMED",0.74,1.716828304,1455.0,0.9020,5808.00,1
5513893,"K02741.01",,"FALSE POSITIVE",1.49,0.755103143,2927.0,2.1280,5996.00,1
10514430,"K00263.01",,"FALSE POSITIVE",2.51,20.71927223,818.0,1.5450,5729.00,2
8095441,"K02743.01","Kepler-1332 b","CONFIRMED",1.32,11.87457664,728.0,0.8800,5523.00,1
5881813,"K02744.01","Kepler-1333 b","CONFIRMED",4.85,109.6469948,428.0,1.4530,5332.00,1
12456601,"K02745.01","Kepler-1334 b","CONFIRMED",2.18,15.64588656,710.0,0.9160,5896.00,1
10341917,"K02823.01",,"FALSE POSITIVE",3.18,0.93375241,1594.0,0.8150,5402.00,1
3241604,"K02824.01",,"FALSE POSITIVE",1.67,1.70336496,1484.0,0.9150,5881.00,2
9591070,"K02825.01",,"FALSE POSITIVE",1.18,0.764174368,2241.0,1.1250,6321.00,1
8227661,"K02826.01",,"FALSE POSITIVE",0.23,1.85373924,345.0,0.1160,2661.00,1
7428736,"K02827.01","Kepler-1358 b","CONFIRMED",1.21,7.06321927,827.0,0.8180,5305.00,1
5817986,"K02897.01",,"FALSE POSITIVE",23.09,0.584310213,2053.0,0.8800,5783.00,1
11129258,"K02898.01","Kepler-1381 b","CONFIRMED",2.44,25.384175,649.0,0.9940,6137.00,1
10586004,"K00275.01","Kepler-129 b","CONFIRMED",2.4,15.79196594,910.0,1.7040,5758.00,1
4939533,"K02899.01",,"CANDIDATE",1.54,5.77207177,915.0,0.8600,5591.00,1
4846856,"K02900.01",,"CANDIDATE",2.08,46.151253,423.0,0.7690,5204.00,1
7202957,"K02687.02","Kepler-1869 b","CONFIRMED",1.03,8.16733851,865.0,0.9020,5808.00,2
6521045,"K00041.01","Kepler-100 c","CONFIRMED",2.26,12.81590421,939.0,1.4740,5788.00,1
5790807,"K00259.01",,"FALSE POSITIVE",40.73,79.99623328,717.0,2.4900,6796.00,1
8892303,"K02688.01","Kepler-1314 b","CONFIRMED",5.15,5.424749327,625.0,0.5910,4137.00,1
10265602,"K02689.01",,"CANDIDATE",6.98,165.3447044,301.0,0.8120,5594.00,1
5369827,"K02690.01","Kepler-1870 b","CONFIRMED",2.04,3.606940379,1046.0,0.8400,5508.00,1
5302643,"K02746.01",,"FALSE POSITIVE",45.24,69.2002312,585.0,1.2670,7044.00,1
6586746,"K02747.01","Kepler-1335 b","CONFIRMED",1.55,6.26404774,809.0,0.8170,5032.00,1
9962455,"K02748.01","Kepler-1336 b","CONFIRMED",2.61,23.1985852,793.0,1.7560,5416.00,1
9962455,"K02748.02","Kepler-1336 c","CONFIRMED",2.17,5.77721259,1260.0,1.7560,5416.00,2
8687088,"K02749.01",,"FALSE POSITIVE",1.1,0.905037231,2627.0,1.7630,6223.00,1
6436029,"K02828.01","Kepler-1359 b","CONFIRMED",2.92,59.4969009,369.0,0.8330,4817.00,1
6197215,"K02829.01","Kepler-1879 b","CONFIRMED",1.77,10.61345333,987.0,1.3880,5865.00,1
9451706,"K00271.01","Kepler-127 d","CONFIRMED",2.48,48.6303805,590.0,1.3520,6075.00,2
9244508,"K02830.01","Kepler-1360 b","CONFIRMED",5.92,40.5289885,933.0,3.0860,6443.00,1
9692557,"K02831.01",,"FALSE POSITIVE",1.88,0.571940563,3320.0,2.2860,5827.00,1
9366886,"K02901.01",,"FALSE POSITIVE",0.81,0.633514386,1357.0,0.6180,4330.00,1
3657176,"K02903.01",,"FALSE POSITIVE",1.84,17.4166143,723.0,1.0170,5946.00,1
3969687,"K02904.01","Kepler-1382 b","CONFIRMED",2.23,16.3583482,959.0,1.7650,6133.00,1
9369366,"K02905.01",,"FALSE POSITIVE",3.33,36.0054414,1024.0,2.8380,7048.00,1
6716545,"K02906.01","Kepler-1383 b","CONFIRMED",1.33,13.9093544,928.0,1.4240,6052.00,1
4552729,"K02691.01",,"CANDIDATE",3.05,97.4463194,283.0,0.6860,4735.00,1
2989706,"K02692.01",,"FALSE POSITIVE",2.45,1.257689465,1513.0,0.7870,5676.00,1
5185897,"K02693.01","Kepler-398 b","CONFIRMED",1,4.081411554,755.0,0.6350,4498.00,1
5185897,"K02693.02","Kepler-398 c","CONFIRMED",0.99,11.41941928,536.0,0.6350,4498.00,3
5185897,"K02693.03","Kepler-398 d","CONFIRMED",1.01,6.83440674,636.0,0.6350,4498.00,2
3663173,"K02750.01",,"CANDIDATE",11.12,174.636181,481.0,2.2320,5974.00,1
9881077,"K02751.01","Kepler-1337 b","CONFIRMED",2.47,24.4004378,437.0,0.6740,4583.00,1
3097346,"K00264.01",,"FALSE POSITIVE",1.77,4.029810359,1479.0,1.6510,5929.00,1
5717567,"K02752.01",,"FALSE POSITIVE",0.87,1.287622419,1957.0,1.2740,6170.00,1
6265792,"K02753.01","Kepler-1338 b","CONFIRMED",1.05,0.935115863,2124.0,1.2970,5874.00,1
9995402,"K02832.01","Kepler-1361 b","CONFIRMED",0.89,3.57551429,1061.0,0.9170,5213.00,1
9109857,"K02833.01",,"CANDIDATE",1.48,1.791877025,2223.0,2.1390,6002.00,1
5609593,"K02834.01","Kepler-1362 b","CONFIRMED",2.35,136.205112,248.0,0.6750,4648.00,1
5436338,"K02835.01","Kepler-1880 b","CONFIRMED",1.37,6.30922043,606.0,0.5300,4380.00,1
11414465,"K02836.01","Kepler-1363 b","CONFIRMED",1.22,2.94194296,988.0,0.7580,4901.00,1
6716545,"K02906.02",,"CANDIDATE",1.8,145.881936,424.0,1.4240,6052.00,3
2708885,"K02907.01",,"FALSE POSITIVE",1.39,1.146934644,1554.0,0.8620,5423.00,1
6612284,"K02908.01",,"FALSE POSITIVE",1.48,1.245353252,1704.0,0.9600,5982.00,1
10586004,"K00275.02","Kepler-129 c","CONFIRMED",2.57,82.2001239,525.0,1.7040,5758.00,2
4483138,"K02910.01","Kepler-1384 b","CONFIRMED",1.8,15.3626052,608.0,0.8510,5011.00,1
9475552,"K02694.01","Kepler-1315 b","CONFIRMED",1.7,0.843379985,1541.0,0.8560,4818.00,1
9475552,"K02694.02","Kepler-1315 c","CONFIRMED",1.83,6.56606941,777.0,0.8560,4818.00,2
8292840,"K00260.01","Kepler-126 b","CONFIRMED",1.34,10.49566303,1009.0,1.2970,6214.00,2
5196864,"K02695.01",,"CANDIDATE",20.23,2.50343279,1147.0,0.8400,5174.00,1
11071200,"K02696.01",,"CANDIDATE",9.1,96.4562198,727.0,2.7040,7029.00,1
11071200,"K02696.02",,"CANDIDATE",5.8,44.5643831,940.0,2.7040,7029.00,2
10905911,"K02754.01","Kepler-1339 b","CONFIRMED",0.74,1.34155642,1642.0,0.9700,5779.00,1
3545135,"K02755.01","Kepler-1689 b","CONFIRMED",0.8,8.48299282,879.0,0.9330,5827.00,1
6964929,"K02756.01","Kepler-1340 b","CONFIRMED",1.11,0.665025941,2174.0,1.0700,5884.00,1
6432345,"K02757.01","Kepler-1690 b","CONFIRMED",2.56,234.635652,267.0,0.8850,5422.00,1
8703129,"K02758.01",,"CANDIDATE",19.25,253.374581,555.0,5.9490,5177.00,1
11565924,"K02837.01","Kepler-1364 b","CONFIRMED",2.88,13.32191461,1299.0,2.2740,6995.00,1
6607357,"K02838.01","Kepler-1365 b","CONFIRMED",0.92,7.69994466,969.0,1.1040,5727.00,1
6607357,"K02838.02","Kepler-1365 c","CONFIRMED",0.81,4.77466043,1137.0,1.1040,5727.00,2
9451706,"K00271.02","Kepler-127 c","CONFIRMED",2.5,29.39337161,698.0,1.3520,6075.00,1
6186964,"K02839.01","Kepler-1366 b","CONFIRMED",1.27,2.164570593,783.0,0.5540,3941.00,1
5471202,"K02911.01",,"FALSE POSITIVE",2.75,12.4258343,830.0,0.9910,6185.00,1
9640439,"K02912.01",,"FALSE POSITIVE",1.68,0.873227249,2152.0,1.1110,6341.00,1
9693006,"K02913.01","Kepler-1385 b","CONFIRMED",0.84,2.88878583,1423.0,1.3310,5696.00,1
6837283,"K02914.01",,"CANDIDATE",2.89,21.1181653,1110.0,2.5660,6461.00,1
5613821,"K02915.01",,"CANDIDATE",0.98,5.06092282,998.0,0.9110,5637.00,1
6627507,"K02697.01",,"FALSE POSITIVE",87.08,7.37453336,1654.0,4.9910,5028.00,1
5128673,"K02698.01","Kepler-1316 b","CONFIRMED",3.39,87.9724227,446.0,1.1590,5837.00,1
6690836,"K02699.01","Kepler-1317 b","CONFIRMED",1.49,0.568874717,1796.0,0.7800,5223.00,1
8639908,"K02700.01",,"CANDIDATE",1.12,0.910020582,1127.0,0.5330,4297.00,1
5481148,"K02701.01",,"FALSE POSITIVE",4.79,22.023514,639.0,0.9360,5860.00,1
11076400,"K02759.01",,"CANDIDATE",1.01,1.07808492,1417.0,0.8140,4906.00,1
7877978,"K02760.01","Kepler-1874 b","CONFIRMED",2.69,56.5732318,356.0,0.7750,4701.00,1
7903086,"K02761.01",,"FALSE POSITIVE",2.23,1.846861455,1337.0,0.8600,5591.00,1
12024120,"K00265.01","Kepler-507 b","CONFIRMED",1.36,3.568099612,1407.0,1.3340,6007.00,1
8210018,"K02762.01","Kepler-1341 b","CONFIRMED",2.51,132.9955503,241.0,0.6590,4523.00,1
3642289,"K00301.01","Kepler-135 b","CONFIRMED",2.33,6.002548291,1209.0,1.3600,6204.00,1
3642289,"K00301.02","Kepler-135 c","CONFIRMED",1.32,11.44865823,975.0,1.3600,6204.00,2
3662838,"K00302.01","Kepler-516 b","CONFIRMED",7.61,24.85466504,1095.0,2.5270,6967.00,1
5966322,"K00303.01","Kepler-517 b","CONFIRMED",2.78,60.92818866,467.0,1.0230,5638.00,1
6029239,"K00304.01","Kepler-518 b","CONFIRMED",2.14,8.512037736,839.0,0.8810,5767.00,1
12106929,"K00359.01",,"FALSE POSITIVE",1.84,5.93720557,894.0,0.7120,5857.00,1
12107021,"K00360.01",,"FALSE POSITIVE",1.47,5.93719982,1059.0,1.0260,6102.00,1
8248939,"K00061.01",,"FALSE POSITIVE",24.87,1.63345402,1750.0,1.0910,6283.00,1
12404954,"K00361.01","Kepler-537 b","CONFIRMED",1.41,3.247548814,1181.0,0.9750,5703.00,1
1571511,"K00362.01",,"FALSE POSITIVE",14.93,14.022451457,810.0,1.0500,6061.00,1
2438070,"K00363.01",,"FALSE POSITIVE",38.29,2.442945167,1587.0,1.4280,5657.00,1
3747262,"K03005.01",,"FALSE POSITIVE",1.65,1.312459403,2824.0,2.5070,6543.00,1
10190075,"K03007.01",,"CANDIDATE",1.47,11.1916199,782.0,0.9560,5646.00,1
9070666,"K03008.01","Kepler-1408 b","CONFIRMED",1.12,2.99792926,1616.0,1.6450,5888.00,1
3642335,"K03010.01","Kepler-1410 b","CONFIRMED",1.39,60.8660974,244.0,0.5220,3808.00,1
3328052,"K03011.01",,"FALSE POSITIVE",1.66,2.11547854,1521.0,1.0240,6208.00,1
10749059,"K03086.01",,"CANDIDATE",3,174.731515,287.0,0.8970,5201.00,1
9119568,"K03087.01",,"FALSE POSITIVE",0.68,5.54867998,882.0,0.8350,5258.00,1
9119568,"K03087.02",,"FALSE POSITIVE",0.46,1.22174063,1461.0,0.8350,5258.00,4
9020114,"K03088.01","Kepler-1901 b","CONFIRMED",1.16,3.48412874,1132.0,0.9210,5696.00,1
6196457,"K00285.01","Kepler-92 b","CONFIRMED",3.63,13.74883059,975.0,1.6700,5862.00,1
7668416,"K03089.01",,"CANDIDATE",0.88,0.858546796,1671.0,0.8640,5269.00,1
6029239,"K00304.02",,"CANDIDATE",0.46,5.518195,969.0,0.8810,5767.00,2
6063220,"K00305.01","Kepler-99 b","CONFIRMED",1.51,4.603575293,810.0,0.7410,4783.00,1
6071903,"K00306.01","Kepler-519 b","CONFIRMED",2.14,24.30784323,532.0,0.8200,5313.00,1
6289257,"K00307.01","Kepler-520 b","CONFIRMED",1.78,19.67409703,711.0,1.0310,6023.00,1
10905239,"K00046.01","Kepler-101 b","CONFIRMED",5.64,3.487688776,1445.0,1.5930,5576.00,1
11623629,"K00365.01","Kepler-538 b","CONFIRMED",2.16,81.737872,385.0,0.8730,5559.00,1
3545478,"K00366.01",,"CANDIDATE",23.23,75.1122132,777.0,3.3540,6201.00,1
4815520,"K00367.01","Kepler-1656 b","CONFIRMED",4.52,31.578651216,570.0,0.9900,5733.00,1
6603043,"K00368.01",,"FALSE POSITIVE",18.6,110.32167272,761.0,2.0250,9244.00,1
7175184,"K00369.01","Kepler-144 b","CONFIRMED",1.59,5.88527364,1253.0,1.4310,6070.00,1
7109851,"K03012.01",,"FALSE POSITIVE",1.69,1.086486129,2539.0,2.0000,5911.00,1
11565544,"K03013.01",,"CANDIDATE",19.39,3.76562031,1084.0,0.8530,5743.00,1
7347246,"K03014.01","Kepler-1411 b","CONFIRMED",3.11,86.1160885,441.0,1.0530,6161.00,1
11403530,"K03015.01","Kepler-1412 b","CONFIRMED",0.9,3.61460332,1397.0,1.3750,5799.00,1
5088536,"K00282.02","Kepler-130 b","CONFIRMED",1.02,8.45744892,982.0,1.1370,5903.00,2
12072872,"K03017.01",,"CANDIDATE",0.67,2.46288834,1391.0,0.9670,5893.00,1
6609270,"K03090.01","Kepler-1902 b","CONFIRMED",1.05,3.82223397,601.0,0.5140,3729.00,1
12406807,"K03091.01","Kepler-1903 b","CONFIRMED",1.62,17.067644,769.0,0.9960,6347.00,1
8046689,"K03092.01",,"FALSE POSITIVE",1.91,5.78542702,1212.0,1.1780,6555.00,1
5096590,"K03093.01","Kepler-1424 b","CONFIRMED",1.74,29.6099055,629.0,1.1220,5812.00,1
9650989,"K03095.01","Kepler-1905 b","CONFIRMED",1.25,3.42390809,1212.0,1.0150,5788.00,1
6289257,"K00307.02","Kepler-520 c","CONFIRMED",1.18,5.21104597,1107.0,1.0310,6023.00,2
6291837,"K00308.01","Kepler-1715 b","CONFIRMED",3.72,35.5969684,646.0,1.2090,6212.00,1
7024222,"K00309.01",,"FALSE POSITIVE",0.53,1.633107509,1083.0,0.6840,4579.00,1
7024511,"K00311.01",,"FALSE POSITIVE",3.33,66.1544958,315.0,0.6430,4679.00,
7050989,"K00312.01","Kepler-136 b","CONFIRMED",2.06,11.57890926,951.0,1.3030,6156.00,1
7175184,"K00369.02","Kepler-144 c","CONFIRMED",1.59,10.10463142,1046.0,1.4310,6070.00,2
8494142,"K00370.01","Kepler-145 c","CONFIRMED",3.61,42.88247951,709.0,1.7630,6143.00,1
11554435,"K00063.01","Kepler-63 b","CONFIRMED",5.73,9.43414171,791.0,0.8860,5578.00,1
8494142,"K00370.02","Kepler-145 b","CONFIRMED",2.17,22.95062278,873.0,1.7630,6143.00,2
5652983,"K00371.01",,"FALSE POSITIVE",17.14,498.391282,339.0,3.1070,5134.00,1
6471021,"K00372.01","Kepler-539 b","CONFIRMED",10.02,125.6291479,388.0,1.1110,5819.00,1
7906671,"K03018.01",,"FALSE POSITIVE",2.78,45.1178526,517.0,1.0380,5585.00,1
8709688,"K03019.01","Kepler-1893 b","CONFIRMED",1.52,4.17939037,1194.0,1.1620,5633.00,1
8241079,"K03020.01",,"CANDIDATE",1.9,10.9192653,1107.0,1.9720,5745.00,1
3348285,"K03021.01",,"FALSE POSITIVE",0.78,0.803835923,2129.0,1.0470,6242.00,1
11618601,"K03022.01","Kepler-1894 b","CONFIRMED",1.25,2.76263737,1231.0,0.9010,5772.00,1
7582689,"K03097.01","Kepler-431 d","CONFIRMED",0.87,11.9216035,851.0,1.0820,6006.00,1
7582689,"K03097.02","Kepler-431 b","CONFIRMED",0.73,6.80257947,1026.0,1.0820,6006.00,2
7582689,"K03097.03","Kepler-431 c","CONFIRMED",0.72,8.70312154,945.0,1.0820,6006.00,3
9959589,"K03098.01",,"FALSE POSITIVE",19.88,1.332557603,1703.0,0.9670,6091.00,1
9025922,"K00043.01",,"FALSE POSITIVE",8.02,11.32029599,811.0,1.0000,5780.00,1
6196457,"K00285.02","Kepler-92 c","CONFIRMED",2.31,26.723169,781.0,1.6700,5862.00,2
7050989,"K00312.02","Kepler-136 c","CONFIRMED",1.94,16.39926461,847.0,1.3030,6156.00,2
7419318,"K00313.01","Kepler-137 c","CONFIRMED",2.1,18.73577127,568.0,0.7950,5188.00,1
7419318,"K00313.02","Kepler-137 b","CONFIRMED",1.5,8.43639829,742.0,0.7950,5188.00,2
7603200,"K00314.01","Kepler-138 c","CONFIRMED",1.42,13.78109471,402.0,0.5030,3846.00,1
7603200,"K00314.02","Kepler-138 d","CONFIRMED",1.24,23.08902241,338.0,0.5030,3846.00,2
10905239,"K00046.02","Kepler-101 c","CONFIRMED",1.18,6.02977241,1204.0,1.5930,5576.00,2
7364176,"K00373.01","Kepler-1718 b","CONFIRMED",2.32,135.1879934,345.0,0.9060,5731.00,1
8686097,"K00374.01","Kepler-540 b","CONFIRMED",2.85,172.7046083,355.0,1.1160,5851.00,1
12356617,"K00375.01","Kepler-1704 b","CONFIRMED",10.81,988.8811177,223.0,1.5490,5755.00,
12643589,"K00376.01",,"FALSE POSITIVE",121.48,44.14599042,624.0,1.1520,6692.00,1
12643589,"K00376.02",,"FALSE POSITIVE",2.99,1.411627439,1966.0,1.1520,6692.00,2
3323887,"K00377.01","Kepler-9 b","CONFIRMED",7.74,19.270825843,661.0,0.9560,5779.00,2
11618601,"K03022.02","Kepler-1894 c","CONFIRMED",1.21,5.05368985,1007.0,0.9010,5772.00,2
7732285,"K03023.01",,"FALSE POSITIVE",2.07,4.39049637,1637.0,1.9080,6429.00,1
9716391,"K03025.01","Kepler-1413 b","CONFIRMED",1.84,13.1829329,661.0,0.8270,5382.00,1
6929841,"K03026.01","Kepler-1414 b","CONFIRMED",1.35,3.51575492,1033.0,0.9010,5094.00,1
5088536,"K00282.03","Kepler-130 d","CONFIRMED",1.85,87.5177787,451.0,1.1370,5903.00,3
5124254,"K03099.01",,"FALSE POSITIVE",1.45,14.0498182,480.0,0.6520,4228.00,1
11508644,"K03101.01","Kepler-1426 b","CONFIRMED",1.73,14.2563272,797.0,1.0270,6140.00,1
12168993,"K03105.01",,"CANDIDATE",1.04,4.21223579,887.0,0.7000,5116.00,1
8895758,"K03106.01","Kepler-1427 b","CONFIRMED",1.08,0.968980781,1844.0,1.0000,5866.00,1
10031500,"K03107.01",,"FALSE POSITIVE",15.95,8.589562,891.0,0.9450,5766.00,1
7603200,"K00314.03","Kepler-138 b","CONFIRMED",0.59,10.31282204,443.0,0.5030,3846.00,3
7700622,"K00315.01","Kepler-1716 b","CONFIRMED",2.03,35.58349688,408.0,0.6840,4894.00,1
8008067,"K00316.01","Kepler-139 b","CONFIRMED",2.62,15.77111067,752.0,1.1430,5620.00,1
8008067,"K00316.02","Kepler-139 c","CONFIRMED",2.63,157.0659976,350.0,1.1430,5620.00,2
8008067,"K00316.03","Kepler-139 d","CONFIRMED",2.11,7.305706326,972.0,1.1430,5620.00,3
3323887,"K00377.02","Kepler-9 c","CONFIRMED",7.98,38.90787517,523.0,0.9560,5779.00,
7051180,"K00064.01",,"CANDIDATE",10.35,1.951082219,2005.0,2.4260,5302.00,1
3323887,"K00377.03","Kepler-9 d","CONFIRMED",1.48,1.59295975,1517.0,0.9560,5779.00,
2449074,"K00378.01",,"FALSE POSITIVE",32.92,4.94402197,1419.0,1.7000,6013.00,1
2446113,"K00379.01",,"FALSE POSITIVE",2.78,6.71725648,1264.0,1.6830,6078.00,1
2446113,"K00379.02",,"CANDIDATE",1.83,23.1375919,837.0,1.6830,6078.00,2
11137180,"K03027.01","Kepler-1895 b","CONFIRMED",1.36,6.07032548,789.0,0.7630,5076.00,1
9838804,"K03028.01",,"FALSE POSITIVE",1.06,1.33256952,1461.0,0.8200,5547.00,1
5903749,"K03029.01",,"CANDIDATE",2.24,18.9763286,638.0,0.9860,5300.00,1
5903749,"K03029.02",,"CANDIDATE",1.35,6.34724702,919.0,0.9860,5300.00,2
5524881,"K03030.01",,"FALSE POSITIVE",1.67,7.19552624,1037.0,1.0930,6242.00,1
3756264,"K03108.01","Kepler-1906 b","CONFIRMED",1.86,7.36272124,901.0,0.8940,5868.00,1
11572193,"K03109.01","Kepler-1428 b","CONFIRMED",1.79,10.6761592,1049.0,1.4340,6460.00,1
11285870,"K03110.01","Kepler-1429 b","CONFIRMED",1.23,4.48494315,1199.0,1.0510,6217.00,1
8581240,"K03111.01",,"CANDIDATE",0.92,10.76800074,885.0,1.0960,5874.00,1
8581240,"K03111.02",,"CANDIDATE",0.66,4.32848303,1199.0,1.0960,5874.00,2
6196457,"K00285.03","Kepler-92 d","CONFIRMED",1.91,49.3567907,637.0,1.6700,5862.00,3
8121310,"K00317.01","Kepler-521 b","CONFIRMED",3.02,22.20809549,803.0,1.4030,6336.00,1
8156120,"K00318.01","Kepler-522 b","CONFIRMED",8.56,38.5833679,761.0,1.9270,6273.00,1
8684730,"K00319.01","Kepler-2004 b","CONFIRMED",10.02,46.15119482,703.0,1.9630,5877.00,1
8700558,"K00320.01",,"FALSE POSITIVE",26.26,4.79179893,1249.0,1.1030,6499.00,2
8753657,"K00321.01","Kepler-406 b","CONFIRMED",1.41,2.426304127,1302.0,0.9700,5678.00,1
8554498,"K00005.01",,"CANDIDATE",7.14,4.780327581,1441.0,1.7870,5937.00,1
3847708,"K00389.01",,"FALSE POSITIVE",1.55,3.741231778,951.0,0.7670,5206.00,1
3849155,"K00390.01",,"FALSE POSITIVE",1.43,1.168310132,1577.0,0.8570,5509.00,1
3858804,"K00391.01",,"FALSE POSITIVE",74.69,25.9525478,865.0,2.7210,5211.00,1
3942670,"K00392.01","Kepler-147 c","CONFIRMED",2.98,33.4160553,689.0,1.4200,6007.00,1
3942670,"K00392.02","Kepler-147 b","CONFIRMED",1.33,12.6119685,953.0,1.4200,6007.00,2
6949898,"K03031.01",,"CANDIDATE",1.19,7.64809462,840.0,0.8500,5641.00,1
10585738,"K03032.01","Kepler-1415 b","CONFIRMED",1.31,0.636424848,1846.0,0.8850,5343.00,1
7186665,"K03033.01",,"FALSE POSITIVE",1.21,8.55935323,921.0,0.9190,6115.00,1
2973386,"K03034.01",,"CANDIDATE",1.66,31.0209175,291.0,0.4800,3720.00,1
6388770,"K03035.01",,"FALSE POSITIVE",,21.3419702,,,,1
7022573,"K03112.01",,"CANDIDATE",1.41,2.118893997,1230.0,0.7960,5504.00,1
7676423,"K03113.01","Kepler-1430 b","CONFIRMED",1.03,2.46050095,969.0,0.6340,4811.00,1
9288237,"K03114.01",,"CANDIDATE",1.01,7.49133777,1291.0,1.7100,6177.00,1
11714231,"K03115.01","Kepler-1431 b","CONFIRMED",1.45,5.8660127,1064.0,1.0400,6020.00,1
11720424,"K03116.01","Kepler-1432 b","CONFIRMED",1.91,23.9107056,709.0,1.0910,6338.00,1
7837302,"K00048.01",,"FALSE POSITIVE",59.31,23.836808884,919.0,1.9400,6095.00,1
8753657,"K00321.02","Kepler-406 c","CONFIRMED",0.77,4.62334491,1050.0,0.9700,5678.00,2
8948424,"K00322.01",,"FALSE POSITIVE",584.67,5.888835386,1008.0,1.0000,5780.00,1
9139084,"K00323.01","Kepler-523 b","CONFIRMED",1.92,5.83599485,884.0,0.8280,5423.00,1
9641041,"K00324.01",,"FALSE POSITIVE",1.96,1.089077863,2359.0,1.5510,6280.00,1
9724984,"K00325.01",,"FALSE POSITIVE",7.84,7.86335883,1195.0,1.9130,5731.00,1
2452450,"K00380.01",,"FALSE POSITIVE",4.83,8.0970583,1203.0,1.4550,6573.00,1
3230578,"K00381.01",,"FALSE POSITIVE",9.57,6.337614357,1351.0,1.5360,6581.00,1
3231137,"K00382.01",,"FALSE POSITIVE",23.78,3.900140077,1253.0,0.9550,6407.00,1
3353050,"K00384.01","Kepler-541 b","CONFIRMED",3.95,5.0800579,1673.0,2.5200,6049.00,1
3446746,"K00385.01","Kepler-542 b","CONFIRMED",1.59,13.14496741,698.0,0.8880,5411.00,1
5695396,"K00283.01","Kepler-131 b","CONFIRMED",2.13,16.09196369,718.0,1.0160,5680.00,1
5217891,"K03036.01",,"FALSE POSITIVE",3.48,161.239891,294.0,0.8260,5514.00,1
6593150,"K03037.01",,"CANDIDATE",1.23,5.4654174,927.0,0.8290,5612.00,1
8051946,"K03038.01","Kepler-1416 b","CONFIRMED",1.44,1.4951513,1870.0,1.4520,5635.00,1
5445681,"K03039.01","Kepler-1417 b","CONFIRMED",1.01,20.3504704,695.0,1.0020,5952.00,1
6523351,"K03117.01",,"CANDIDATE",0.87,6.06664931,915.0,0.8920,5569.00,1
5551672,"K03119.01",,"CANDIDATE",0.94,2.184437698,529.0,0.2500,3421.00,1
11499192,"K03120.01","Kepler-1433 b","CONFIRMED",1.43,4.13592927,1226.0,1.1520,5886.00,1
12416661,"K03122.01","Kepler-1434 b","CONFIRMED",1.28,8.05337912,1320.0,2.0620,6231.00,1
8197793,"K03123.01",,"CANDIDATE",1.94,15.2311195,800.0,1.1860,5836.00,1
8258171,"K00286.01",,"FALSE POSITIVE",3.84,23.6272223,1358.0,2.8790,8308.00,1
9880467,"K00326.01",,"FALSE POSITIVE",36,8.97349999,2262.0,11.5360,4751.00,1
9880467,"K00326.02",,"FALSE POSITIVE",29.67,108.546946,985.0,11.5360,4751.00,2
9881662,"K00327.01","Kepler-140 b","CONFIRMED",1.38,3.254277742,1301.0,1.0890,5945.00,1
9881662,"K00327.02","Kepler-140 c","CONFIRMED",1.57,91.3514816,428.0,1.0890,5945.00,2
9895004,"K00328.01",,"FALSE POSITIVE",30.03,2.250826647,1489.0,1.1190,5779.00,1
3656121,"K00386.01","Kepler-146 b","CONFIRMED",3.56,31.1588249,639.0,1.1550,5951.00,1
10620329,"K00066.01",,"FALSE POSITIVE",83.25,0.436282594,5187.0,2.6220,8491.00,1
3656121,"K00386.02","Kepler-146 c","CONFIRMED",3.08,76.7324556,473.0,1.1550,5951.00,2
3733628,"K00387.01","Kepler-543 b","CONFIRMED",2.46,13.89963233,521.0,0.6630,4538.00,1
3831053,"K00388.01","Kepler-1719 b","CONFIRMED",3.26,6.14955931,1287.0,1.7750,5687.00,1
6357290,"K03040.01",,"CANDIDATE",1.59,4.8099878,1077.0,0.9340,5988.00,1
4072955,"K03041.01",,"CANDIDATE",1.15,5.08288076,1183.0,1.0830,6217.00,1
8695311,"K03042.01",,"CANDIDATE",1.91,31.0259489,595.0,0.9690,6075.00,1
9834731,"K03043.01",,"CANDIDATE",1.07,3.08942807,1361.0,1.1030,6137.00,1
5092266,"K03045.01","Kepler-1896 b","CONFIRMED",2.56,44.8702042,536.0,0.9960,6122.00,1
4076976,"K03124.01",,"FALSE POSITIVE",0.48,4.8807805,706.0,0.5160,4763.00,1
8751796,"K03125.01","Kepler-1435 b","CONFIRMED",0.9,4.45342418,1331.0,1.2690,6256.00,1
7097534,"K03126.01",,"FALSE POSITIVE",0.84,2.21396685,1418.0,0.9300,5986.00,1
9907129,"K03127.01","Kepler-1436 b","CONFIRMED",2.07,9.705693,1001.0,1.3850,5808.00,1
7609674,"K03128.01",,"CANDIDATE",2.62,21.2360024,1048.0,2.5590,6035.00,1
9527334,"K00049.01","Kepler-461 b","CONFIRMED",2.74,8.31377304,886.0,0.9510,5900.00,1
10031885,"K00329.01",,"FALSE POSITIVE",20.8,8.58969597,882.0,0.9000,6024.00,1
11361646,"K00330.01","Kepler-524 b","CONFIRMED",1.85,7.97420583,974.0,1.0810,5973.00,1
11361646,"K00330.02","Kepler-524 c","CONFIRMED",0.83,1.88899036,1574.0,1.0810,5973.00,2
10285631,"K00331.01","Kepler-525 b","CONFIRMED",3.64,18.68405716,832.0,1.6140,5548.00,1
3964109,"K00393.01","Kepler-544 b","CONFIRMED",2.09,21.41624083,748.0,1.1800,6156.00,1
4159347,"K00394.01",,"FALSE POSITIVE",74.76,12.28351275,1342.0,2.7590,6171.00,1
3544595,"K00069.01","Kepler-93 b","CONFIRMED",1.56,4.72674037,1028.0,0.8940,5648.00,1
4165960,"K00395.01",,"FALSE POSITIVE",29.41,6.77449545,1219.0,1.3420,6517.00,1
4252322,"K00396.01",,"CANDIDATE",36.85,14.591504451,879.0,1.3120,5940.00,1
4376644,"K00397.01",,"FALSE POSITIVE",14.41,27.677680103,618.0,0.9690,6075.00,1
9301506,"K03047.01",,"FALSE POSITIVE",1.14,0.605223042,1728.0,0.7570,5089.00,1
5695396,"K00283.02","Kepler-131 c","CONFIRMED",0.83,25.5172744,615.0,1.0160,5680.00,2
9714550,"K03048.01","Kepler-1695 b","CONFIRMED",0.97,4.73292061,957.0,0.7960,5595.00,1
6263593,"K03049.01","Kepler-1418 b","CONFIRMED",1.21,22.4765952,419.0,0.5670,4563.00,1
5475042,"K03050.01",,"CANDIDATE",1.02,1.242639742,1487.0,0.8180,5520.00,1
6964159,"K03129.01",,"FALSE POSITIVE",1.61,25.503628,586.0,0.8770,5815.00,1
10252275,"K03130.01","Kepler-1907 c","CONFIRMED",2.9,14.8638496,620.0,0.8000,5159.00,1
10252275,"K03130.02","Kepler-1907 b","CONFIRMED",1.05,5.65245733,856.0,0.8000,5159.00,2
11455181,"K03131.01","Kepler-1437 b","CONFIRMED",1.21,10.9294815,770.0,0.8640,5792.00,1
9541295,"K03132.01",,"CANDIDATE",1.35,0.536650319,3195.0,2.0000,6020.00,1
10290666,"K00332.01","Kepler-526 b","CONFIRMED",1.91,5.45849914,1099.0,1.1350,5914.00,1
10337258,"K00333.01","Kepler-527 b","CONFIRMED",4.03,13.28536452,1157.0,1.9000,6534.00,1
10383687,"K00334.01",,"FALSE POSITIVE",1.23,8.4879444,969.0,1.0390,6134.00,1
10470206,"K00335.01",,"FALSE POSITIVE",5.25,46.56675437,708.0,1.6190,6629.00,1
10518725,"K00336.01",,"FALSE POSITIVE",2.8,19.5148412,1200.0,2.5560,7004.00,1
12314973,"K00279.02","Kepler-450 c","CONFIRMED",2.59,15.4130812,944.0,1.5730,6206.00,2
5450893,"K02970.01","Kepler-1890 b","CONFIRMED",1.08,4.82051088,1328.0,1.3960,6046.00,1
4770174,"K02971.01",,"CANDIDATE",1.26,6.09595681,1259.0,1.4670,6313.00,1
8949925,"K02972.01",,"CANDIDATE",1.98,13.2511214,850.0,1.2170,5850.00,1
5091016,"K02973.01",,"FALSE POSITIVE",1.66,5.76556718,1120.0,1.0720,6218.00,1
9959492,"K03051.01",,"CANDIDATE",1.45,11.682369,802.0,0.8890,6089.00,2
8827575,"K03052.01",,"CANDIDATE",0.78,10.12956201,736.0,0.8420,5383.00,1
8827575,"K03052.02","Kepler-1992 b","CONFIRMED",0.91,15.6112238,637.0,0.8420,5383.00,2
2716801,"K03053.01","Kepler-1419 b","CONFIRMED",2.45,42.5217006,510.0,0.9140,5911.00,1
7281454,"K03055.01",,"FALSE POSITIVE",0.08,0.566805887,1554.0,0.5490,5000.00,1
7216284,"K03056.01","Kepler-1420 b","CONFIRMED",1.24,6.69958851,806.0,0.7990,5296.00,1
8703887,"K00287.01",,"FALSE POSITIVE",20.88,14.170972781,1288.0,1.7150,8347.00,1
9899352,"K03135.01",,"FALSE POSITIVE",24.29,1.332562831,1532.0,0.8630,5718.00,1
6945786,"K03136.01","Kepler-1909 b","CONFIRMED",0.93,2.39161966,1031.0,0.6850,4935.00,1
5978170,"K03140.01","Kepler-1910 b","CONFIRMED",0.99,5.68879083,645.0,0.6390,4234.00,1
5440317,"K03141.01","Kepler-1438 b","CONFIRMED",1.24,2.31941571,1490.0,1.2480,5624.00,1
10545066,"K00337.01","Kepler-528 b","CONFIRMED",2.1,19.7830259,708.0,1.0990,5747.00,1
6056992,"K00051.01",,"FALSE POSITIVE",50.44,10.431146765,833.0,1.0000,5780.00,1
10552611,"K00338.01","Kepler-141 c","CONFIRMED",1.5,7.0106324,738.0,0.7820,4908.00,1
10552611,"K00338.02","Kepler-141 b","CONFIRMED",0.73,3.10762684,968.0,0.7820,4908.00,2
10587105,"K00339.01","Kepler-529 b","CONFIRMED",2.1,1.980356674,1662.0,1.1890,6078.00,1
10587105,"K00339.02","Kepler-529 c","CONFIRMED",2.55,12.8344771,891.0,1.1890,6078.00,2
6948480,"K02975.01",,"FALSE POSITIVE",27.03,175.329014,327.0,0.9300,6008.00,1
6438099,"K02976.01",,"CANDIDATE",1.94,21.61313362,503.0,0.6320,5267.00,1
11090556,"K02977.01","Kepler-1398 b","CONFIRMED",1.02,2.7881793,1510.0,1.3850,5758.00,1
11090556,"K02977.02","Kepler-1398 c","CONFIRMED",1.13,4.13827684,1324.0,1.3850,5758.00,2
10686814,"K02978.01",,"FALSE POSITIVE",1.03,2.61846258,843.0,0.6430,4266.00,1
3234843,"K03057.01","Kepler-405 c","CONFIRMED",3.02,29.72722,557.0,0.8770,5815.00,1
6021275,"K00284.01","Kepler-132 d","CONFIRMED",1.93,18.01019956,758.0,1.1010,5931.00,2
3234843,"K03057.02","Kepler-405 b","CONFIRMED",2.06,10.61368712,785.0,0.8770,5815.00,2
8192911,"K03058.01",,"FALSE POSITIVE",1.33,7.53887442,751.0,0.6670,5318.00,1
10554967,"K03059.01",,"FALSE POSITIVE",1.81,0.53633519,1974.0,0.8400,5508.00,1
3752110,"K03142.01",,"CANDIDATE",2.21,27.9430245,718.0,1.2500,6468.00,1
5688790,"K03144.01","Kepler-1439 b","CONFIRMED",1.59,8.07394097,420.0,0.3980,3675.00,1
1717722,"K03145.01","Kepler-1977 b","CONFIRMED",1.66,4.53702121,798.0,0.6880,4805.00,2
1717722,"K03145.02",,"CANDIDATE",1.06,0.977311489,1331.0,0.6880,4805.00,3
10908248,"K03146.01","Kepler-1440 b","CONFIRMED",1.62,39.859505,597.0,1.2920,5675.00,1
10616571,"K00340.01",,"FALSE POSITIVE",17.74,23.6731242,676.0,1.1770,5769.00,2
10878263,"K00341.01","Kepler-414 c","CONFIRMED",2.73,7.170710381,890.0,0.9410,5497.00,1
10878263,"K00341.02","Kepler-414 b","CONFIRMED",1.74,4.699652821,1024.0,0.9410,5497.00,2
10982872,"K00343.01","Kepler-142 c","CONFIRMED",2.75,4.761705895,1201.0,1.2250,5794.00,1
10982872,"K00343.02","Kepler-142 b","CONFIRMED",1.94,2.024143568,1597.0,1.2250,5794.00,2
2720514,"K02979.01",,"FALSE POSITIVE",1.15,1.371288853,1837.0,1.1080,6220.00,1
4141376,"K00280.01","Kepler-1655 b","CONFIRMED",2.25,11.87290814,863.0,1.0400,6147.00,1
9468551,"K02980.01","Kepler-1399 b","CONFIRMED",1.29,1.638652525,1610.0,0.9810,6119.00,1
9076971,"K02981.01","Kepler-1400 b","CONFIRMED",1.9,9.06687613,725.0,0.7890,5142.00,1
8360640,"K02982.01","Kepler-1891 b","CONFIRMED",1.37,4.0223109,1017.0,0.8270,5516.00,1
11019987,"K03060.01","Kepler-1421 b","CONFIRMED",0.91,6.9131732,1209.0,1.4440,6296.00,1
4857058,"K03061.01","Kepler-1983 b","CONFIRMED",2.33,7.32851947,807.0,0.8740,5135.00,1
10924562,"K03063.01","Kepler-1422 b","CONFIRMED",1.94,18.6052046,833.0,1.2380,6572.00,1
9899505,"K03064.01",,"FALSE POSITIVE",29.1,1.332562787,1703.0,0.9670,6091.00,1
5040077,"K03065.01",,"CANDIDATE",1,0.896382269,1810.0,0.8430,5837.00,1
7534267,"K03147.01","Kepler-1441 b","CONFIRMED",2.51,39.4420781,682.0,1.9020,5430.00,1
9592705,"K00288.01","Kepler-1714 b","CONFIRMED",3.04,10.27532513,1211.0,2.0860,6150.00,1
10611420,"K03148.01",,"FALSE POSITIVE",1.83,11.50528603,912.0,1.1080,6355.00,1
10386922,"K00289.01","Kepler-511 c","CONFIRMED",3.13,26.62941953,742.0,1.4170,5866.00,2
10386922,"K00289.02","Kepler-511 b","CONFIRMED",7.56,296.6375817,332.0,1.4170,5866.00,1
10982872,"K00343.03","Kepler-142 d","CONFIRMED",1.67,41.8085031,582.0,1.2250,5794.00,3
3558981,"K00052.01",,"FALSE POSITIVE",17.82,2.98786272,1064.0,0.8210,5231.00,1
11015108,"K00344.01","Kepler-530 b","CONFIRMED",2.87,39.30944096,488.0,0.8630,5607.00,1
11074541,"K00345.01","Kepler-531 b","CONFIRMED",2.81,29.88487723,453.0,0.7490,4883.00,1
11100383,"K00346.01","Kepler-532 b","CONFIRMED",2.62,12.92489803,620.0,0.7680,5103.00,1
7918652,"K02984.01",,"CANDIDATE",1.12,11.45541896,975.0,1.3560,6231.00,1
8847111,"K02985.01",,"FALSE POSITIVE",31.17,0.575884418,2397.0,1.0440,6290.00,1
4568298,"K02986.01",,"FALSE POSITIVE",1.21,0.562555067,2046.0,0.8320,5793.00,1
9230021,"K03429.04",,"CANDIDATE",1.85,44.433726,538.0,1.1450,5596.00,3
4374339,"K02987.01",,"FALSE POSITIVE",2.32,0.993703494,3257.0,2.7150,6854.00,1
6636320,"K02989.01","Kepler-1892 b","CONFIRMED",1.31,6.33125228,822.0,0.7590,5383.00,1
4067925,"K03066.01","Kepler-1897 b","CONFIRMED",2.1,24.2204192,505.0,0.7610,5165.00,1
4847782,"K03067.01",,"FALSE POSITIVE",16.63,30.9597053,438.0,0.7140,4947.00,1
6021275,"K00284.02","Kepler-132 c","CONFIRMED",1.4,6.41491277,1069.0,1.1010,5931.00,1
10350571,"K01175.03",,"FALSE POSITIVE",2.02,93.881556,479.0,1.4870,5676.00,3
3230805,"K03068.01",,"CANDIDATE",0.85,3.91679553,851.0,0.6860,4889.00,1
4676964,"K03069.01",,"CANDIDATE",1.88,43.1024434,539.0,1.0970,5741.00,1
10488450,"K00290.01",,"FALSE POSITIVE",2.55,2.683395376,1860.0,1.5290,6958.00,1
10933561,"K00291.01","Kepler-133 c","CONFIRMED",2.72,31.51779463,663.0,1.4000,5611.00,1
10933561,"K00291.02","Kepler-133 b","CONFIRMED",2.04,8.12999858,1041.0,1.4000,5611.00,2
4770617,"K02243.03",,"CANDIDATE",4.55,31.4452709,721.0,1.4710,6172.00,3
8845026,"K00044.01",,"FALSE POSITIVE",11.97,66.46746217,466.0,1.0730,5843.00,1
11075737,"K00292.01","Kepler-97 b","CONFIRMED",1.44,2.586639524,1328.0,0.9660,5780.00,1
11189127,"K00347.01",,"FALSE POSITIVE",22.36,2.671942657,1458.0,1.0550,6116.00,1
11194032,"K00348.01","Kepler-533 b","CONFIRMED",3.27,28.51117639,423.0,0.6900,4687.00,1
11394027,"K00349.01","Kepler-1664 b","CONFIRMED",2.54,14.38682567,776.0,1.0720,5725.00,1
7609553,"K02924.02",,"CANDIDATE",1.88,8.85686712,714.0,0.7970,5017.00,2
11395587,"K00350.01",,"CANDIDATE",2.02,12.99065074,790.0,1.0270,5787.00,1
11442793,"K00351.01","Kepler-90 h","CONFIRMED",10.89,331.5972732,294.0,1.2000,5970.00,1
5520547,"K02990.01","Kepler-1401 b","CONFIRMED",1.7,11.20058855,808.0,0.8980,6038.00,1
4848424,"K02991.01",,"FALSE POSITIVE",0.72,1.50179931,1229.0,0.7360,5024.00,1
8866102,"K00042.01","Kepler-410 A b","CONFIRMED",2.43,17.83367834,866.0,1.3370,6407.00,1
4143755,"K00281.01","Kepler-510 b","CONFIRMED",2.45,19.55662003,797.0,1.3600,5671.00,1
8509442,"K02992.01",,"CANDIDATE",2.03,82.6595174,233.0,0.5530,3952.00,1
11244137,"K02994.01","Kepler-1402 b","CONFIRMED",1.6,2.03387483,1789.0,1.8990,5282.00,1
6072593,"K03070.01",,"FALSE POSITIVE",1.74,5.07538255,1154.0,1.1180,5933.00,1
5865654,"K03071.01","Kepler-1423 b","CONFIRMED",2.84,23.9553986,741.0,1.7810,5011.00,1
3219643,"K03072.01",,"CANDIDATE",1.95,24.3367026,526.0,0.8060,5141.00,1
8546542,"K03073.01",,"CANDIDATE",1.18,7.40985182,818.0,0.8360,5462.00,1
8197560,"K03074.01",,"FALSE POSITIVE",29.83,1.02425556,1503.0,0.7640,5337.00,1
11200415,"K00293.01",,"FALSE POSITIVE",1.52,4.63958598,1587.0,1.6460,6591.00,1
8613535,"K02263.03",,"CANDIDATE",1.08,15.5943758,801.0,1.0760,6249.00,4
11259686,"K00294.01","Kepler-512 b","CONFIRMED",2.78,34.4359387,652.0,1.3630,5929.00,1
11547513,"K00295.01","Kepler-134 b","CONFIRMED",1.94,5.317440164,1105.0,1.0540,5923.00,1
11547513,"K00295.02","Kepler-134 c","CONFIRMED",1.28,10.10575764,892.0,1.0540,5923.00,2
11802615,"K00296.01","Kepler-513 b","CONFIRMED",2.53,28.86236571,623.0,1.0880,5725.00,1
11442793,"K00351.02","Kepler-90 g","CONFIRMED",7.7,210.6013843,342.0,1.2000,5970.00,2
10122538,"K02926.05",,"CANDIDATE",3.47,75.731195,237.0,0.5640,3891.00,5
11442793,"K00351.03","Kepler-90 d","CONFIRMED",2.84,59.7371443,520.0,1.2000,5970.00,3
2445975,"K00053.01",,"FALSE POSITIVE",10.72,3.388887193,1212.0,1.0000,5780.00,1
11521793,"K00352.01","Kepler-143 c","CONFIRMED",3.25,27.08239734,703.0,1.3050,5857.00,1
11566064,"K00353.01",,"CANDIDATE",11.58,152.1060435,458.0,1.6400,6200.00,1
11566064,"K00353.02","Kepler-1717 b","CONFIRMED",2.86,30.6528935,780.0,1.6400,6200.00,2
6531496,"K03646.02",,"FALSE POSITIVE",31.12,0.512869432,2185.0,0.8950,5853.00,3
3848275,"K02995.01","Kepler-1403 b","CONFIRMED",2.03,5.19492747,1238.0,1.2240,6415.00,1
12021625,"K02996.01","Kepler-1404 b","CONFIRMED",1.77,15.9314412,596.0,0.7210,5380.00,1
9777256,"K02997.01",,"FALSE POSITIVE",1.3,1.33251589,1747.0,1.0680,5701.00,1
4175630,"K02998.01","Kepler-1405 b","CONFIRMED",2.82,28.227413,565.0,0.8490,5858.00,1
7433585,"K02999.01",,"FALSE POSITIVE",0.93,0.545544979,2240.0,0.9200,6050.00,1
6665223,"K01232.02",,"FALSE POSITIVE",1.53,419.97507836,215.0,0.8720,5316.00,2
3328080,"K03075.01","Kepler-1898 b","CONFIRMED",0.92,4.76559056,1167.0,1.1250,5702.00,1
8430964,"K03078.01","Kepler-1900 b","CONFIRMED",1.16,2.98618134,1356.0,1.0410,6173.00,1
3654719,"K03081.01",,"FALSE POSITIVE",1.28,25.9200092,515.0,0.7040,5517.00,1
6021275,"K00284.03","Kepler-132 b","CONFIRMED",1.22,6.17817366,1082.0,1.1010,5931.00,3
10619142,"K03082.01",,"FALSE POSITIVE",2.9,2.04516705,2945.0,2.1570,9206.00,1
12256520,"K02264.02",,"CANDIDATE",0.91,7.25101997,807.0,0.8270,5382.00,2
11905011,"K00297.01","Kepler-514 b","CONFIRMED",2.03,5.65178922,1248.0,1.4630,6085.00,1
12785320,"K00298.01","Kepler-515 b","CONFIRMED",1.5,19.96367208,564.0,0.7900,5250.00,1
12785320,"K00298.02",,"CANDIDATE",1.62,57.3840375,397.0,0.7900,5250.00,2
2692377,"K00299.01","Kepler-98 b","CONFIRMED",1.88,1.541676547,1592.0,1.0890,5533.00,1
3742855,"K00045.01",,"FALSE POSITIVE",15.02,6.397185875,981.0,1.0000,5780.00,1
3438975,"K00300.01",,"FALSE POSITIVE",2.07,2.976020742,1740.0,1.7960,5947.00,1
11568987,"K00354.01","Kepler-534 b","CONFIRMED",2.27,15.95995611,721.0,0.9650,5936.00,1
11568987,"K00354.02","Kepler-534 c","CONFIRMED",1.11,7.37867551,933.0,0.9650,5936.00,2
11621223,"K00355.01","Kepler-535 b","CONFIRMED",2.37,4.903321801,1247.0,1.2980,6045.00,1
11624249,"K00356.01","Kepler-536 b","CONFIRMED",5.95,1.82708193,1877.0,1.7690,5311.00,1
12017140,"K00358.01",,"FALSE POSITIVE",30.35,22.845241036,762.0,1.3510,5926.00,1
10000941,"K04146.02",,"CANDIDATE",0.57,2.5738437,1129.0,0.8540,5115.00,2
5702939,"K03000.01",,"FALSE POSITIVE",1.26,18.3980827,686.0,1.0150,5605.00,1
3852655,"K03002.01","Kepler-1406 b","CONFIRMED",1.31,11.62904159,854.0,1.1310,5721.00,1
11255231,"K03003.01",,"FALSE POSITIVE",1.35,13.6550963,780.0,0.9620,6065.00,1
5088536,"K00282.01","Kepler-130 c","CONFIRMED",2.98,27.50871575,663.0,1.1370,5903.00,1
6103377,"K03004.01","Kepler-1407 b","CONFIRMED",3.2,20.0708757,826.0,1.5130,5902.00,1
6677841,"K01236.04","Kepler-279 e","CONFIRMED",4.13,98.353149,552.0,1.6970,6366.00,3
7106173,"K03083.01",,"CANDIDATE",0.79,10.18318233,867.0,1.0840,5843.00,1
7106173,"K03083.02",,"CANDIDATE",0.61,6.2321233,1021.0,1.0840,5843.00,3
7106173,"K03083.03",,"CANDIDATE",0.65,8.2942929,928.0,1.0840,5843.00,2
3324986,"K03084.01",,"FALSE POSITIVE",0.92,1.540411479,1446.0,0.8120,5769.00,1
11912932,"K03085.01",,"FALSE POSITIVE",0.89,3.74785358,1093.0,0.8860,5706.00,1
8037145,"K00520.03","Kepler-176 d","CONFIRMED",2.27,25.75274977,501.0,0.8260,4963.00,2
8162789,"K00521.01","Kepler-1989 b","CONFIRMED",4.62,10.161023528,904.0,1.0600,6032.00,1
8265218,"K00522.01",,"CANDIDATE",3.31,12.82993461,734.0,0.8440,5862.00,1
8806123,"K00523.01","Kepler-177 c","CONFIRMED",6.77,49.41121127,497.0,1.0150,5768.00,1
8806123,"K00523.02","Kepler-177 b","CONFIRMED",2.68,36.8567758,549.0,1.0150,5768.00,2
10098844,"K02964.02",,"FALSE POSITIVE",1.21,35.080928,610.0,1.1260,6007.00,2
8355239,"K00574.02","Kepler-189 b","CONFIRMED",1.5,10.39986173,678.0,0.8260,4963.00,2
9210823,"K00090.01",,"FALSE POSITIVE",3.88,0.828206212,3274.0,3.2270,5812.00,1
8367113,"K00575.01","Kepler-606 b","CONFIRMED",2.8,24.31574009,683.0,1.0470,6242.00,1
8474898,"K00576.01",,"FALSE POSITIVE",9.3,199.443024,332.0,1.1530,5646.00,1
8558011,"K00577.01","Kepler-607 c","CONFIRMED",2.29,39.6766071,473.0,0.8880,5244.00,1
7429287,"K04260.03",,"FALSE POSITIVE",1.62,358.66044,304.0,1.4060,5619.00,1
9115800,"K00421.01","Kepler-548 b","CONFIRMED",11.76,4.454194254,1017.0,0.9150,5359.00,1
9214713,"K00422.01",,"CANDIDATE",14.38,809.0141881,216.0,1.0470,6230.00,1
9478990,"K00423.01","Kepler-39 b","CONFIRMED",14.43,21.0871953,873.0,1.5220,6266.00,1
9597411,"K00424.01",,"FALSE POSITIVE",28.66,1.575631524,1577.0,0.8580,6202.00,1
6850504,"K00070.04","Kepler-20 e","CONFIRMED",0.84,6.09855603,927.0,0.9250,5465.00,4
8609450,"K01278.05",,"FALSE POSITIVE",1.35,203.250506,292.0,0.8720,5600.00,5
10934674,"K00477.01","Kepler-567 b","CONFIRMED",2.31,16.54295261,611.0,0.8670,5215.00,1
10990886,"K00478.01","Kepler-568 b","CONFIRMED",2.46,11.023474798,429.0,0.5370,3744.00,1
11015323,"K00479.01","Kepler-569 b","CONFIRMED",2.97,34.18884323,526.0,0.9250,5515.00,1
11134879,"K00480.01","Kepler-570 b","CONFIRMED",2.42,4.30165843,1009.0,0.8650,5480.00,1
11192998,"K00481.01","Kepler-166 b","CONFIRMED",2.3,7.650243513,772.0,0.7460,5409.00,1
9334893,"K02298.03",,"CANDIDATE",0.36,2.47240869,887.0,0.5250,4729.00,4
8934495,"K00524.01","Kepler-1721 b","CONFIRMED",2.51,4.592393816,924.0,0.7960,5351.00,1
9119458,"K00525.01",,"CANDIDATE",3.98,11.53029332,873.0,1.1520,5770.00,1
5866724,"K00085.01","Kepler-65 c","CONFIRMED",2.56,5.859935955,1246.0,1.4240,6181.00,1
9157634,"K00526.01","Kepler-586 b","CONFIRMED",2.89,2.104721971,1365.0,0.9750,5703.00,1
9636569,"K00527.01",,"FALSE POSITIVE",1.58,10.63624422,756.0,0.7740,5834.00,1
12406807,"K03091.02",,"CANDIDATE",1.13,7.9069765,994.0,0.9960,6347.00,2
8565266,"K00578.01","Kepler-608 b","CONFIRMED",3.89,6.412512953,1069.0,1.1080,6026.00,1
8616637,"K00579.01","Kepler-190 b","CONFIRMED",1.46,2.019997006,1166.0,0.7870,5103.00,1
8616637,"K00579.02","Kepler-190 c","CONFIRMED",1.63,3.763041531,948.0,0.7870,5103.00,2
8625925,"K00580.01","Kepler-609 b","CONFIRMED",2.54,6.521209629,932.0,0.8980,5822.00,1
8822216,"K00581.01","Kepler-610 b","CONFIRMED",3.21,6.996926239,888.0,0.8930,5713.00,1
4548011,"K04288.04",,"CANDIDATE",0.75,13.9509565,849.0,1.2270,5888.00,3
9967884,"K00425.01",,"FALSE POSITIVE",14.88,5.428344915,1033.0,0.9650,5936.00,1
10016874,"K00426.01",,"CANDIDATE",3.84,16.30141333,805.0,1.1380,6072.00,1
10189546,"K00427.01","Kepler-549 d","CONFIRMED",4.2,24.61480613,586.0,0.9860,5312.00,1
10189546,"K00427.02","Kepler-549 b","CONFIRMED",2.98,42.949522,487.0,0.9860,5312.00,2
10189546,"K00427.03","Kepler-549 c","CONFIRMED",2.68,117.033521,349.0,0.9860,5312.00,3
10748393,"K01289.02",,"FALSE POSITIVE",2.2,386.39833,214.0,0.8120,5284.00,2
11192998,"K00481.02","Kepler-166 d","CONFIRMED",1.59,1.55400389,1313.0,0.7460,5409.00,2
11192998,"K00481.03","Kepler-166 c","CONFIRMED",2.41,34.25951418,468.0,0.7460,5409.00,3
8823868,"K00081.01",,"FALSE POSITIVE",10.45,23.8761144,1481.0,2.5330,9974.00,2
11255761,"K00482.01",,"FALSE POSITIVE",26.6,4.99270186,1051.0,0.9510,5724.00,1
11497977,"K00483.01","Kepler-571 b","CONFIRMED",2.51,4.79860021,978.0,0.8470,5631.00,1
7021681,"K00255.03",,"FALSE POSITIVE",0.57,7.7333361,479.0,0.5110,3780.00,3
9941859,"K00528.01","Kepler-178 b","CONFIRMED",2.88,9.57665962,846.0,1.0760,5386.00,1
9941859,"K00528.02","Kepler-178 d","CONFIRMED",3.29,96.6781852,392.0,1.0760,5386.00,2
9941859,"K00528.03","Kepler-178 c","CONFIRMED",2.99,20.55280311,656.0,1.0760,5386.00,3
10068030,"K00529.01",,"FALSE POSITIVE",2.87,2.023123903,1266.0,0.8030,5559.00,1
10266615,"K00530.01","Kepler-587 b","CONFIRMED",2.08,10.94026745,764.0,0.8640,5749.00,1
6444896,"K03138.02","Kepler-1649 c","CONFIRMED",0.53,19.5352551,161.0,0.1180,2703.00,2
10395543,"K00531.01",,"CANDIDATE",5.78,3.687469832,690.0,0.6060,4004.00,1
8822216,"K00581.02","Kepler-610 c","CONFIRMED",2.41,151.863949,318.0,0.8930,5713.00,2
9020160,"K00582.01","Kepler-191 d","CONFIRMED",2.69,5.945043548,857.0,0.8680,5105.00,1
7941200,"K00092.01","Kepler-1709 b","CONFIRMED",2.78,65.7045275,472.0,1.0430,5918.00,1
9020160,"K00582.02","Kepler-191 c","CONFIRMED",2.47,17.73842886,596.0,0.8680,5105.00,2
7429287,"K04260.04",,"CANDIDATE",1.16,84.799829,491.0,1.4060,5619.00,4
9020160,"K00582.03","Kepler-191 b","CONFIRMED",1.93,9.93962361,722.0,0.8680,5105.00,3
10418224,"K00428.01","Kepler-40 b","CONFIRMED",13.44,6.8731664,1482.0,2.1790,6490.00,1
10616679,"K00429.01","Kepler-550 b","CONFIRMED",4.17,8.600099313,760.0,0.8050,5246.00,1
10717241,"K00430.01","Kepler-551 b","CONFIRMED",2.53,12.37646897,483.0,0.6070,4200.00,1
10717241,"K00430.02",,"CANDIDATE",0.84,9.340538,530.0,0.6070,4200.00,2
7303287,"K01353.03","Kepler-289 e","CONFIRMED",2.94,330.071558,286.0,1.1150,5933.00,3
10843590,"K00431.01","Kepler-153 b","CONFIRMED",2.82,18.87022157,621.0,0.8650,5402.00,1
6850504,"K00070.05","Kepler-20 f","CONFIRMED",0.9,19.5776073,628.0,0.9250,5465.00,5
12061222,"K00484.01","Kepler-572 b","CONFIRMED",2.22,17.20522898,553.0,0.6890,5211.00,1
12316431,"K00485.01",,"FALSE POSITIVE",4.89,17.90766147,731.0,0.9930,6153.00,1
12404305,"K00486.01","Kepler-573 b","CONFIRMED",2.78,22.18332255,646.0,1.0300,5565.00,1
10212441,"K02342.02",,"FALSE POSITIVE",30.53,354.78194,325.0,1.5250,5798.00,2
12834874,"K00487.01","Kepler-574 b","CONFIRMED",2.19,7.65880048,858.0,0.8550,5657.00,1
2557816,"K00488.01","Kepler-575 b","CONFIRMED",2.03,9.3789167,803.0,0.8080,5684.00,1
10454313,"K00532.01","Kepler-588 b","CONFIRMED",2.87,4.221626193,1176.0,0.9870,6123.00,1
10513530,"K00533.01","Kepler-589 b","CONFIRMED",2.95,16.54967098,656.0,0.9160,5372.00,1
5866724,"K00085.02","Kepler-65 b","CONFIRMED",1.42,2.154911236,1740.0,1.4240,6181.00,2
8121310,"K00317.02",,"CANDIDATE",0.99,11.505879,1000.0,1.4030,6336.00,2
10513530,"K00533.02","Kepler-589 c","CONFIRMED",1.46,3.52467888,1098.0,0.9160,5372.00,2
10554999,"K00534.01","Kepler-179 c","CONFIRMED",2.52,6.400157105,810.0,0.7660,5299.00,1
9076513,"K00583.01","Kepler-611 b","CONFIRMED",2.04,2.437029217,1513.0,1.3290,5573.00,1
9146018,"K00584.01","Kepler-192 b","CONFIRMED",2.76,9.9267215,803.0,0.9820,5475.00,1
9146018,"K00584.02","Kepler-192 c","CONFIRMED",2.63,21.22349325,623.0,0.9820,5475.00,2
9146018,"K00584.03","Kepler-192 d","CONFIRMED",1.15,6.47027706,926.0,0.9820,5475.00,3
9279669,"K00585.01","Kepler-612 b","CONFIRMED",2.33,3.722158895,1046.0,0.8060,5617.00,1
10843590,"K00431.02","Kepler-153 c","CONFIRMED",2.6,46.9026431,458.0,0.8650,5402.00,2
10858832,"K00432.01","Kepler-552 b","CONFIRMED",3.77,5.263415218,1103.0,1.0280,6099.00,1
10937029,"K00433.01","Kepler-553 b","CONFIRMED",4.48,4.030466786,970.0,0.8540,5234.00,2
11599038,"K01437.02",,"FALSE POSITIVE",1.29,9.27989,897.0,0.9670,6052.00,2
10937029,"K00433.02","Kepler-553 c","CONFIRMED",10.99,328.240201,224.0,0.8540,5234.00,1
11656302,"K00434.01",,"FALSE POSITIVE",12.34,22.264806569,585.0,0.8130,5681.00,1
2576197,"K00489.01",,"FALSE POSITIVE",3.23,2.217038096,1697.0,1.2760,6521.00,1
2576197,"K00489.02",,"FALSE POSITIVE",1.24,8.874603,1070.0,1.2780,6517.00,
3239945,"K00490.01","Kepler-167 b","CONFIRMED",1.41,4.393157678,807.0,0.6920,4799.00,2
10387742,"K02583.02",,"FALSE POSITIVE",1.25,251.7512,272.0,0.9210,5640.00,2
10187017,"K00082.01","Kepler-102 e","CONFIRMED",2.48,16.145671932,546.0,0.7410,4900.00,1
3239945,"K00490.02","Kepler-167 e","CONFIRMED",9.27,1071.232624,129.0,0.6920,4799.00,1
10554999,"K00534.02","Kepler-179 b","CONFIRMED",1.56,2.735900074,1075.0,0.7660,5299.00,2
10873260,"K00535.01","Kepler-590 b","CONFIRMED",3.46,5.852968845,1056.0,1.0130,6050.00,1
10965008,"K00536.01","Kepler-591 b","CONFIRMED",4.71,81.1701587,436.0,1.1650,5460.00,1
10467815,"K03191.02",,"FALSE POSITIVE",4.07,371.17573,610.0,3.2180,9030.00,2
11073351,"K00537.01","Kepler-592 b","CONFIRMED",2.53,2.820190603,1367.0,1.1210,5831.00,1
11090765,"K00538.01","Kepler-593 b","CONFIRMED",2.97,21.21712312,706.0,1.0070,6191.00,1
11246364,"K00539.01",,"FALSE POSITIVE",,200,,,,
9570741,"K00586.01","Kepler-613 b","CONFIRMED",2.11,15.77980122,713.0,0.9110,5941.00,1
9607164,"K00587.01","Kepler-614 b","CONFIRMED",2.41,14.03490255,641.0,0.7850,5258.00,1
9631762,"K00588.01","Kepler-615 b","CONFIRMED",1.92,10.35586478,620.0,0.7780,4646.00,1
6462863,"K00094.01","Kepler-89 d","CONFIRMED",9.99,22.342964828,785.0,1.3310,6181.00,1
9782691,"K00590.01","Kepler-193 b","CONFIRMED",3.04,11.38840217,979.0,1.4560,5876.00,1
11709124,"K00435.01","Kepler-154 d","CONFIRMED",4.04,20.5498184,657.0,0.9710,5688.00,1
11709124,"K00435.02",,"CANDIDATE",7.89,934.09418462,177.0,0.8320,5937.00,
11805075,"K00436.01",,"CANDIDATE",21.48,199.83920527,276.0,0.8690,5457.00,1
11599038,"K01437.03",,"FALSE POSITIVE",1.42,17.4217322,727.0,0.9670,6052.00,3
11824222,"K00437.01",,"CANDIDATE",16.84,15.84132627,575.0,0.7020,5119.00,1
12302530,"K00438.01","Kepler-155 b","CONFIRMED",2.01,5.931196562,562.0,0.5390,3984.00,1
11904151,"K00072.01","Kepler-10 b","CONFIRMED",1.43,0.837491225,1980.0,1.0440,5676.00,2
3239945,"K00490.03","Kepler-167 c","CONFIRMED",1.37,7.40611676,678.0,0.6920,4799.00,3
3239945,"K00490.04","Kepler-167 d","CONFIRMED",1.11,21.803708,473.0,0.6920,4799.00,4
3541800,"K00491.01",,"FALSE POSITIVE",24.12,4.66229074,1166.0,1.0250,6191.00,1
3559935,"K00492.01","Kepler-576 b","CONFIRMED",2.9,29.9111886,541.0,0.9690,5275.00,1
3834360,"K00493.01",,"FALSE POSITIVE",19.44,2.908453928,1181.0,0.8240,5786.00,1
3966801,"K00494.01","Kepler-577 b","CONFIRMED",1.7,25.69581456,314.0,0.4770,3787.00,1
11521048,"K00540.01",,"FALSE POSITIVE",33.1,25.70280003,562.0,0.8350,5532.00,1
11656721,"K00541.01","Kepler-594 b","CONFIRMED",2.06,13.64617478,678.0,0.8290,5569.00,1
11853905,"K00007.01","Kepler-4 b","CONFIRMED",4.13,3.213668926,1515.0,1.5450,5795.00,1
5866724,"K00085.03","Kepler-65 d","CONFIRMED",1.58,8.13121389,1117.0,1.4240,6181.00,3
11669239,"K00542.01","Kepler-180 c","CONFIRMED",3.28,41.8854433,540.0,1.0280,5735.00,1
11669239,"K00542.02","Kepler-180 b","CONFIRMED",2.04,13.81733587,781.0,1.0280,5735.00,2
10600261,"K00597.03","Kepler-194 d","CONFIRMED",3.33,52.8148051,562.0,1.4390,5565.00,3
10656823,"K00598.01","Kepler-195 b","CONFIRMED",2.15,8.30783912,751.0,0.7860,5320.00,1
10656823,"K00598.02","Kepler-195 c","CONFIRMED",1.71,34.0963441,469.0,0.7860,5320.00,2
10676824,"K00599.01","Kepler-1724 b","CONFIRMED",2.48,6.45442931,999.0,0.9430,6092.00,1
10718726,"K00600.01","Kepler-618 b","CONFIRMED",2.39,3.595769013,1296.0,1.1960,5762.00,1
12302530,"K00438.02","Kepler-155 c","CONFIRMED",1.87,52.6615266,271.0,0.5390,3984.00,2
12470954,"K00439.01","Kepler-554 b","CONFIRMED",4.45,1.902208647,1346.0,0.9370,5400.00,1
6268648,"K01613.03",,"CANDIDATE",0.85,20.605501,806.0,1.3080,6099.00,4
2438264,"K00440.01","Kepler-156 c","CONFIRMED",2.35,15.90688891,588.0,0.7970,5097.00,1
2438264,"K00440.02","Kepler-156 b","CONFIRMED",2.46,4.973455252,867.0,0.7970,5097.00,2
3340312,"K00441.01",,"FALSE POSITIVE",30.74,30.5528972,670.0,1.1380,6284.00,1
4049108,"K00495.01",,"FALSE POSITIVE",3.35,4.804469031,953.0,0.8090,5470.00,1
4454752,"K00496.01","Kepler-578 b","CONFIRMED",4.47,1.616883373,1774.0,1.8160,4868.00,1
8212002,"K02593.02",,"CANDIDATE",0.68,9.5539134,1012.0,1.3070,6175.00,2
4757437,"K00497.01","Kepler-168 c","CONFIRMED",2.94,13.19322809,862.0,1.2230,5946.00,1
10187017,"K00082.02","Kepler-102 d","CONFIRMED",1.34,10.31174786,634.0,0.7410,4900.00,2
4757437,"K00497.02","Kepler-168 b","CONFIRMED",1.63,4.42535097,1240.0,1.2230,5946.00,2
11823054,"K00543.01","Kepler-181 c","CONFIRMED",2.46,4.302139338,937.0,0.8570,5041.00,1
11823054,"K00543.02","Kepler-181 b","CONFIRMED",1.5,3.137845914,1041.0,0.8570,5041.00,2
7017274,"K03209.02",,"CANDIDATE",1.9,6.77067637,1499.0,2.3350,6337.00,2
11913012,"K00544.01",,"FALSE POSITIVE",25.59,3.74782314,1253.0,1.0530,6161.00,1
11972666,"K00545.01",,"FALSE POSITIVE",1.07,1.09173174,1488.0,0.7880,5354.00,1
12058931,"K00546.01","Kepler-182 c","CONFIRMED",3.28,20.68420772,729.0,1.0920,6246.00,1
9782691,"K00590.02","Kepler-193 c","CONFIRMED",3.58,50.6985408,595.0,1.4560,5876.00,2
9886221,"K00591.01",,"FALSE POSITIVE",0.89,2.9926465,1170.0,0.8630,5718.00,1
12366084,"K00787.03",,"CANDIDATE",0.93,0.589376952,2162.0,1.0150,5714.00,3
9957627,"K00592.01","Kepler-1723 b","CONFIRMED",2.37,39.7529915,568.0,1.0100,6072.00,1
9958962,"K00593.01","Kepler-616 b","CONFIRMED",2.82,9.99760285,860.0,0.9770,6004.00,1
9958962,"K00593.02","Kepler-616 c","CONFIRMED",3.96,90.4117992,413.0,0.9770,6004.00,2
3745690,"K00442.01","Kepler-157 c","CONFIRMED",2.17,13.54057461,779.0,1.0140,5767.00,1
3745690,"K00442.02","Kepler-157 b","CONFIRMED",1.37,1.732346403,1546.0,1.0140,5767.00,2
9872283,"K01815.02",,"CANDIDATE",1.24,1.74610057,1689.0,1.7490,4854.00,2
3745690,"K00442.03","Kepler-157 d","CONFIRMED",1.56,7.0257409,969.0,1.0140,5767.00,3
3833007,"K00443.01","Kepler-555 b","CONFIRMED",2.22,16.21774917,664.0,0.7980,5837.00,1
3847138,"K00444.01","Kepler-556 b","CONFIRMED",2.08,11.72291212,766.0,0.9530,5550.00,1
4833135,"K00498.01",,"FALSE POSITIVE",1.32,8.661374,945.0,0.9860,6250.00,
4847534,"K00499.01","Kepler-579 b","CONFIRMED",1.9,9.66857386,730.0,0.8360,5288.00,1
4852528,"K00500.01","Kepler-80 b","CONFIRMED",2.16,7.053527145,547.0,0.5670,4041.00,1
4852528,"K00500.02","Kepler-80 c","CONFIRMED",2.16,9.521644639,495.0,0.5670,4041.00,2
4852528,"K00500.03","Kepler-80 d","CONFIRMED",1.3,3.072146607,722.0,0.5670,4041.00,3
4852528,"K00500.04","Kepler-80 e","CONFIRMED",1.33,4.645382149,629.0,0.5670,4041.00,5
12058931,"K00546.02","Kepler-182 b","CONFIRMED",2.66,9.82578495,935.0,1.0920,6246.00,2
12116489,"K00547.01","Kepler-595 b","CONFIRMED",3.95,25.30291816,535.0,0.8880,5121.00,1
12600735,"K00548.01","Kepler-596 b","CONFIRMED",2.99,21.30020491,725.0,1.1680,6008.00,1
10593626,"K00087.01","Kepler-22 b","CONFIRMED",2.34,289.864067,257.0,0.8860,5516.00,1
3437776,"K00549.01",,"FALSE POSITIVE",39.14,10.29767658,1022.0,1.6080,5671.00,1
9958962,"K00593.03","Kepler-616 d","CONFIRMED",2.44,51.0674355,499.0,0.9770,6004.00,3
10294465,"K00595.01",,"FALSE POSITIVE",,199.99763493,,,,
10388286,"K00596.01","Kepler-617 b","CONFIRMED",1.23,1.682695938,750.0,0.4700,3669.00,1
10600261,"K00597.01","Kepler-194 c","CONFIRMED",3.56,17.30795548,815.0,1.4390,5565.00,1
6462863,"K00094.02","Kepler-89 c","CONFIRMED",3.72,10.423677439,1012.0,1.3310,6181.00,3
10600261,"K00597.02","Kepler-194 b","CONFIRMED",2.06,2.09227115,1648.0,1.4390,5565.00,2
11904151,"K00072.02","Kepler-10 c","CONFIRMED",2.26,45.29422297,524.0,1.0440,5676.00,1
4384675,"K00445.01",,"FALSE POSITIVE",,260.20717331,,,,
4633570,"K00446.01","Kepler-158 b","CONFIRMED",2.27,16.70920628,500.0,0.6680,4621.00,1
4633570,"K00446.02","Kepler-158 c","CONFIRMED",1.97,28.55158187,418.0,0.6680,4621.00,2
5021176,"K00447.01",,"FALSE POSITIVE",30.33,4.045057186,1126.0,0.8700,5906.00,1
5640085,"K00448.01","Kepler-159 b","CONFIRMED",1.68,10.13958818,447.0,0.5000,3893.00,1
5640085,"K00448.02","Kepler-159 c","CONFIRMED",2.05,43.5859419,275.0,0.5000,3893.00,2
4852528,"K00500.05","Kepler-80 f","CONFIRMED",1.19,0.986785834,1054.0,0.5670,4041.00,4
4951877,"K00501.01",,"CANDIDATE",2.7,24.7962801,664.0,1.1410,5770.00,1
5282051,"K00502.01",,"FALSE POSITIVE",1.38,5.91037674,937.0,0.8670,5515.00,1
10187017,"K00082.03","Kepler-102 f","CONFIRMED",0.95,27.4536146,457.0,0.7410,4900.00,3
5340644,"K00503.01","Kepler-580 b","CONFIRMED",2.28,8.22241355,558.0,0.6150,4213.00,1
3437776,"K00549.02",,"FALSE POSITIVE",28.58,0.635587392,2587.0,1.6080,5671.00,2
4165473,"K00550.01","Kepler-597 b","CONFIRMED",2.3,13.02363236,743.0,0.9450,5627.00,1
4270253,"K00551.01","Kepler-183 c","CONFIRMED",2.9,11.6370303,857.0,1.1980,5576.00,1
5544450,"K03226.02",,"CANDIDATE",1.51,6.93650854,1305.0,1.5740,6615.00,2
4270253,"K00551.02","Kepler-183 b","CONFIRMED",2.76,5.68798675,1088.0,1.1980,5576.00,2
5122112,"K00552.01",,"FALSE POSITIVE",35.24,3.055171082,1358.0,0.9870,6237.00,1
10973664,"K00601.01","Kepler-619 b","CONFIRMED",2.85,5.40426917,1073.0,0.9640,6122.00,1
10973664,"K00601.02","Kepler-619 d","CONFIRMED",4.17,11.67894236,830.0,0.9640,6122.00,2
10973664,"K00601.03","Kepler-619 c","CONFIRMED",1.64,1.208462378,1767.0,0.9640,6122.00,3
9141746,"K00929.02","Kepler-730 c","CONFIRMED",1.23,2.85188338,1398.0,1.1070,6123.00,2
12459913,"K00602.01","Kepler-620 b","CONFIRMED",2.49,12.91385906,849.0,0.9970,6253.00,1
6462863,"K00094.03","Kepler-89 e","CONFIRMED",6.07,54.31996151,584.0,1.3310,6181.00,2
5779852,"K00449.01",,"FALSE POSITIVE",41.07,252.0792347,318.0,1.0140,6348.00,1
6042214,"K00450.01",,"FALSE POSITIVE",3.54,27.04627886,636.0,0.9150,6332.00,1
6200715,"K00451.01",,"FALSE POSITIVE",3.46,3.723560726,1401.0,1.1810,6535.00,1
8226050,"K01910.02",,"CANDIDATE",1.15,18.3848331,587.0,0.8720,5083.00,2
6291033,"K00452.01","Kepler-557 b","CONFIRMED",2.43,3.705991661,1281.0,1.0340,6187.00,1
6889235,"K00074.01",,"FALSE POSITIVE",5.2,5.188671659,2118.0,1.9410,9523.00,2
6758917,"K00453.01",,"FALSE POSITIVE",55.59,2.236100588,1255.0,0.7950,5708.00,1
5461440,"K00504.01","Kepler-581 b","CONFIRMED",2.67,40.606895,521.0,1.0270,5538.00,1
5689351,"K00505.01","Kepler-169 e","CONFIRMED",2.24,13.76710058,595.0,0.7600,5001.00,1
6779260,"K02678.02",,"CANDIDATE",0.48,2.2165905,1215.0,0.8310,5397.00,2
5689351,"K00505.02","Kepler-169 c","CONFIRMED",1.37,6.1954595,776.0,0.7600,5001.00,5
5689351,"K00505.03","Kepler-169 b","CONFIRMED",1.19,3.25058201,962.0,0.7600,5001.00,3
5689351,"K00505.04","Kepler-169 d","CONFIRMED",1.45,8.34819209,702.0,0.7600,5001.00,4
5303551,"K00553.01",,"FALSE POSITIVE",1.78,2.399069173,1354.0,1.0010,5654.00,1
5443837,"K00554.01",,"CANDIDATE",14.61,3.65849707,1583.0,1.8220,5857.00,1
7692093,"K03337.02",,"FALSE POSITIVE",1.58,91.172033,360.0,0.8360,5552.00,2
5709725,"K00555.01","Kepler-598 b","CONFIRMED",1.63,3.701765401,1050.0,0.8980,5252.00,2
5709725,"K00555.02","Kepler-598 c","CONFIRMED",3.07,86.4943704,367.0,0.8980,5252.00,1
7700871,"K00088.01",,"FALSE POSITIVE",18.91,5.17968868,972.0,0.8150,5761.00,1
9946525,"K00398.01","Kepler-148 d","CONFIRMED",8.73,51.84688984,413.0,0.8380,5227.00,1
9946525,"K00398.02","Kepler-148 c","CONFIRMED",3.44,4.180048081,957.0,0.8380,5227.00,2
2716853,"K01022.02",,"FALSE POSITIVE",2.35,68.832195,411.0,0.8600,5687.00,2
9946525,"K00398.03","Kepler-148 b","CONFIRMED",1.82,1.729367077,1284.0,0.8380,5227.00,3
7289157,"K00399.01",,"FALSE POSITIVE",38.05,5.26640614,1163.0,1.1750,5916.00,1
2695110,"K00400.01",,"FALSE POSITIVE",14,44.18938922,537.0,0.9680,6061.00,1
7098355,"K00454.01","Kepler-558 b","CONFIRMED",2.64,29.00789166,498.0,0.8010,5295.00,1
7101828,"K00455.01",,"FALSE POSITIVE",8.15,47.878243,317.0,0.6240,4254.00,1
2832589,"K01942.02",,"CANDIDATE",1.66,2.433703498,1112.0,0.7780,5251.00,2
7269974,"K00456.01","Kepler-160 c","CONFIRMED",3.85,13.69942266,771.0,1.0890,5541.00,1
7269974,"K00456.02","Kepler-160 b","CONFIRMED",1.89,4.309381978,1134.0,1.0890,5541.00,2
7440748,"K00457.01","Kepler-161 b","CONFIRMED",2.14,4.9213639,868.0,0.7990,5076.00,1
5689351,"K00505.05","Kepler-169 f","CONFIRMED",2.95,87.0912594,321.0,0.7600,5001.00,2
5780715,"K00506.01",,"FALSE POSITIVE",3.27,1.583160478,1619.0,1.0120,6063.00,1
10793172,"K02871.04",,"CANDIDATE",0.99,7.9788198,927.0,1.0980,5553.00,3
5812960,"K00507.01","Kepler-582 b","CONFIRMED",3.34,18.49234792,603.0,0.8380,5289.00,1
6266741,"K00508.01","Kepler-170 b","CONFIRMED",3.05,7.930583519,899.0,1.0320,5674.00,1
10187017,"K00082.04","Kepler-102 c","CONFIRMED",0.63,7.07136119,719.0,0.7410,4900.00,4
5738496,"K00556.01",,"FALSE POSITIVE",25.77,9.50150926,843.0,0.9080,5938.00,1
5774349,"K00557.01","Kepler-599 b","CONFIRMED",2.55,15.65563866,623.0,0.8370,5185.00,1
10285631,"K00331.02",,"CANDIDATE",23.26,10.52286678,1008.0,1.6140,5548.00,2
5978361,"K00558.01","Kepler-1722 b","CONFIRMED",2.3,9.17858526,753.0,0.7880,5506.00,1
6422367,"K00559.01",,"FALSE POSITIVE",1.07,4.33144839,939.0,0.7280,5344.00,1
6501635,"K00560.01","Kepler-600 b","CONFIRMED",2.76,23.67513153,528.0,0.7810,5309.00,1
3217264,"K00401.01","Kepler-149 b","CONFIRMED",4.15,29.19899219,540.0,0.9400,5376.00,1
3217264,"K00401.02","Kepler-149 d","CONFIRMED",4.28,160.0191598,306.0,0.9400,5376.00,2
8554498,"K00005.02",,"FALSE POSITIVE",,7.05185637,,,,
6850504,"K00070.01","Kepler-20 c","CONFIRMED",2.99,10.854095934,765.0,0.9250,5465.00,1
3217264,"K00401.03","Kepler-149 c","CONFIRMED",1.67,55.3291399,436.0,0.9400,5376.00,3
3342592,"K00402.01",,"FALSE POSITIVE",15.29,17.177328207,720.0,0.9730,6032.00,1
7440748,"K00457.02","Kepler-161 c","CONFIRMED",2.37,7.064252021,769.0,0.7990,5076.00,2
7504328,"K00458.01",,"CANDIDATE",155.12,53.71798494,1550.0,21.4490,4959.00,1
8219268,"K02133.02",,"FALSE POSITIVE",10.1,43.501748,996.0,6.2210,4604.00,2
7977197,"K00459.01","Kepler-162 c","CONFIRMED",3.24,19.44639139,681.0,0.9540,5815.00,1
7977197,"K00459.02","Kepler-162 b","CONFIRMED",1.39,6.91986988,961.0,0.9540,5815.00,2
7199397,"K00075.01",,"CANDIDATE",10.16,105.8817667,595.0,2.4990,5903.00,1
6266741,"K00508.02","Kepler-170 c","CONFIRMED",2.85,16.6658994,702.0,1.0320,5674.00,2
6381846,"K00509.01","Kepler-171 b","CONFIRMED",2.74,4.16696628,1053.0,0.9430,5456.00,1
4367854,"K02876.02",,"FALSE POSITIVE",1.09,0.535224793,1783.0,0.7380,5044.00,2
6381846,"K00509.02","Kepler-171 c","CONFIRMED",3,11.46347165,752.0,0.9430,5456.00,2
6381846,"K00509.03","Kepler-171 d","CONFIRMED",2.22,39.6034,497.0,0.9430,5456.00,3
6422155,"K00510.01","Kepler-172 b","CONFIRMED",2.59,2.940304817,1256.0,1.0540,5527.00,1
6665695,"K00561.01","Kepler-601 b","CONFIRMED",1.86,5.378868001,833.0,0.7740,5077.00,1
6707833,"K00563.01","Kepler-602 b","CONFIRMED",2.7,15.28467725,852.0,1.3740,5763.00,1
9785921,"K03372.02",,"FALSE POSITIVE",2.37,73.506021,471.0,1.0520,6215.00,2
6786037,"K00564.01","Kepler-603 b","CONFIRMED",2.75,21.05349939,731.0,1.2470,5751.00,2
6786037,"K00564.02","Kepler-603 c","CONFIRMED",8.03,127.905412,401.0,1.2470,5751.00,1
6786037,"K00564.03","Kepler-603 d","CONFIRMED",1.81,6.21716039,1098.0,1.2470,5751.00,3
4247092,"K00403.01",,"FALSE POSITIVE",5.05,21.05647572,732.0,1.1180,6156.00,1
4949751,"K00404.01",,"FALSE POSITIVE",34.82,31.80514278,553.0,0.8630,5931.00,1
10157458,"K01083.02",,"CANDIDATE",0.96,4.57797412,1024.0,0.8480,5795.00,2
5003117,"K00405.01",,"FALSE POSITIVE",15.8,37.60936976,508.0,0.8960,5600.00,1
5035972,"K00406.01",,"FALSE POSITIVE",929.36,49.26678528,538.0,1.1430,5988.00,1
5218441,"K00407.01",,"FALSE POSITIVE",7.05,3.613757526,1182.0,0.9060,5986.00,1
5351250,"K00408.01","Kepler-150 c","CONFIRMED",3.42,7.381980206,876.0,0.9140,5559.00,1
8043638,"K00460.01","Kepler-559 b","CONFIRMED",4.03,17.58751692,706.0,1.1070,5433.00,1
8261920,"K02174.04",,"CANDIDATE",0.96,3.01609637,795.0,0.6370,4245.00,4
8621348,"K00461.01",,"FALSE POSITIVE",17.21,11.34436822,703.0,0.7520,5594.00,1
8773869,"K00462.01",,"FALSE POSITIVE",2.96,1.576341127,1797.0,1.6660,5087.00,1
8845205,"K00463.01","Kepler-560 b","CONFIRMED",1.55,18.47762694,267.0,0.2830,3395.00,1
8890783,"K00464.01","Kepler-561 b","CONFIRMED",7.02,58.36205791,446.0,0.9530,5592.00,1
8890783,"K00464.02","Kepler-561 c","CONFIRMED",2.6,5.350156114,989.0,0.9530,5592.00,2
6716545,"K02906.03",,"CANDIDATE",1.23,21.9424316,797.0,1.4240,6052.00,2
6422155,"K00510.02","Kepler-172 c","CONFIRMED",2.89,6.38899658,970.0,1.0540,5527.00,2
6422155,"K00510.03","Kepler-172 d","CONFIRMED",2.7,14.62709685,736.0,1.0540,5527.00,3
6422155,"K00510.04","Kepler-172 e","CONFIRMED",3.26,35.1184432,550.0,1.0540,5527.00,4
6451936,"K00511.01","Kepler-173 c","CONFIRMED",2.36,8.00579096,956.0,0.9350,6032.00,1
6451936,"K00511.02","Kepler-173 b","CONFIRMED",1.28,4.26374378,1179.0,0.9350,6032.00,2
1723078,"K07624.01",,"CANDIDATE",5.92,330.025002,478.0,3.4660,6126.00,1
8056665,"K00089.01","Kepler-462 b","CONFIRMED",3.37,84.6877524,611.0,1.7900,6688.00,1
7025846,"K00565.01",,"FALSE POSITIVE",1.4,2.340523247,1456.0,0.9810,6056.00,1
7119481,"K00566.01","Kepler-604 b","CONFIRMED",2.4,25.85499978,637.0,0.9640,6122.00,1
7445445,"K00567.01","Kepler-184 b","CONFIRMED",2.64,10.68758211,780.0,0.8480,5788.00,1
7445445,"K00567.02","Kepler-184 c","CONFIRMED",2.16,20.30303506,630.0,0.8480,5788.00,2
8397947,"K04772.03",,"FALSE POSITIVE",2.99,39.0930875,602.0,1.1930,6072.00,2
5351250,"K00408.02","Kepler-150 d","CONFIRMED",2.74,12.56096618,734.0,0.9140,5559.00,2
5351250,"K00408.03","Kepler-150 e","CONFIRMED",3.18,30.8261043,544.0,0.9140,5559.00,3
6850504,"K00070.02","Kepler-20 b","CONFIRMED",1.78,3.696121272,1095.0,0.9250,5465.00,2
5351250,"K00408.04","Kepler-150 b","CONFIRMED",1.21,3.42806306,1131.0,0.9140,5559.00,4
5444548,"K00409.01","Kepler-545 b","CONFIRMED",2.86,13.24931848,806.0,1.0780,5799.00,1
10187017,"K00082.06",,"FALSE POSITIVE",0.73,22.4098677,489.0,0.7410,4900.00,6
8891318,"K00465.01",,"FALSE POSITIVE",5.26,363.706662,283.0,1.0640,6240.00,
9008220,"K00466.01",,"CANDIDATE",11.73,9.391039263,1068.0,1.4980,5944.00,1
9583881,"K00467.01","Kepler-562 b","CONFIRMED",4.96,18.00932214,658.0,0.8770,5815.00,1
9589524,"K00468.01","Kepler-563 b","CONFIRMED",3.18,22.18431824,546.0,0.8180,5157.00,1
9955262,"K00076.01",,"CANDIDATE",10.33,77.4794704,778.0,2.9090,6711.00,1
8019043,"K06048.02",,"FALSE POSITIVE",,0.80489537,,,,3
11775507,"K06245.03",,"FALSE POSITIVE",1.21,276.32360146,352.0,1.2600,6528.00,4
10187017,"K00082.05","Kepler-102 b","CONFIRMED",0.51,5.28691996,792.0,0.7410,4900.00,5
6838050,"K00512.01","Kepler-583 b","CONFIRMED",2.78,6.51003001,1017.0,1.1530,5638.00,1
6937692,"K00513.01","Kepler-584 b","CONFIRMED",4.17,35.18105723,664.0,1.2150,6520.00,1
7602070,"K00514.01",,"FALSE POSITIVE",22.39,11.75560012,716.0,0.8060,5644.00,1
7812179,"K00515.01",,"FALSE POSITIVE",25.27,17.79421914,606.0,0.8050,5485.00,1
1868404,"K07625.01",,"FALSE POSITIVE",0.83,6.12601169,1141.0,1.2860,5679.00,1
7445445,"K00567.03","Kepler-184 d","CONFIRMED",2.55,29.02235217,559.0,0.8480,5788.00,3
7595157,"K00568.01","Kepler-605 b","CONFIRMED",1.65,3.383540239,1133.0,0.9860,5300.00,1
7595157,"K00568.02","Kepler-605 c","CONFIRMED",0.96,2.358952404,1278.0,0.9860,5300.00,2
8008206,"K00569.01","Kepler-185 c","CONFIRMED",1.94,20.72904234,530.0,0.8030,4979.00,1
8008206,"K00569.02","Kepler-185 b","CONFIRMED",1.13,1.632916419,1237.0,0.8030,4979.00,2
7906892,"K04773.02",,"CANDIDATE",0.75,11.1438086,906.0,1.1100,6095.00,1
5449777,"K00410.01",,"FALSE POSITIVE",41.57,7.216951388,1055.0,1.0560,6266.00,1
5478055,"K00411.01",,"FALSE POSITIVE",32.21,15.85238672,775.0,1.0050,5903.00,1
5683743,"K00412.01","Kepler-546 b","CONFIRMED",7.31,4.147021189,1258.0,1.2050,5818.00,1
5791986,"K00413.01","Kepler-151 b","CONFIRMED",3,15.22895514,639.0,0.8120,5456.00,1
5791986,"K00413.02","Kepler-151 c","CONFIRMED",2.33,24.67458244,544.0,0.8120,5456.00,2
8320630,"K04846.02",,"CANDIDATE",1.26,32.526674,525.0,0.8680,5668.00,1
9703198,"K00469.01",,"CANDIDATE",6.17,10.32906563,908.0,1.0490,6228.00,1
9844088,"K00470.01","Kepler-564 b","CONFIRMED",4.61,3.750832927,1129.0,0.9500,5776.00,1
10019643,"K00471.01","Kepler-163 c","CONFIRMED",3.2,21.34736612,648.0,1.0710,5395.00,1
10019643,"K00471.02","Kepler-163 b","CONFIRMED",1.36,7.81100952,906.0,1.0710,5395.00,2
10123064,"K00472.01","Kepler-565 b","CONFIRMED",3.16,4.243748097,1063.0,0.8430,5873.00,1
5653126,"K06612.02",,"FALSE POSITIVE",0.48,2.404483552,2078.0,2.3450,6050.00,3
7840044,"K00516.01",,"FALSE POSITIVE",2.01,13.54204116,794.0,1.0150,5891.00,1
8015907,"K00517.01","Kepler-585 b","CONFIRMED",2.54,2.752359689,1178.0,0.8970,5461.00,1
8017703,"K00518.01","Kepler-174 b","CONFIRMED",2.09,13.98177862,553.0,0.6510,4859.00,1
8017703,"K00518.02","Kepler-174 c","CONFIRMED",1.56,44.0003975,377.0,0.6510,4859.00,3
8017703,"K00518.03","Kepler-174 d","CONFIRMED",2.29,247.354914,212.0,0.6510,4859.00,2
1995712,"K07626.01",,"FALSE POSITIVE",2.46,462.12069,249.0,0.9740,6079.00,1
8106610,"K00570.01",,"FALSE POSITIVE",4.06,12.39894005,890.0,1.1080,6355.00,1
8056665,"K00089.02","Kepler-462 c","CONFIRMED",4.52,207.5829306,453.0,1.7900,6688.00,2
8120608,"K00571.01","Kepler-186 c","CONFIRMED",1.14,7.26731094,464.0,0.4430,3751.00,1
8120608,"K00571.02","Kepler-186 d","CONFIRMED",1.29,13.3430025,379.0,0.4430,3751.00,2
8120608,"K00571.03","Kepler-186 b","CONFIRMED",0.97,3.886795001,571.0,0.4430,3751.00,3
8120608,"K00571.04","Kepler-186 e","CONFIRMED",1.15,22.40777833,319.0,0.4430,3751.00,4
5872150,"K00414.01",,"FALSE POSITIVE",17.53,20.35509657,720.0,1.0770,6081.00,1
5872150,"K00414.02",,"FALSE POSITIVE",2.77,5.92240377,1087.0,1.0770,6081.00,2
6289650,"K00415.01",,"CANDIDATE",7.03,166.7876551,334.0,1.0310,5663.00,1
6850504,"K00070.03","Kepler-20 d","CONFIRMED",2.59,77.6114427,397.0,0.9250,5465.00,3
6508221,"K00416.01","Kepler-152 b","CONFIRMED",3.08,18.20795835,551.0,0.7380,5176.00,1
11135694,"K04896.02",,"CANDIDATE",1.48,49.537365,532.0,1.0230,6118.00,1
10155434,"K00473.01","Kepler-1720 b","CONFIRMED",2.75,12.70636123,697.0,0.8390,5573.00,1
10460984,"K00474.01","Kepler-164 c","CONFIRMED",2.84,10.94577783,881.0,1.0970,5888.00,1
10460984,"K00474.02","Kepler-164 d","CONFIRMED",2.7,28.9869016,637.0,1.0970,5888.00,2
10460984,"K00474.03","Kepler-164 e","CONFIRMED",4.24,94.886902,429.0,1.0970,5888.00,3
10460984,"K00474.04","Kepler-164 b","CONFIRMED",1.63,5.03505665,1141.0,1.0970,5888.00,4
6436505,"K06707.02",,"FALSE POSITIVE",1.31,24.7222403,536.0,0.7780,5481.00,2
8022244,"K00519.01","Kepler-175 b","CONFIRMED",2.56,11.90352088,827.0,1.0010,6063.00,1
2571238,"K00084.01","Kepler-19 b","CONFIRMED",2.1,9.286964466,762.0,0.8100,5546.00,1
8022244,"K00519.02","Kepler-175 c","CONFIRMED",2.76,34.0350605,583.0,1.0010,6063.00,2
8037145,"K00520.01","Kepler-176 c","CONFIRMED",2.58,12.75934489,633.0,0.8260,4963.00,1
8037145,"K00520.02","Kepler-176 b","CONFIRMED",1.61,5.433132902,841.0,0.8260,4963.00,3
2140389,"K07627.01",,"FALSE POSITIVE",29.01,0.967427812,1419.0,0.7090,5066.00,1
8193178,"K00572.01","Kepler-187 c","CONFIRMED",2.87,10.64021008,963.0,1.2330,6112.00,1
8193178,"K00572.02","Kepler-187 b","CONFIRMED",1.44,4.93883135,1244.0,1.2330,6112.00,2
8344004,"K00573.01","Kepler-188 c","CONFIRMED",2.96,5.996533443,1025.0,1.0890,5622.00,1
8344004,"K00573.02","Kepler-188 b","CONFIRMED",1.63,2.06190864,1463.0,1.0890,5622.00,2
8355239,"K00574.01","Kepler-189 c","CONFIRMED",2.98,20.13490007,544.0,0.8260,4963.00,1
8216763,"K04838.03",,"CANDIDATE",1.1,24.0721647,400.0,0.6130,4352.00,2
6508221,"K00416.02","Kepler-152 c","CONFIRMED",2.96,88.2553729,326.0,0.7380,5176.00,2
6879865,"K00417.01",,"CANDIDATE",12.23,19.193103549,656.0,0.8920,5883.00,1
7975727,"K00418.01",,"FALSE POSITIVE",9.94,22.418319842,563.0,0.8130,5324.00,1
8219673,"K00419.01",,"FALSE POSITIVE",39.89,20.131477716,670.0,0.9320,6003.00,1
8352537,"K00420.01","Kepler-547 b","CONFIRMED",3.8,6.010383339,768.0,0.7380,4882.00,1
3758499,"K05007.02",,"CANDIDATE",2.27,80.881757,581.0,1.8850,5934.00,2
3248033,"K00006.01",,"FALSE POSITIVE",1.74,1.334101467,2169.0,1.5800,6178.00,1
9552608,"K00080.01",,"CANDIDATE",96.08,9.250572762,1966.0,3.2940,8133.00,1
10577994,"K00475.01","Kepler-165 b","CONFIRMED",2.1,8.1808949,716.0,0.7700,5081.00,1
10577994,"K00475.02","Kepler-165 c","CONFIRMED",2.34,15.31296388,581.0,0.7700,5081.00,2
10599206,"K00476.01","Kepler-566 b","CONFIRMED",2.24,18.42794957,526.0,0.7790,4768.00,1
6768616,"K06765.02",,"FALSE POSITIVE",1.1,8.8249556,928.0,0.9940,6078.00,2
10068383,"K00725.01",,"FALSE POSITIVE",10.86,7.30497811,760.0,0.7440,5247.00,1
10157573,"K00726.01",,"FALSE POSITIVE",60.74,5.115750935,1202.0,1.1010,6398.00,1
10191070,"K00727.01",,"FALSE POSITIVE",21.69,1.213745575,1246.0,0.6610,4820.00,1
10221013,"K00728.01",,"CANDIDATE",11.94,7.189379172,1026.0,1.0760,6214.00,1
10225800,"K00729.01",,"FALSE POSITIVE",4.69,1.423799421,1659.0,1.0190,5962.00,1
2299738,"K07628.01",,"CANDIDATE",0.69,1.8134378,1158.0,0.7000,5094.00,1
10227020,"K00730.01","Kepler-223 d","CONFIRMED",3.46,14.78767172,827.0,1.2480,5814.00,1
4563268,"K00627.02","Kepler-625 c","CONFIRMED",1,4.16536757,1048.0,0.9120,5604.00,2
4644604,"K00628.01","Kepler-626 b","CONFIRMED",2.88,14.48584765,784.0,1.0850,5784.00,1
4656049,"K00629.01","Kepler-627 b","CONFIRMED",3.2,40.6992062,685.0,1.3620,6419.00,1
4659405,"K00630.01",,"FALSE POSITIVE",3.69,4.532402495,1160.0,1.1730,5575.00,1
7941635,"K05449.02",,"FALSE POSITIVE",24.74,25.273355,579.0,0.9760,5313.00,2
4742414,"K00631.01","Kepler-628 b","CONFIRMED",9.11,15.458056682,871.0,1.4070,5868.00,1
7619236,"K00682.01",,"CANDIDATE",10.9,562.1725914,241.0,1.2890,5589.00,
7630229,"K00683.01",,"CANDIDATE",5.86,278.1243979,286.0,1.0500,5799.00,1
7730747,"K00684.01",,"CANDIDATE",6.95,4.034914368,1452.0,1.7930,5548.00,1
7764367,"K00685.01","Kepler-644 b","CONFIRMED",3.07,3.173914037,1655.0,1.5840,6432.00,1
9024857,"K07124.02",,"FALSE POSITIVE",2.74,379.11996,221.0,0.8100,5546.00,2
7906882,"K00686.01",,"CANDIDATE",12.43,52.513548727,472.0,0.9800,5589.00,1
7976520,"K00687.01",,"CANDIDATE",3.13,4.17838675,1430.0,1.6870,5746.00,1
10227020,"K00730.02","Kepler-223 c","CONFIRMED",2.68,9.84824649,947.0,1.2480,5814.00,3
10227020,"K00730.03","Kepler-223 e","CONFIRMED",3.57,19.7243672,751.0,1.2480,5814.00,2
6678383,"K00111.03","Kepler-104 d","CONFIRMED",2.61,51.75530504,515.0,1.0050,5979.00,2
2302997,"K07630.01",,"CANDIDATE",0.78,16.2982201,388.0,0.5210,3905.00,1
10227020,"K00730.04","Kepler-223 b","CONFIRMED",2.42,7.38443269,1042.0,1.2480,5814.00,4
10259031,"K00731.01",,"FALSE POSITIVE",171.85,7.06115081,886.0,0.8480,5795.00,1
8505215,"K00099.01",,"CANDIDATE",3.12,2190.7010353,109.0,0.7360,4965.00,
4827723,"K00632.01","Kepler-629 b","CONFIRMED",1.34,7.23858162,816.0,0.8310,5411.00,1
4841374,"K00633.01","Kepler-630 b","CONFIRMED",3.25,161.4746786,343.0,1.0440,5761.00,1
4861736,"K00634.01",,"FALSE POSITIVE",4.87,6.277827312,985.0,0.8910,6077.00,1
5020319,"K00635.01","Kepler-1725 b","CONFIRMED",2.52,16.71987303,767.0,1.0850,6020.00,1
5090690,"K00636.01",,"FALSE POSITIVE",55.2,12.011661094,1317.0,2.3960,6753.00,1
8161561,"K00688.01","Kepler-645 b","CONFIRMED",3.54,3.275821982,1730.0,1.9720,6185.00,1
8361905,"K00689.01","Kepler-646 b","CONFIRMED",1.53,15.87360981,632.0,0.7370,5656.00,1
12116489,"K00547.03","Kepler-595 c","CONFIRMED",1.11,12.3860474,679.0,0.8880,5121.00,2
8409588,"K00690.01",,"FALSE POSITIVE",7.24,1.360834768,1660.0,0.8720,6215.00,1
11250587,"K00107.01","Kepler-464 b","CONFIRMED",3.53,7.256962446,1163.0,1.5490,5858.00,1
8480285,"K00691.01","Kepler-647 c","CONFIRMED",2.83,29.66631669,644.0,1.0980,5956.00,1
8480285,"K00691.02","Kepler-647 b","CONFIRMED",1.21,16.2254975,788.0,1.0980,5956.00,2
10265898,"K00732.01","Kepler-656 b","CONFIRMED",3.57,1.260258822,1569.0,0.9540,5550.00,1
10265898,"K00732.02",,"CANDIDATE",1.23,3.29534567,1139.0,0.9540,5550.00,3
2302758,"K07629.01",,"FALSE POSITIVE",0.94,0.542122617,2238.0,0.9980,5875.00,1
10265898,"K00732.03","Kepler-656 c","CONFIRMED",1.41,5.25449393,975.0,0.9540,5550.00,2
10271806,"K00733.01","Kepler-224 c","CONFIRMED",3.15,5.924993927,758.0,0.6790,5016.00,1
10271806,"K00733.02","Kepler-224 d","CONFIRMED",2.39,11.34934848,610.0,0.6790,5016.00,2
5098444,"K00637.01",,"FALSE POSITIVE",7.37,26.94927489,395.0,0.5120,4723.00,1
5113822,"K00638.01","Kepler-199 b","CONFIRMED",2.9,23.6421965,595.0,0.8820,5750.00,1
5113822,"K00638.02","Kepler-199 c","CONFIRMED",3.51,67.0930642,420.0,0.8820,5750.00,2
5120087,"K00639.01","Kepler-631 b","CONFIRMED",2.89,17.97979816,828.0,1.3520,6141.00,1
5121511,"K00640.01","Kepler-632 b","CONFIRMED",2.43,30.99664113,500.0,0.8530,5324.00,1
8557374,"K00692.01","Kepler-213 b","CONFIRMED",1.33,2.462344253,1326.0,1.0080,5736.00,1
8557374,"K00692.02","Kepler-213 c","CONFIRMED",2.22,4.822969318,1060.0,1.0080,5736.00,2
12600735,"K00548.02",,"CANDIDATE",0.86,6.0799457,1101.0,1.1680,6008.00,2
8738735,"K00693.01","Kepler-214 c","CONFIRMED",1.95,28.7796446,619.0,1.0440,6000.00,2
8738735,"K00693.02","Kepler-214 b","CONFIRMED",2.05,15.66057688,758.0,1.0440,6000.00,1
8802165,"K00694.01","Kepler-648 b","CONFIRMED",3.11,17.42115972,674.0,0.9720,5679.00,1
10271806,"K00733.03","Kepler-224 b","CONFIRMED",1.39,3.13295351,937.0,0.6790,5016.00,3
10271806,"K00733.04","Kepler-224 e","CONFIRMED",2.14,18.64349986,517.0,0.6790,5016.00,4
5351250,"K00408.05",,"FALSE POSITIVE",2.05,93.803766,375.0,0.9140,5559.00,5
10272442,"K00734.01","Kepler-657 b","CONFIRMED",3.08,24.5434566,616.0,0.9100,5955.00,1
10984090,"K00112.01","Kepler-466 b","CONFIRMED",2.75,51.07926451,503.0,1.0220,5833.00,1
10272442,"K00734.02",,"CANDIDATE",2.54,70.2780911,434.0,0.9100,5955.00,2
4055765,"K00100.01",,"CANDIDATE",16.89,9.9664004,1578.0,3.0790,6638.00,1
5131180,"K00641.01",,"CANDIDATE",2.73,14.85185526,457.0,0.6520,4129.00,1
5181817,"K00642.01",,"FALSE POSITIVE",1.26,4.350413063,1088.0,0.8760,5978.00,1
5309353,"K00643.01",,"FALSE POSITIVE",1.47,1.376384817,1343.0,0.7460,5278.00,1
5356593,"K00644.01",,"FALSE POSITIVE",17.09,45.977861823,541.0,1.0960,5761.00,1
8805348,"K00695.01","Kepler-649 b","CONFIRMED",2.16,29.90721859,564.0,0.8960,5739.00,1
8869680,"K00696.01",,"FALSE POSITIVE",2.61,7.03380109,1320.0,1.9340,6122.00,1
10843431,"K07378.02",,"CANDIDATE",3.58,56.391062,310.0,0.6280,4406.00,2
8878187,"K00697.01","Kepler-650 b","CONFIRMED",3.62,3.032147946,1507.0,1.4470,5827.00,1
4914423,"K00108.01","Kepler-103 b","CONFIRMED",3.33,15.96532718,872.0,1.4330,5880.00,1
8891278,"K00698.01",,"FALSE POSITIVE",120.02,12.718711489,1042.0,1.5960,6120.00,1
10287242,"K00735.01",,"CANDIDATE",5.19,22.34213536,526.0,0.7070,5237.00,1
10340423,"K00736.01","Kepler-225 c","CONFIRMED",2.33,18.79418506,412.0,0.6020,4126.00,1
10340423,"K00736.02","Kepler-225 b","CONFIRMED",1.44,6.73893544,579.0,0.6020,4126.00,2
10345478,"K00737.01",,"FALSE POSITIVE",5.16,14.49839316,607.0,0.7350,5268.00,1
10358759,"K00738.01","Kepler-29 b","CONFIRMED",2.98,10.3392408,777.0,0.8700,5730.00,1
5374854,"K00645.01","Kepler-633 b","CONFIRMED",1.95,8.50339249,1021.0,1.2650,5877.00,2
5374854,"K00645.02","Kepler-633 c","CONFIRMED",2.01,23.7832097,725.0,1.2650,5877.00,1
5384802,"K00646.01",,"FALSE POSITIVE",60.05,3.041547148,1544.0,1.2950,6431.00,1
5531694,"K00647.01","Kepler-634 b","CONFIRMED",2.06,5.16949729,1309.0,1.4090,6011.00,1
5596440,"K00648.01",,"CANDIDATE",15.45,10.47490332,1567.0,3.2320,6526.00,1
8908102,"K00699.01",,"FALSE POSITIVE",116.93,5.41460536,1737.0,2.9430,6033.00,1
8962094,"K00700.01","Kepler-215 d","CONFIRMED",2.23,30.86436512,527.0,0.8280,5677.00,1
8962094,"K00700.02","Kepler-215 b","CONFIRMED",1.42,9.36059705,784.0,0.8280,5677.00,2
8962094,"K00700.03","Kepler-215 c","CONFIRMED",1.21,14.6672293,675.0,0.8280,5677.00,3
8962094,"K00700.04","Kepler-215 e","CONFIRMED",1.45,68.1609897,405.0,0.8280,5677.00,4
10358759,"K00738.02","Kepler-29 c","CONFIRMED",2.78,13.28689997,715.0,0.8700,5730.00,2
10386984,"K00739.01","Kepler-658 b","CONFIRMED",1.39,1.287076693,871.0,0.5250,3736.00,1
9588822,"K04388.02",,"CANDIDATE",2.47,61.858947,699.0,2.8170,5529.00,3
10395381,"K00740.01","Kepler-659 b","CONFIRMED",2.44,17.6717714,513.0,0.6870,4869.00,1
10418797,"K00741.01",,"FALSE POSITIVE",21.55,23.355341391,601.0,0.9050,5754.00,1
5613330,"K00649.01","Kepler-635 b","CONFIRMED",2.71,23.44970494,802.0,1.5240,6188.00,1
8456679,"K00102.01","Kepler-1990 b","CONFIRMED",3.27,1.73513619,1554.0,1.0710,5751.00,1
5786676,"K00650.01","Kepler-1665 b","CONFIRMED",5.15,11.95474513,906.0,1.6570,5059.00,1
5796186,"K00651.01",,"FALSE POSITIVE",5.45,42.55930625,527.0,0.9240,6032.00,1
5796675,"K00652.01","Kepler-636 b","CONFIRMED",4.43,16.080657264,614.0,0.8170,5303.00,1
9002278,"K00701.01","Kepler-62 d","CONFIRMED",1.98,18.16407304,508.0,0.6620,4926.00,1
12306808,"K07521.02",,"FALSE POSITIVE",1.42,7.334073405,870.0,0.7580,5985.00,4
9002278,"K00701.02","Kepler-62 b","CONFIRMED",1.33,5.71489692,747.0,0.6620,4926.00,2
9002278,"K00701.03","Kepler-62 e","CONFIRMED",1.72,122.3858681,269.0,0.6620,4926.00,3
9053112,"K00702.01",,"FALSE POSITIVE",66.76,1.274840187,2498.0,2.8720,5365.00,1
4914423,"K00108.02","Kepler-103 c","CONFIRMED",5.47,179.609803,389.0,1.4330,5880.00,2
9162741,"K00703.01",,"FALSE POSITIVE",1.84,1.368617188,2255.0,1.5840,6561.00,1
5893123,"K00653.01",,"FALSE POSITIVE",1.41,1.125963085,1988.0,1.1160,6225.00,1
5941160,"K00654.01","Kepler-200 b","CONFIRMED",1.75,8.59481851,854.0,0.9150,5675.00,1
5941160,"K00654.02","Kepler-200 c","CONFIRMED",1.72,10.22215697,806.0,0.9150,5675.00,2
5966154,"K00655.01","Kepler-201 b","CONFIRMED",2.68,25.6721559,683.0,1.1790,6034.00,1
5966154,"K00655.02","Kepler-201 c","CONFIRMED",2.47,151.8851881,378.0,1.1790,6034.00,2
3749508,"K07544.02",,"FALSE POSITIVE",384.26,1.065731229,5118.0,10.1050,6244.00,1
9266431,"K00704.01","Kepler-1726 b","CONFIRMED",2.47,18.39629744,582.0,0.8040,5316.00,1
9300285,"K00705.01",,"FALSE POSITIVE",5.89,1.012672041,2337.0,1.3380,6663.00,1
9426071,"K00706.01",,"FALSE POSITIVE",42.19,28.714216138,794.0,1.4170,6706.00,1
9458613,"K00707.01","Kepler-33 d","CONFIRMED",4.76,21.77568158,853.0,1.6940,5900.00,1
9458613,"K00707.02","Kepler-33 f","CONFIRMED",3.92,41.0283424,691.0,1.6940,5900.00,2
10729472,"K04453.02",,"FALSE POSITIVE",0.64,0.83442282,1854.0,0.8970,5838.00,2
5966660,"K00656.01",,"FALSE POSITIVE",2.72,1.906633332,1847.0,1.2430,6736.00,1
6020753,"K00657.01","Kepler-202 b","CONFIRMED",1.53,4.069425638,802.0,0.6800,4671.00,1
8456679,"K00102.02","Kepler-1990 c","CONFIRMED",0.98,4.06844957,1170.0,1.0710,5751.00,2
6020753,"K00657.02","Kepler-202 c","CONFIRMED",1.88,16.28247625,505.0,0.6800,4671.00,2
6062088,"K00658.01","Kepler-203 b","CONFIRMED",2.61,3.162692075,1308.0,1.0850,5821.00,1
9458613,"K00707.03","Kepler-33 e","CONFIRMED",3.55,31.7848157,752.0,1.6940,5900.00,3
9458613,"K00707.04","Kepler-33 c","CONFIRMED",2.82,13.17555999,1009.0,1.6940,5900.00,4
9458613,"K00707.05","Kepler-33 b","CONFIRMED",1.85,5.66815821,1336.0,1.6940,5900.00,5
9530945,"K00708.01","Kepler-216 c","CONFIRMED",2.95,17.40665216,814.0,1.2160,6086.00,1
10610039,"K04577.02",,"CANDIDATE",0.79,3.07365139,1215.0,0.8310,6068.00,2
4752451,"K00109.01",,"FALSE POSITIVE",25.79,6.41496453,1153.0,1.1830,6170.00,1
6062088,"K00658.02","Kepler-203 c","CONFIRMED",2.54,5.370639542,1096.0,1.0850,5821.00,2
6062088,"K00658.03","Kepler-203 d","CONFIRMED",1.37,11.32977062,855.0,1.0850,5821.00,3
6125481,"K00659.01","Kepler-637 b","CONFIRMED",5.86,23.20579353,1002.0,3.2310,5460.00,1
6267535,"K00660.01","Kepler-638 b","CONFIRMED",2.32,6.07972016,1111.0,1.3460,5460.00,1
1025986,"K07621.01",,"CANDIDATE",1.86,275.07365,303.0,1.1870,5604.00,1
6347299,"K00661.01","Kepler-204 b","CONFIRMED",2.71,14.40090414,828.0,1.1980,5815.00,1
9530945,"K00708.02","Kepler-216 b","CONFIRMED",2.12,7.69363627,1069.0,1.2160,6086.00,2
9578686,"K00709.01","Kepler-651 b","CONFIRMED",2.17,21.3851584,574.0,0.8250,5376.00,1
9590976,"K00710.01","Kepler-217 b","CONFIRMED",2.12,5.37493289,1413.0,1.6890,6167.00,1
9590976,"K00710.02","Kepler-217 c","CONFIRMED",1.84,8.58600968,1208.0,1.6890,6167.00,2
11284772,"K04622.02",,"CANDIDATE",0.73,4.50158249,676.0,0.5530,4339.00,2
9590976,"K00710.03","Kepler-217 d","CONFIRMED",1.29,3.88688862,1574.0,1.6890,6167.00,3
2441151,"K00603.01",,"FALSE POSITIVE",35.9,2.192009479,1446.0,1.1250,5499.00,1
3970233,"K00604.01",,"FALSE POSITIVE",11.86,8.254912972,793.0,0.8350,5366.00,1
4832837,"K00605.01","Kepler-621 b","CONFIRMED",1.77,2.628117322,737.0,0.5570,3939.00,1
4832837,"K00605.02",,"CANDIDATE",0.62,5.06546874,592.0,0.5570,3939.00,2
5014753,"K00606.01",,"FALSE POSITIVE",14.37,3.170626881,1314.0,1.0340,6068.00,1
5441980,"K00607.01",,"CANDIDATE",11.16,5.89399142,940.0,0.8930,5713.00,1
6347299,"K00661.02","Kepler-204 c","CONFIRMED",1.78,25.6613816,683.0,1.1980,5815.00,2
6365156,"K00662.01","Kepler-639 b","CONFIRMED",2.29,10.21418792,957.0,1.3320,5843.00,1
6425957,"K00663.01","Kepler-205 b","CONFIRMED",1.37,2.755637216,757.0,0.5530,4121.00,1
1293046,"K07622.01",,"FALSE POSITIVE",1.5,36.2671673,347.0,0.6200,4264.00,1
2444412,"K00103.01","Kepler-1710 b","CONFIRMED",2.62,14.91095177,694.0,0.8990,5650.00,1
6425957,"K00663.02","Kepler-205 c","CONFIRMED",1.58,20.30652862,389.0,0.5530,4121.00,2
9597345,"K00711.01","Kepler-218 c","CONFIRMED",3.05,44.6996563,500.0,1.0460,5497.00,1
9597345,"K00711.02","Kepler-218 b","CONFIRMED",1.47,3.619309734,1156.0,1.0460,5497.00,2
9597345,"K00711.03","Kepler-218 d","CONFIRMED",2.69,124.5245224,356.0,1.0460,5497.00,3
10972902,"K04692.02",,"CANDIDATE",0.72,7.6720844,875.0,0.8070,5972.00,1
9640976,"K00712.01",,"FALSE POSITIVE",1.11,2.178150857,1282.0,0.8360,5691.00,1
9640985,"K00713.01",,"FALSE POSITIVE",34.19,2.178150567,1796.0,1.2540,6820.00,1
5562784,"K00608.01",,"FALSE POSITIVE",3.47,25.33709016,414.0,0.6350,4469.00,1
5608566,"K00609.01",,"FALSE POSITIVE",13.57,4.396999852,1231.0,1.1560,5949.00,1
5686174,"K00610.01","Kepler-622 b","CONFIRMED",1.82,14.28228147,446.0,0.5950,4102.00,1
6309763,"K00611.01",,"CANDIDATE",9.83,3.251659087,1384.0,1.0870,6367.00,1
5903312,"K00008.01",,"FALSE POSITIVE",1.4,1.16015259,1751.0,0.9850,5842.00,1
6462863,"K00094.04","Kepler-89 b","CONFIRMED",1.5,3.743166733,1423.0,1.3310,6181.00,4
6442340,"K00664.01","Kepler-206 c","CONFIRMED",1.85,13.13747785,825.0,1.1430,5762.00,1
6442340,"K00664.02","Kepler-206 b","CONFIRMED",1.32,7.78199862,983.0,1.1430,5762.00,2
1434395,"K07623.01",,"FALSE POSITIVE",34.14,2.2227289,4454.0,20.8480,4996.00,1
6442340,"K00664.03","Kepler-206 d","CONFIRMED",1.29,23.4433748,681.0,1.1430,5762.00,3
6685609,"K00665.01","Kepler-207 d","CONFIRMED",3.6,5.868066282,1254.0,1.5550,5918.00,1
6685609,"K00665.02","Kepler-207 b","CONFIRMED",1.72,1.61189046,1930.0,1.5550,5918.00,2
9450647,"K00110.01","Kepler-465 b","CONFIRMED",2.87,9.940666412,996.0,1.2590,6215.00,1
9702072,"K00714.01","Kepler-652 b","CONFIRMED",2.46,4.182001885,974.0,0.8650,5328.00,1
9413156,"K04700.02",,"CANDIDATE",1.83,66.47762,388.0,0.7750,5515.00,2
9834719,"K00715.01",,"FALSE POSITIVE",32.76,1.621668852,1598.0,0.9660,6106.00,1
9846348,"K00716.01",,"CANDIDATE",6.78,26.89316101,614.0,0.9080,6096.00,1
9873254,"K00717.01","Kepler-653 b","CONFIRMED",2.04,14.70749512,819.0,1.2800,5676.00,1
6587002,"K00612.01","Kepler-196 b","CONFIRMED",2.11,20.73989406,536.0,0.7700,5132.00,2
6587002,"K00612.02","Kepler-196 c","CONFIRMED",2.33,47.4277116,407.0,0.7700,5132.00,1
6960456,"K00613.01",,"FALSE POSITIVE",1.38,5.07442951,929.0,0.8570,5448.00,1
7368664,"K00614.01","Kepler-434 b","CONFIRMED",11.26,12.874712426,926.0,1.4240,5963.00,1
8374580,"K00615.01",,"FALSE POSITIVE",48.15,176.2432946,353.0,1.2310,5559.00,1
6685609,"K00665.03","Kepler-207 c","CONFIRMED",1.65,3.07155284,1556.0,1.5550,5918.00,3
6707835,"K00666.01","Kepler-640 b","CONFIRMED",2.72,22.24814617,609.0,0.9430,5629.00,1
2696205,"K07636.01",,"CANDIDATE",0.73,0.702739679,1765.0,0.8360,5269.00,1
6752502,"K00667.01",,"FALSE POSITIVE",10.34,4.305219002,1119.0,1.0000,5780.00,1
6805146,"K00668.01",,"FALSE POSITIVE",47.58,13.779711352,1376.0,2.9470,6444.00,1
10318874,"K00104.01","Kepler-94 b","CONFIRMED",3.25,2.508057497,997.0,0.7610,4780.00,1
6960445,"K00669.01",,"FALSE POSITIVE",23.71,5.07437786,1008.0,0.9190,5661.00,1
9873254,"K00717.02","Kepler-653 c","CONFIRMED",0.82,0.900375925,2078.0,1.2800,5676.00,2
9884104,"K00718.01","Kepler-219 b","CONFIRMED",3.29,4.585466941,1307.0,1.4950,5788.00,1
9884104,"K00718.02","Kepler-219 c","CONFIRMED",4.01,22.71443351,766.0,1.4950,5788.00,2
9884104,"K00718.03","Kepler-219 d","CONFIRMED",3.55,47.903427,598.0,1.4950,5788.00,3
9950612,"K00719.01","Kepler-220 c","CONFIRMED",1.8,9.034190783,586.0,0.6390,4499.00,1
9714696,"K00616.01",,"FALSE POSITIVE",2.08,1.433339604,1677.0,0.9990,6077.00,1
9846086,"K00617.01",,"FALSE POSITIVE",40.36,37.86511904,535.0,0.9630,5858.00,1
10353968,"K00618.01","Kepler-623 b","CONFIRMED",2.94,9.07098164,825.0,0.9290,5672.00,1
10384962,"K00619.01",,"FALSE POSITIVE",21.02,2.879243323,1244.0,0.8850,5941.00,1
11773022,"K00620.01","Kepler-51 b","CONFIRMED",7.65,45.15535633,523.0,0.9720,6046.00,2
7033671,"K00670.01","Kepler-641 b","CONFIRMED",2.16,9.48965527,926.0,1.2040,5672.00,1
7040629,"K00671.01","Kepler-208 b","CONFIRMED",1.83,4.22865217,1379.0,1.4990,5966.00,1
2711131,"K07637.01",,"FALSE POSITIVE",0.73,2.85889907,989.0,0.7540,4973.00,1
7040629,"K00671.02","Kepler-208 c","CONFIRMED",1.65,7.46662068,1141.0,1.4990,5966.00,2
7040629,"K00671.03","Kepler-208 e","CONFIRMED",1.72,16.25951967,880.0,1.4990,5966.00,3
7040629,"K00671.04","Kepler-208 d","CONFIRMED",1.47,11.1317901,999.0,1.4990,5966.00,4
9950612,"K00719.02","Kepler-220 d","CONFIRMED",0.9,28.1224393,401.0,0.6390,4499.00,4
6678383,"K00111.01","Kepler-104 b","CONFIRMED",2.35,11.427550984,852.0,1.0050,5979.00,1
2308411,"K07631.01",,"FALSE POSITIVE",1.1,0.983304511,2121.0,1.1980,6363.00,1
9950612,"K00719.03","Kepler-220 e","CONFIRMED",1.18,45.9029768,341.0,0.6390,4499.00,2
9950612,"K00719.04","Kepler-220 b","CONFIRMED",0.86,4.159816554,759.0,0.6390,4499.00,3
9963524,"K00720.01","Kepler-221 c","CONFIRMED",3.1,5.69059163,860.0,0.8100,5244.00,1
5780885,"K00097.01","Kepler-7 b","CONFIRMED",16.66,4.885488596,1496.0,1.9090,6036.00,1
11773022,"K00620.02","Kepler-51 d","CONFIRMED",10.44,130.17802962,367.0,0.9720,6046.00,1
11773022,"K00620.03","Kepler-51 c","CONFIRMED",6.34,85.3162004,423.0,0.9720,6046.00,3
12251650,"K00621.01",,"CANDIDATE",14.25,17.761998411,538.0,0.6690,5088.00,1
12417486,"K00622.01",,"CANDIDATE",26.44,155.042265,511.0,3.3220,4994.00,1
12068975,"K00623.01","Kepler-197 c","CONFIRMED",1.44,10.34973276,930.0,1.1090,6003.00,1
7115785,"K00672.01","Kepler-209 b","CONFIRMED",2.56,16.08786246,668.0,0.9140,5506.00,2
2834805,"K07638.01",,"CANDIDATE",1.47,25.0032023,837.0,1.6850,6148.00,1
7115785,"K00672.02","Kepler-209 c","CONFIRMED",2.94,41.74938613,486.0,0.9140,5506.00,1
7115785,"K00672.03",,"FALSE POSITIVE",1.02,0.56680081,2038.0,0.9140,5506.00,3
7124613,"K00673.01","Kepler-642 b","CONFIRMED",3.95,4.41746257,1810.0,2.2970,6570.00,1
8711794,"K00105.01","Kepler-463 b","CONFIRMED",3.14,8.981014925,880.0,0.9670,5666.00,1
7277317,"K00674.01","Kepler-643 b","CONFIRMED",10.47,16.33888067,963.0,2.5950,4877.00,1
2446134,"K07632.01",,"FALSE POSITIVE",1.54,39.1307086,600.0,1.0800,6295.00,1
9963524,"K00720.02","Kepler-221 d","CONFIRMED",2.97,10.04157214,712.0,0.8100,5244.00,2
9963524,"K00720.03","Kepler-221 e","CONFIRMED",3.58,18.36974658,582.0,0.8100,5244.00,3
9963524,"K00720.04","Kepler-221 b","CONFIRMED",1.66,2.79590004,1090.0,0.8100,5244.00,4
9964801,"K00721.01","Kepler-654 b","CONFIRMED",2.13,13.72462702,831.0,1.1710,5817.00,1
9965439,"K00722.01","Kepler-655 b","CONFIRMED",2.66,46.40626,588.0,1.2270,6086.00,1
2569995,"K07634.01",,"CANDIDATE",15.11,80.84069,500.0,1.5970,5511.00,1
12068975,"K00623.02","Kepler-197 d","CONFIRMED",1.42,15.67750191,810.0,1.1090,6003.00,3
12068975,"K00623.03","Kepler-197 b","CONFIRMED",1.22,5.59931543,1142.0,1.1090,6003.00,2
12068975,"K00623.04","Kepler-197 e","CONFIRMED",0.95,25.2100146,691.0,1.1090,6003.00,4
3541946,"K00624.01","Kepler-198 b","CONFIRMED",2.7,17.79001678,655.0,0.9270,5569.00,1
3541946,"K00624.02","Kepler-198 c","CONFIRMED",2.91,49.5674085,465.0,0.9270,5569.00,3
10264660,"K00098.01","Kepler-14 b","CONFIRMED",9.86,6.790120801,1434.0,2.0010,6372.00,1
7385509,"K00675.01",,"FALSE POSITIVE",2.17,1.655467295,1080.0,0.6950,4583.00,1
7447200,"K00676.01","Kepler-210 c","CONFIRMED",3.22,7.972510087,497.0,0.5330,3912.00,1
7447200,"K00676.02","Kepler-210 b","CONFIRMED",2.26,2.453236139,737.0,0.5330,3912.00,2
7466863,"K00677.01",,"FALSE POSITIVE",5.84,11.9710626,1044.0,1.4640,6312.00,1
7509886,"K00678.01","Kepler-211 c","CONFIRMED",1.3,6.0404622,841.0,0.8250,5297.00,2
7509886,"K00678.02","Kepler-211 b","CONFIRMED",1.3,4.13852825,954.0,0.8250,5297.00,1
10002866,"K00723.01","Kepler-222 b","CONFIRMED",3.36,3.936993144,1004.0,0.8430,5431.00,2
10002866,"K00723.02","Kepler-222 d","CONFIRMED",3.63,28.08185982,522.0,0.8430,5431.00,3
6678383,"K00111.02","Kepler-104 c","CONFIRMED",2.32,23.66834635,668.0,1.0050,5979.00,3
10002866,"K00723.03","Kepler-222 c","CONFIRMED",4.71,10.08881066,734.0,0.8430,5431.00,1
2577353,"K07635.01",,"CANDIDATE",1.59,60.458443,511.0,1.1810,5865.00,1
10005020,"K00724.01",,"FALSE POSITIVE",2.07,6.97106919,946.0,0.9830,5871.00,1
3541946,"K00624.03","Kepler-198 d","CONFIRMED",1.43,1.311842968,1562.0,0.9270,5569.00,2
4449034,"K00625.01",,"FALSE POSITIVE",68.75,38.13853099,873.0,2.3430,6481.00,1
4478168,"K00626.01","Kepler-624 b","CONFIRMED",2.45,14.58649856,852.0,1.1910,6063.00,1
4478168,"K00626.02",,"CANDIDATE",0.99,8.0292018,1040.0,1.1910,6063.00,2
2854839,"K07639.01",,"FALSE POSITIVE",0.45,1.05569286,1395.0,0.7510,4955.00,1
4563268,"K00627.01","Kepler-625 b","CONFIRMED",1.89,7.75192755,852.0,0.9120,5604.00,1
7515212,"K00679.01","Kepler-212 c","CONFIRMED",2.99,31.80475991,664.0,1.3560,5867.00,1
7515212,"K00679.02","Kepler-212 b","CONFIRMED",0.92,16.2580276,830.0,1.3560,5867.00,2
7529266,"K00680.01","Kepler-435 b","CONFIRMED",26.52,8.600153929,1703.0,3.9130,6093.00,1
11553706,"K00009.01",,"FALSE POSITIVE",87.21,3.719809197,1873.0,2.3480,6284.00,1
2449053,"K07633.01",,"FALSE POSITIVE",2.09,0.73975345,1818.0,0.9350,5271.00,1
10489525,"K00106.01",,"FALSE POSITIVE",50.98,1.612249049,2713.0,2.5690,6732.00,1
7598128,"K00681.01",,"FALSE POSITIVE",37.38,44.258173075,845.0,2.3260,6544.00,1
11858979,"K04062.01",,"FALSE POSITIVE",36,3.05933906,1434.0,1.1160,6238.00,1
5900390,"K04063.01",,"FALSE POSITIVE",1.28,0.624677585,4391.0,1.9960,9653.00,1
5444334,"K04064.01",,"FALSE POSITIVE",1.2,0.759763198,1752.0,0.8180,5520.00,1
10139620,"K04065.01",,"FALSE POSITIVE",2.68,372.37369,267.0,1.0290,6109.00,
8686373,"K04066.01","Kepler-1936 b","CONFIRMED",4.59,126.55719,524.0,1.8540,6501.00,1
5386264,"K04135.01",,"FALSE POSITIVE",0.52,12.435190544,545.0,0.6200,4756.00,2
3867615,"K02289.02","Kepler-379 b","CONFIRMED",1.58,20.0983676,775.0,1.2600,6053.00,2
3218844,"K07646.01",,"FALSE POSITIVE",2.21,85.112898,422.0,0.9750,6018.00,1
7256914,"K04136.01",,"CANDIDATE",1.19,2.41750021,1507.0,1.3080,5575.00,1
7256914,"K04136.02",,"CANDIDATE",1.23,4.03357434,1270.0,1.3080,5575.00,2
3542222,"K04137.01",,"FALSE POSITIVE",33.96,0.504426087,2339.0,0.9010,6043.00,1
6871071,"K02220.04",,"CANDIDATE",1.6,7.66462913,1106.0,1.5150,5640.00,4
5530112,"K04067.01","Kepler-1937 b","CONFIRMED",3.09,9.6887216,1014.0,1.1960,6457.00,1
6226908,"K04068.01","Kepler-1546 b","CONFIRMED",3.78,19.597317,671.0,1.0190,5569.00,1
5906694,"K04069.01","Kepler-1938 b","CONFIRMED",1.36,13.06243545,527.0,0.6550,4522.00,1
10186945,"K04070.01",,"FALSE POSITIVE",1.14,0.793663156,1614.0,0.8250,5077.00,1
4636565,"K04138.01",,"FALSE POSITIVE",1.51,2.81401302,1723.0,1.9670,5541.00,1
9956082,"K04139.01","Kepler-1557 b","CONFIRMED",1.38,3.74031708,1287.0,1.0630,6260.00,1
3241647,"K07650.01",,"FALSE POSITIVE",0.85,0.851678507,1840.0,1.0290,5403.00,1
7761585,"K04140.01",,"FALSE POSITIVE",2.48,205.30627,314.0,0.9550,6045.00,
3241248,"K04141.01",,"FALSE POSITIVE",129.67,0.978046982,3146.0,4.5690,5100.00,1
9716302,"K04142.01",,"FALSE POSITIVE",1.49,1.332566763,1318.0,0.7520,5134.00,1
2708286,"K04071.01",,"FALSE POSITIVE",6.4,1.89131005,1590.0,1.1200,5706.00,1
6755944,"K04072.01","Kepler-1547 b","CONFIRMED",2.24,0.692978457,3186.0,2.3040,6105.00,1
10419797,"K04073.01",,"FALSE POSITIVE",,87.140633,,,,1
6515335,"K04074.01",,"FALSE POSITIVE",28.39,185.53285,302.0,0.8700,5817.00,
7777471,"K04075.01",,"FALSE POSITIVE",0.9,0.885131111,1818.0,0.8670,5904.00,1
10294509,"K04143.01",,"FALSE POSITIVE",1.33,1.85447373,1221.0,0.7430,5341.00,1
3112129,"K04144.01",,"CANDIDATE",0.99,0.487656278,2299.0,0.9370,5957.00,1
3003019,"K07642.01",,"FALSE POSITIVE",1.41,0.502622858,2478.0,1.0980,6029.00,1
9334893,"K02298.02","Kepler-1178 b","CONFIRMED",0.63,31.8055128,378.0,0.5250,4729.00,2
3103212,"K04145.01",,"CANDIDATE",0.96,3.25424652,1220.0,1.0040,5692.00,1
10000941,"K04146.01","Kepler-1558 b","CONFIRMED",0.8,3.50472344,1019.0,0.8540,5115.00,1
9455677,"K04076.01","Kepler-1548 b","CONFIRMED",2.57,124.827797,350.0,1.0320,5349.00,1
6871071,"K02220.05",,"CANDIDATE",1.05,11.9294568,797.0,0.9000,5975.00,5
7690855,"K04077.01",,"FALSE POSITIVE",15.72,0.786260569,1192.0,0.5570,4223.00,2
5649837,"K04078.01",,"FALSE POSITIVE",23.2,0.597934463,2126.0,0.8630,6052.00,1
10141938,"K04079.01",,"FALSE POSITIVE",60.3,360.76458,216.0,0.7240,5513.00,
8029197,"K04147.01",,"FALSE POSITIVE",1.02,2.15292788,1841.0,1.5550,5851.00,1
12257886,"K04148.01",,"FALSE POSITIVE",1.28,2.61585431,1358.0,0.9450,6131.00,1
10875007,"K04149.01",,"CANDIDATE",1.71,9.54699216,996.0,1.2320,6274.00,1
10875007,"K04149.02",,"CANDIDATE",1.82,14.708641,862.0,1.2320,6274.00,2
11465651,"K04150.01","Kepler-1941 b","CONFIRMED",1.99,31.3351094,666.0,1.1420,6404.00,1
5036480,"K04080.01",,"FALSE POSITIVE",1.06,1.061002863,1679.0,0.8810,5767.00,1
10275077,"K04081.01",,"FALSE POSITIVE",3.45,363.35755,305.0,1.7830,5086.00,
6592832,"K04082.01",,"FALSE POSITIVE",1.1,0.924821319,1963.0,0.9740,6135.00,1
8524346,"K04083.01",,"FALSE POSITIVE",2.43,4.4697452,1248.0,1.1250,6102.00,1
3937814,"K04084.01","Kepler-1549 b","CONFIRMED",2.68,214.881456,286.0,0.9950,5323.00,1
5551228,"K04154.02",,"FALSE POSITIVE",3.55,122.906853,338.0,0.8660,5692.00,1
5471271,"K04155.01",,"FALSE POSITIVE",0.8,12.422216754,864.0,1.0840,6231.00,1
5881120,"K04156.01","Kepler-1943 b","CONFIRMED",1.1,4.85018974,1098.0,0.9730,6032.00,1
3248696,"K07651.01",,"FALSE POSITIVE",2.53,383.43595,214.0,0.7290,5576.00,1
4548098,"K04157.01","Kepler-1982 b","CONFIRMED",0.77,3.82315697,1282.0,1.1220,6202.00,1
5306383,"K04158.01",,"FALSE POSITIVE",0.9,0.842336445,1941.0,0.9980,5765.00,1
5446285,"K00142.02",,"FALSE POSITIVE",,339.42934084,,,,
7021681,"K00255.02",,"CANDIDATE",0.75,13.6032081,397.0,0.5110,3780.00,2
5041847,"K04085.01",,"FALSE POSITIVE",36.84,0.914468919,1884.0,0.9890,5762.00,2
3836558,"K04086.01",,"FALSE POSITIVE",1.08,1.54039744,1520.0,0.8840,5649.00,1
4770617,"K02243.02","Kepler-1154 c","CONFIRMED",2.52,8.45805119,1117.0,1.4710,6172.00,2
6106282,"K04087.01","Kepler-440 b","CONFIRMED",1.61,101.1107014,229.0,0.5610,4133.00,1
4946584,"K04088.01",,"FALSE POSITIVE",49.37,0.907943645,2219.0,1.1660,6434.00,1
6463499,"K04163.01",,"FALSE POSITIVE",7.13,94.446856,611.0,2.4780,5780.00,1
8254882,"K04164.01",,"FALSE POSITIVE",0.88,0.92565941,2383.0,1.6120,6058.00,1
6042031,"K04165.01",,"FALSE POSITIVE",32.19,0.537110149,3195.0,2.5370,5395.00,1
4078311,"K04166.01","Kepler-1944 b","CONFIRMED",2.41,9.84262076,801.0,0.9720,5585.00,1
5475735,"K04167.01",,"FALSE POSITIVE",0.78,2.99194823,1019.0,0.7270,5269.00,1
11709124,"K00435.05","Kepler-154 c","CONFIRMED",3.05,62.3026877,454.0,0.9710,5688.00,2
9022166,"K02175.02","Kepler-368 c","CONFIRMED",4.21,72.3826983,575.0,1.9880,5508.00,2
10075409,"K04019.01",,"FALSE POSITIVE",2.34,360.33012,200.0,0.7400,5054.00,
7038096,"K04020.01",,"FALSE POSITIVE",1.93,0.566803149,2380.0,1.0960,6147.00,1
3345973,"K07652.01",,"FALSE POSITIVE",3.64,15.3466028,1194.0,2.2590,6771.00,1
11967788,"K04021.01",,"CANDIDATE",1.53,7.23531329,1207.0,1.4210,6422.00,1
11972872,"K04089.01",,"FALSE POSITIVE",7.54,0.531106622,1781.0,0.7620,4978.00,2
9899233,"K04090.01",,"FALSE POSITIVE",1.23,1.332547503,1719.0,0.9990,6077.00,1
3103227,"K04091.01","Kepler-1550 b","CONFIRMED",3.71,225.585245,348.0,1.3630,5929.00,1
4850961,"K04092.01","Kepler-1551 b","CONFIRMED",2.74,24.4972683,722.0,1.1620,6392.00,1
3102309,"K07643.01",,"FALSE POSITIVE",0.71,4.20253859,1136.0,1.0150,5596.00,1
8521059,"K04093.01",,"FALSE POSITIVE",33.97,0.535578808,2870.0,1.3130,6610.00,1
5217574,"K04151.01",,"FALSE POSITIVE",1.19,0.89486317,1764.0,0.8630,5764.00,1
7199060,"K04152.01",,"CANDIDATE",8,64.1862264,839.0,2.7580,6951.00,1
8439323,"K04153.01","Kepler-1942 b","CONFIRMED",1.65,4.62602867,1012.0,0.7970,5834.00,1
4458082,"K02303.02","Kepler-1181 c","CONFIRMED",1.83,8.93484887,1124.0,1.3470,6688.00,2
3230095,"K07647.01",,"FALSE POSITIVE",1.1,7.04716175,817.0,0.7760,5496.00,1
5551228,"K04154.01",,"FALSE POSITIVE",91.06,368.71479,236.0,0.8720,5716.00,
11967788,"K04021.02",,"CANDIDATE",1.02,4.93211932,1372.0,1.4210,6422.00,2
7733731,"K04022.01",,"CANDIDATE",2.04,4.85819429,1685.0,2.3260,6109.00,1
6862332,"K04023.01",,"FALSE POSITIVE",4.44,119.0192648,350.0,0.9050,5754.00,1
10714072,"K04024.01","Kepler-1541 b","CONFIRMED",1.95,8.40693068,1048.0,1.5330,5365.00,1
3110177,"K07644.01",,"CANDIDATE",0.81,3.39904814,1191.0,0.9290,5766.00,1
10992011,"K04025.01",,"FALSE POSITIVE",1.19,0.974479091,1513.0,0.8190,5043.00,1
8128247,"K04094.01",,"FALSE POSITIVE",57.36,3.57017774,6119.0,69.0010,3812.00,1
6276994,"K04095.01",,"FALSE POSITIVE",0.77,1.10601182,1903.0,1.0310,6241.00,1
9674564,"K04096.01",,"FALSE POSITIVE",1.21,6.873655305,906.0,0.9120,5668.00,1
5942808,"K02250.02","Kepler-1814 c","CONFIRMED",1.76,0.626281766,1711.0,0.8230,4922.00,2
3232249,"K07648.01",,"CANDIDATE",0.8,1.183505016,1293.0,0.7460,4832.00,1
5688683,"K04097.01","Kepler-1939 b","CONFIRMED",0.99,2.790643481,816.0,0.6030,4353.00,1
6607644,"K04159.01","Kepler-1559 b","CONFIRMED",0.79,0.971915957,1609.0,0.8890,5196.00,1
7610663,"K04160.01","Kepler-1560 b","CONFIRMED",0.9,3.03196812,1269.0,0.9930,5755.00,1
5565707,"K04161.01",,"FALSE POSITIVE",5.27,1.2940561,4465.0,7.1460,6635.00,1
1293031,"K04162.01",,"FALSE POSITIVE",9.19,0.53936593,5016.0,5.3020,6341.00,1
2859299,"K07640.01",,"FALSE POSITIVE",1.48,0.643703667,2358.0,1.1140,6161.00,1
7449554,"K02357.02",,"CANDIDATE",3.79,15.9042402,863.0,1.5300,5583.00,2
4067110,"K04026.01",,"FALSE POSITIVE",168.34,0.735146413,5366.0,7.4350,6611.00,1
8694309,"K04027.01",,"FALSE POSITIVE",0.9,0.827351796,2208.0,1.3100,5609.00,1
8282651,"K02193.02",,"CANDIDATE",1.32,4.16288745,763.0,0.6510,4478.00,
7818447,"K04028.01",,"FALSE POSITIVE",4.96,0.618952198,497.0,0.1160,2661.00,2
11569475,"K04029.01",,"FALSE POSITIVE",125.56,1.31723412,5471.0,12.0800,6740.00,2
5688683,"K04097.02",,"CANDIDATE",0.55,4.44902309,699.0,0.6030,4353.00,2
8222627,"K04098.01",,"CANDIDATE",2.39,1.121733366,2384.0,2.5710,5023.00,1
8951205,"K04099.01","Kepler-1940 b","CONFIRMED",1.28,4.95060632,885.0,0.7170,5431.00,1
5700900,"K04100.01",,"FALSE POSITIVE",23.99,379.08202,253.0,0.9600,5982.00,2
7026477,"K04101.01",,"FALSE POSITIVE",2.87,366.31509,353.0,1.5240,6705.00,
9402583,"K04168.01",,"FALSE POSITIVE",0.9,0.536544193,1745.0,0.7280,5041.00,1
7838675,"K04169.01","Kepler-1561 b","CONFIRMED",0.85,1.005205893,1682.0,0.8630,5718.00,1
8700537,"K04170.01",,"FALSE POSITIVE",20.79,43.796785,542.0,0.9410,6109.00,1
10858785,"K04171.01",,"FALSE POSITIVE",21.96,0.952371227,1870.0,0.9210,6086.00,1
9640907,"K04172.01",,"FALSE POSITIVE",1.28,1.089088292,1914.0,1.0690,6194.00,1
7515670,"K02360.02",,"FALSE POSITIVE",,1.1518407,,,,1
9551430,"K04030.01",,"FALSE POSITIVE",22.2,7.7553808,822.0,0.7660,5607.00,1
3228986,"K04031.01",,"FALSE POSITIVE",1.27,0.730949487,2311.0,1.1910,6238.00,1
7100673,"K04032.01","Kepler-1542 b","CONFIRMED",0.83,3.95116635,1160.0,1.0650,5574.00,1
7100673,"K04032.02","Kepler-1542 c","CONFIRMED",0.7,2.89223998,1287.0,1.0650,5574.00,4
4138557,"K04033.01",,"FALSE POSITIVE",37.93,0.991552822,2558.0,1.8620,5908.00,1
2708278,"K04102.01",,"FALSE POSITIVE",0.93,1.89124187,1312.0,0.9270,5285.00,1
2984990,"K07641.01",,"CANDIDATE",1.36,3.79437277,1383.0,1.5070,5455.00,1
3747817,"K04103.01","Kepler-1552 b","CONFIRMED",2.41,184.77271,268.0,0.8010,5273.00,1
8483366,"K04104.01",,"FALSE POSITIVE",2.82,392.49728,232.0,0.8720,5737.00,
7758018,"K04105.01",,"CANDIDATE",3.14,363.41165,263.0,0.9990,6025.00,1
9071593,"K02257.02","Kepler-1162 c","CONFIRMED",1.81,59.284064,401.0,0.8590,5225.00,2
10089911,"K04034.01","Kepler-1543 b","CONFIRMED",6.14,6.96704926,1774.0,3.5300,6303.00,1
3247404,"K04035.01",,"FALSE POSITIVE",47.94,8.8109721,881.0,1.0000,5780.00,1
11415243,"K04036.01","Kepler-1544 b","CONFIRMED",1.69,168.81133,241.0,0.7070,4798.00,1
3548044,"K02194.02","Kepler-371 c","CONFIRMED",1.71,67.968656,443.0,0.9500,5670.00,2
8264402,"K04037.01",,"CANDIDATE",3.36,215.956008,361.0,1.3130,6163.00,1
7773179,"K04038.01",,"FALSE POSITIVE",1.06,2.15681538,1473.0,0.9830,6084.00,1
11017094,"K04106.01",,"FALSE POSITIVE",15.38,0.708563091,1587.0,0.6480,5271.00,1
3129238,"K07645.01",,"CANDIDATE",0.55,2.00870696,1232.0,0.7590,5341.00,1
5956633,"K04107.01",,"FALSE POSITIVE",2.4,366.24282,237.0,0.8930,5713.00,
9899065,"K04108.01",,"FALSE POSITIVE",0.81,1.33256418,1262.0,0.6200,5157.00,1
7907808,"K04109.01",,"CANDIDATE",1.48,0.655939788,2411.0,1.7550,4968.00,1
5471792,"K04110.01",,"FALSE POSITIVE",2.19,12.4258833,1006.0,1.6320,5611.00,1
11145831,"K04039.01",,"FALSE POSITIVE",1.24,1.387838134,1783.0,1.0440,6273.00,1
11444952,"K04040.01",,"FALSE POSITIVE",19.06,0.678349364,1844.0,0.8290,5569.00,1
8647295,"K04041.01",,"FALSE POSITIVE",26.91,1.022028468,1649.0,0.8550,5445.00,1
3444098,"K04042.01",,"FALSE POSITIVE",6.73,0.72359699,4699.0,2.8580,8855.00,1
5112567,"K04043.01",,"FALSE POSITIVE",34.69,1.6156052,2202.0,1.6230,6770.00,1
2708343,"K04111.01",,"FALSE POSITIVE",0.9,1.8913182,983.0,0.6330,4476.00,1
3235282,"K07649.01",,"FALSE POSITIVE",4.5,494.165759,265.0,1.1620,6392.00,1
3348090,"K04112.01",,"FALSE POSITIVE",2.6,2.43585046,2544.0,3.2470,6501.00,1
9282762,"K04113.01",,"FALSE POSITIVE",1.12,1.33255441,1743.0,1.0280,6099.00,1
3117046,"K04114.01",,"FALSE POSITIVE",2.37,359.1015,285.0,1.0470,6373.00,1
6311520,"K04115.01",,"FALSE POSITIVE",27.05,0.941840589,2200.0,1.1420,6419.00,1
5201115,"K04044.01",,"FALSE POSITIVE",1.19,1.728521892,1678.0,1.1570,5872.00,1
2708203,"K04045.01",,"FALSE POSITIVE",0.81,1.89125855,1671.0,0.9270,6569.00,1
4150496,"K04046.01",,"FALSE POSITIVE",20.38,8.65312868,857.0,0.8930,5880.00,1
11401767,"K02195.02","Kepler-372 d","CONFIRMED",2.25,30.0899459,660.0,1.2090,6056.00,2
9655005,"K04047.01",,"FALSE POSITIVE",2.39,1.39862757,3562.0,3.3670,7872.00,1
11709124,"K00435.06","Kepler-154 f","CONFIRMED",1.32,9.91937693,838.0,0.9710,5688.00,6
3851194,"K07671.01",,"FALSE POSITIVE",1.77,0.918510251,2795.0,2.3380,5837.00,1
8613535,"K02263.02","Kepler-1165 b","CONFIRMED",1.47,9.47850818,946.0,1.0760,6249.00,2
5092655,"K04116.01",,"FALSE POSITIVE",1.28,0.783258387,1559.0,0.7150,5067.00,1
3955817,"K04117.01","Kepler-1553 b","CONFIRMED",1.1,4.24263096,926.0,0.8250,5072.00,1
10661778,"K04118.01",,"FALSE POSITIVE",10.75,1.231363214,1699.0,1.0000,5780.00,1
5513857,"K04119.01",,"FALSE POSITIVE",0.91,0.755101928,1763.0,0.8190,5465.00,1
10272389,"K04048.01",,"FALSE POSITIVE",1.13,4.56447463,902.0,0.7700,5270.00,1
4679687,"K04049.01",,"FALSE POSITIVE",30.48,1.027904857,1653.0,0.8720,5432.00,1
7968683,"K04050.01",,"FALSE POSITIVE",3.62,367.95566,183.0,0.6960,4723.00,1
10360722,"K04051.01","Kepler-1545 b","CONFIRMED",2.75,163.692336,274.0,0.8430,4999.00,1
9091755,"K04052.01",,"FALSE POSITIVE",1.91,1.106529843,1649.0,0.7980,5932.00,1
3852476,"K07672.01",,"FALSE POSITIVE",6.88,111.741576,676.0,4.5250,5267.00,1
9700449,"K04120.01",,"CANDIDATE",1.93,110.461746,420.0,1.0580,6321.00,1
6349881,"K04121.01","Kepler-1554 b","CONFIRMED",3.24,198.088873,288.0,0.9690,5275.00,1
9851970,"K04122.01",,"FALSE POSITIVE",0.77,1.08193721,1385.0,0.7360,4965.00,1
6140059,"K04123.01",,"CANDIDATE",1.73,44.6226725,613.0,1.2390,6198.00,1
5726910,"K04124.01",,"FALSE POSITIVE",1.17,2.43142974,1378.0,0.9650,5750.00,1
1718958,"K04053.01","Kepler-1934 b","CONFIRMED",0.85,1.41975831,1700.0,1.0350,5925.00,1
6428794,"K04054.01","Kepler-1701 b","CONFIRMED",2.21,169.135056,273.0,0.8010,5171.00,1
3228825,"K04055.01",,"FALSE POSITIVE",0.88,0.73095491,2711.0,1.5870,6454.00,1
4673628,"K04056.01","Kepler-1935 b","CONFIRMED",23.51,3.951383138,1083.0,0.8990,5570.00,1
11401767,"K02195.03","Kepler-372 b","CONFIRMED",1.83,6.84978728,1081.0,1.2090,6056.00,3
3852872,"K07673.01",,"CANDIDATE",1.87,80.769893,475.0,1.7080,4965.00,1
9099950,"K04125.01",,"FALSE POSITIVE",2.86,1.111362442,2820.0,2.3080,6486.00,1
9718066,"K02287.02","Kepler-378 c","CONFIRMED",0.79,28.9060526,414.0,0.6700,4657.00,2
9272070,"K04126.01","Kepler-1555 b","CONFIRMED",1.45,8.10503551,959.0,0.9890,6201.00,1
5088400,"K04127.01","Kepler-1556 b","CONFIRMED",1.67,8.82715783,797.0,0.8780,5550.00,1
4669402,"K04128.01",,"FALSE POSITIVE",6.64,143.196381,380.0,1.0600,6007.00,1
3757407,"K04057.01",,"FALSE POSITIVE",4.35,9.089151782,1848.0,4.0990,6729.00,1
4769931,"K04058.01",,"FALSE POSITIVE",1.04,1.87886973,1236.0,0.7340,5448.00,1
9220612,"K04059.01",,"FALSE POSITIVE",1.03,0.979161676,1548.0,0.7800,5390.00,1
9086154,"K04060.01",,"CANDIDATE",2.36,225.26213,329.0,1.1910,5799.00,1
6806695,"K04061.01",,"FALSE POSITIVE",0.87,0.855922327,1658.0,0.7590,5437.00,1
3858943,"K07674.01",,"FALSE POSITIVE",1.53,25.9528725,697.0,1.1060,6370.00,1
11970988,"K04129.01",,"CANDIDATE",0.69,2.31482311,1237.0,0.9230,5240.00,1
10858803,"K04130.01",,"FALSE POSITIVE",1.13,0.952374508,1435.0,0.8210,4754.00,1
6129694,"K04131.01",,"FALSE POSITIVE",2.07,0.936751792,3814.0,2.9090,7843.00,1
5957181,"K04132.01",,"FALSE POSITIVE",2.27,393.34331,140.0,0.5540,3994.00,
7601918,"K04133.01",,"FALSE POSITIVE",1.12,0.621361411,2913.0,1.6600,6234.00,1
6119877,"K04134.01",,"FALSE POSITIVE",,250.23760741,,,,
6792908,"K04341.01",,"CANDIDATE",1.25,10.778313,1067.0,1.2580,6726.00,1
7211879,"K04342.01",,"FALSE POSITIVE",0.91,0.594310785,2068.0,0.8450,5931.00,1
8087812,"K04343.01","Kepler-1952 b","CONFIRMED",1.73,27.2106807,725.0,1.3050,5973.00,1
4863956,"K04344.01",,"FALSE POSITIVE",3.87,4.31978105,2111.0,4.3680,5519.00,2
10534155,"K04345.01",,"CANDIDATE",26.6,4.32710895,1397.0,1.4550,5776.00,1
10397751,"K02859.04",,"CANDIDATE",0.57,2.90512019,1075.0,0.7210,5374.00,4
5308537,"K04409.01","Kepler-1955 b","CONFIRMED",1.06,14.2651545,853.0,1.2910,5825.00,1
6350882,"K04410.01",,"CANDIDATE",1.47,5.04404366,1078.0,0.9510,6039.00,1
5281113,"K04411.01","Kepler-1602 b","CONFIRMED",1.81,11.17931581,1159.0,1.8730,6292.00,1
7847104,"K04412.01",,"FALSE POSITIVE",1.17,1.284991846,2491.0,2.1060,6060.00,1
3450040,"K04205.01",,"CANDIDATE",0.88,1.166960319,1596.0,0.9040,5632.00,1
3347807,"K07653.01",,"FALSE POSITIVE",2.2,324.18028,382.0,2.1830,5792.00,1
8487805,"K04206.01",,"FALSE POSITIVE",0.69,0.530959357,1852.0,0.7500,5325.00,1
9456281,"K04207.01",,"CANDIDATE",0.8,0.701944362,1227.0,0.5390,4236.00,1
5129453,"K04208.01",,"CANDIDATE",1.23,3.05772668,878.0,0.7310,4483.00,1
7918478,"K04209.01",,"CANDIDATE",2.35,9.9092109,693.0,0.7020,5396.00,1
3336845,"K04275.01",,"FALSE POSITIVE",0.77,0.996864568,1588.0,0.7820,5418.00,1
3645282,"K07661.01",,"FALSE POSITIVE",0.7,0.673684895,2001.0,0.9510,5645.00,1
6026924,"K04276.01","Kepler-1580 b","CONFIRMED",2.44,56.644452,733.0,2.2950,6237.00,1
6525280,"K04277.01",,"FALSE POSITIVE",0.56,1.710319812,1426.0,0.8250,5774.00,1
4861784,"K04278.01",,"FALSE POSITIVE",1.61,5.62978034,899.0,0.8390,5497.00,1
5876360,"K04279.01",,"FALSE POSITIVE",45.89,1.050852976,1791.0,1.0000,5780.00,1
9509343,"K04346.01",,"CANDIDATE",1.21,6.39269778,890.0,0.9430,5248.00,1
3732972,"K07664.01",,"FALSE POSITIVE",12.65,1.540398683,4689.0,14.6780,4971.00,1
3244792,"K04347.01","Kepler-1592 b","CONFIRMED",0.99,3.0570982,1202.0,0.8190,6021.00,1
8743082,"K04348.01",,"FALSE POSITIVE",2.39,365.25921,268.0,1.0420,5993.00,
7673841,"K02585.03",,"CANDIDATE",0.78,7.87845756,989.0,1.1350,5767.00,3
9142742,"K04349.01",,"FALSE POSITIVE",3.52,372.72688,326.0,1.6150,6148.00,
6891513,"K04413.01",,"FALSE POSITIVE",101.71,9.9398272,819.0,0.9410,5798.00,1
4579598,"K04414.01",,"FALSE POSITIVE",1.24,0.866346,2165.0,1.1310,6241.00,1
7777522,"K04415.01",,"FALSE POSITIVE",1.21,0.885129679,1780.0,0.8640,5792.00,1
9305012,"K04416.01",,"FALSE POSITIVE",6.33,56.898749,1107.0,2.6920,9189.00,
9597729,"K04417.01",,"FALSE POSITIVE",14,0.438153876,2407.0,0.9290,6032.00,2
11390109,"K04210.01",,"FALSE POSITIVE",3.33,398.40957,279.0,1.1190,6251.00,
5078025,"K04211.01",,"FALSE POSITIVE",1.34,0.696286519,1969.0,0.8670,5904.00,1
1724719,"K04212.01","Kepler-1569 b","CONFIRMED",1.69,5.79179934,1222.0,1.3180,6174.00,1
8120608,"K00571.05","Kepler-186 f","CONFIRMED",1.18,129.945392,177.0,0.4430,3751.00,5
11968463,"K02433.04",,"CANDIDATE",2.19,27.9040511,677.0,1.1120,6325.00,4
5026326,"K04280.01",,"FALSE POSITIVE",1.58,1.39772545,1763.0,1.1140,6006.00,1
5471574,"K02505.02",,"FALSE POSITIVE",168.91,12.4246697,1099.0,1.5900,6550.00,3
5512580,"K04281.01",,"FALSE POSITIVE",2.2,383.00806,235.0,0.8820,5750.00,
11670599,"K04282.01",,"FALSE POSITIVE",0.91,0.847588864,2144.0,1.0720,6335.00,1
6359820,"K04283.01",,"FALSE POSITIVE",1.84,331.81534,267.0,0.9560,6029.00,
11872139,"K04350.01",,"FALSE POSITIVE",1.62,1.75649346,2745.0,3.0500,6619.00,1
5436161,"K04351.01",,"CANDIDATE",24.39,0.644322147,1592.0,0.6120,5136.00,
2708221,"K04352.01",,"FALSE POSITIVE",23.5,1.8912501,1159.0,0.7940,4883.00,1
4571844,"K04353.01",,"CANDIDATE",3.92,17.8075656,742.0,0.9810,6194.00,1
5040223,"K04354.01",,"FALSE POSITIVE",18.36,0.996023763,1991.0,1.0770,6110.00,1
4571004,"K04355.01",,"FALSE POSITIVE",1.68,36.616669,548.0,1.0000,5780.00,
2859893,"K04418.01",,"CANDIDATE",3.19,333.03842,247.0,0.9030,5743.00,
6026737,"K02949.02",,"CANDIDATE",0.87,3.75030469,1374.0,1.3390,5866.00,2
7582691,"K04419.01",,"CANDIDATE",1.22,0.259819659,1559.0,0.5260,3939.00,1
7031942,"K04420.01",,"FALSE POSITIVE",0.67,0.566795467,2254.0,1.0560,5642.00,1
9836563,"K04421.01",,"CANDIDATE",0.61,4.72693131,1203.0,1.1960,5950.00,1
1724719,"K04212.02",,"CANDIDATE",1.03,10.0989634,1016.0,1.3180,6174.00,2
5632701,"K04213.01",,"FALSE POSITIVE",0.71,3.67515329,1150.0,0.8810,5968.00,1
10549924,"K04214.01",,"FALSE POSITIVE",0.58,0.715825886,1920.0,0.9090,5640.00,1
9366617,"K04215.01","Kepler-1570 b","CONFIRMED",2.54,26.5487294,836.0,2.1540,5456.00,1
6187341,"K04216.01",,"FALSE POSITIVE",3.42,0.492291661,1788.0,0.7180,4971.00,1
3353454,"K07654.01",,"FALSE POSITIVE",6.36,1.6911935,1528.0,1.0000,5780.00,1
10156055,"K04284.01",,"FALSE POSITIVE",0.85,2.42803503,1516.0,0.9740,6609.00,1
8418018,"K04285.01",,"FALSE POSITIVE",1.34,372.94844,233.0,0.8270,5763.00,
5024177,"K04286.01",,"FALSE POSITIVE",23.81,0.787120016,1972.0,0.7870,6112.00,1
11081504,"K04287.01",,"CANDIDATE",1.29,13.12297275,1030.0,1.6650,6134.00,1
4548011,"K04288.01","Kepler-1581 b","CONFIRMED",0.73,6.28384079,1108.0,1.2270,5888.00,1
4571004,"K04355.02",,"FALSE POSITIVE",0.94,21.131609,659.0,1.0000,5780.00,
4571004,"K04355.03",,"FALSE POSITIVE",1.31,81.675841,420.0,1.0000,5780.00,
4571004,"K04355.04",,"FALSE POSITIVE",1.35,28.5463574,596.0,1.0000,5780.00,
12016267,"K02590.02",,"CANDIDATE",1.38,22.7909233,862.0,1.6420,6311.00,1
4571004,"K04355.05",,"FALSE POSITIVE",1.99,72.563291,436.0,1.0000,5780.00,
8459663,"K04356.01","Kepler-1593 b","CONFIRMED",1.74,174.510276,186.0,0.4520,4367.00,1
3550372,"K04357.01",,"CANDIDATE",2.97,0.681180633,2782.0,2.3770,4939.00,1
10155321,"K04422.01",,"FALSE POSITIVE",3.3,15.705388,1181.0,1.8530,7454.00,
3866536,"K04423.01",,"FALSE POSITIVE",3.21,7.65270746,989.0,0.9630,6328.00,1
7046035,"K04424.01","Kepler-1603 b","CONFIRMED",0.97,2.27164952,1522.0,1.0620,6274.00,1
4679314,"K04425.01",,"FALSE POSITIVE",0.77,3.84835742,1051.0,0.7980,5709.00,1
8240790,"K04426.01",,"CANDIDATE",2.14,369.13236,328.0,1.4490,6282.00,
5702637,"K04217.01",,"FALSE POSITIVE",114.1,1.0388961,2494.0,1.4500,7043.00,1
8309169,"K04218.01",,"FALSE POSITIVE",1.97,293.76887,271.0,0.8470,6074.00,
4678919,"K04219.01",,"FALSE POSITIVE",0.97,1.87885327,1406.0,0.8630,5851.00,1
5563080,"K04220.01",,"FALSE POSITIVE",1.61,0.785473311,1769.0,0.8710,5356.00,1
6364067,"K04221.01",,"FALSE POSITIVE",1.24,5.2438982,1026.0,0.9270,5804.00,1
4548011,"K04288.02",,"CANDIDATE",0.73,9.08745206,980.0,1.2270,5888.00,2
5983532,"K04289.01",,"FALSE POSITIVE",39.55,441.877824,158.0,0.6350,4437.00,
3439126,"K07655.01",,"FALSE POSITIVE",1.02,2.9761504,811.0,0.6640,4236.00,3
8463346,"K02529.02","Kepler-436 b","CONFIRMED",2.48,64.0019669,322.0,0.6970,4652.00,2
5868793,"K04290.01","Kepler-1582 b","CONFIRMED",0.79,4.83809469,354.0,0.2000,3187.00,1
8483021,"K04291.01",,"FALSE POSITIVE",1.84,361.91436,297.0,1.1470,6247.00,
10063208,"K04292.01","Kepler-1583 b","CONFIRMED",0.59,9.3281912,788.0,0.8880,5525.00,1
7191646,"K04358.01",,"CANDIDATE",2.4,106.957467,394.0,0.9690,6075.00,1
1575873,"K04359.01",,"FALSE POSITIVE",0.81,0.629001455,3375.0,2.0590,6739.00,1
10669994,"K04360.01","Kepler-1594 b","CONFIRMED",1.05,2.71603664,1360.0,1.0410,6011.00,1
7801070,"K04361.01",,"CANDIDATE",3.39,75.8781344,417.0,0.9720,5579.00,1
11449918,"K04362.01",,"FALSE POSITIVE",1.34,374.59003,227.0,0.8270,5497.00,
4172805,"K04427.01",,"CANDIDATE",1.59,147.661729,176.0,0.4900,3788.00,1
5126182,"K04428.01",,"CANDIDATE",1.28,13.00291716,710.0,0.8000,5796.00,1
3750350,"K07665.01",,"FALSE POSITIVE",1.26,319.30633,279.0,1.0140,6095.00,1
8949925,"K02972.02",,"CANDIDATE",2.33,42.0292298,578.0,1.2170,5850.00,2
4584865,"K04429.01",,"FALSE POSITIVE",1.41,1.75254087,2423.0,2.0740,6660.00,1
9642018,"K04430.01",,"CANDIDATE",1.58,0.505111993,1886.0,0.7830,5262.00,1
11968463,"K02433.05",,"FALSE POSITIVE",1.49,0.646745436,2373.0,1.1120,6325.00,5
9183378,"K04222.01","Kepler-1571 b","CONFIRMED",1.63,3.38557445,1476.0,1.4800,5718.00,1
11188254,"K04223.01",,"FALSE POSITIVE",1.68,2.754024,1553.0,1.1880,6419.00,1
1724513,"K04224.01",,"FALSE POSITIVE",1.59,1.975208831,2064.0,1.7440,6401.00,1
9535876,"K04225.01",,"FALSE POSITIVE",19.15,0.960843605,1904.0,1.1290,5708.00,1
5817533,"K04293.01",,"FALSE POSITIVE",0.91,4.206109,999.0,0.8020,5480.00,1
7681230,"K04294.01",,"FALSE POSITIVE",31.51,0.962590772,2026.0,1.0620,6274.00,1
7596240,"K04295.01","Kepler-1584 b","CONFIRMED",1.51,13.3997555,886.0,1.1500,6401.00,1
7661893,"K04296.01",,"CANDIDATE",0.59,2.49385348,1251.0,0.8500,5615.00,1
3448456,"K07656.01",,"FALSE POSITIVE",1.72,0.776950288,1882.0,0.8650,5861.00,1
12107008,"K04297.01",,"FALSE POSITIVE",0.86,5.93725628,891.0,0.7990,5428.00,1
9776794,"K04363.01",,"CANDIDATE",7.45,18.22211768,620.0,0.9580,5162.00,1
7427764,"K04364.01","Kepler-1595 b","CONFIRMED",1.22,4.56383697,980.0,0.8610,5408.00,1
7673192,"K02722.05",,"CANDIDATE",1.17,16.5340022,819.0,1.2020,6052.00,5
4754831,"K04365.01",,"FALSE POSITIVE",1.68,55.119831,622.0,1.5060,6297.00,
4754831,"K04365.02",,"FALSE POSITIVE",1.76,25.6416117,803.0,1.5060,6297.00,
9899630,"K04439.01",,"FALSE POSITIVE",15.89,1.33258455,1680.0,0.9510,6039.00,1
4367528,"K04440.01",,"FALSE POSITIVE",2.86,350.81029,282.0,1.2260,5841.00,
8416523,"K04441.01","Kepler-1604 b","CONFIRMED",1.72,0.341842017,2023.0,0.7470,5016.00,1
11124436,"K04442.01",,"CANDIDATE",2.53,13.9482197,1063.0,2.3460,5529.00,1
5780855,"K04443.01",,"CANDIDATE",1.22,5.67577999,1357.0,1.4380,6681.00,1
3751231,"K07666.01",,"FALSE POSITIVE",1.01,0.570953851,2464.0,1.1450,6238.00,1
9491832,"K04226.01",,"CANDIDATE",1.63,49.564693,588.0,1.4420,5907.00,1
7816665,"K04227.01",,"FALSE POSITIVE",1.87,4.29258258,1161.0,0.9630,6137.00,1
9535881,"K04228.01",,"FALSE POSITIVE",67.53,0.960842633,2808.0,1.5970,7381.00,1
11616596,"K04229.01",,"FALSE POSITIVE",,14.5893928,,,,1
9872831,"K04230.01","Kepler-1572 b","CONFIRMED",1.3,5.49548533,1293.0,1.3920,6157.00,1
2852941,"K04298.01",,"CANDIDATE",1.16,2.89494709,1919.0,1.6840,7087.00,1
8508126,"K04299.01",,"FALSE POSITIVE",26.35,0.980505042,1904.0,1.0590,5794.00,2
12306058,"K02541.02","Kepler-391 c","CONFIRMED",3.6,20.4853893,1015.0,3.3240,4938.00,2
8507475,"K04300.01","Kepler-1585 b","CONFIRMED",1.64,3.58273837,1064.0,0.8720,5448.00,1
8773015,"K04301.01","Kepler-1586 b","CONFIRMED",1.57,15.604841,1013.0,1.7060,6254.00,1
4754831,"K04365.03",,"FALSE POSITIVE",1.64,75.681309,560.0,1.5060,6297.00,
10647452,"K04366.01",,"CANDIDATE",1,0.762950224,1651.0,0.7310,5385.00,1
3531231,"K07657.01",,"FALSE POSITIVE",2.11,62.060783,400.0,0.7840,5526.00,1
4773392,"K04367.01",,"CANDIDATE",4.9,170.995748,463.0,1.9830,6127.00,1
5471489,"K04368.01",,"FALSE POSITIVE",2.37,12.4252735,1299.0,2.5570,6156.00,1
5471489,"K04368.02",,"FALSE POSITIVE",58.67,39.2820405,823.0,2.1360,6143.00,3
9011874,"K04369.01",,"FALSE POSITIVE",,361.54561249,,,,
9936080,"K04431.01",,"CANDIDATE",0.97,19.5650801,791.0,1.2350,6180.00,1
9936080,"K04431.02",,"FALSE POSITIVE",1.87,355.79978,324.0,1.3940,6350.00,
8611344,"K04432.01",,"FALSE POSITIVE",2.09,410.99389,220.0,0.8980,5471.00,
9518651,"K04433.01",,"FALSE POSITIVE",0.64,2.17823752,1473.0,0.9690,6052.00,1
2305311,"K04434.01",,"FALSE POSITIVE",0.86,1.404674486,1126.0,0.6090,4716.00,1
6383595,"K04231.01",,"FALSE POSITIVE",2.24,24.9097436,912.0,1.7570,6596.00,
11080405,"K02442.02","Kepler-386 b","CONFIRMED",1.51,12.3101351,651.0,0.8400,5009.00,2
11509504,"K04232.01","Kepler-1573 b","CONFIRMED",1.06,2.61576515,1379.0,0.9580,6088.00,1
6599949,"K04233.01",,"FALSE POSITIVE",2.1,409.2452,244.0,0.9110,5910.00,1
11611275,"K04234.01","Kepler-1574 b","CONFIRMED",1.34,6.94245216,1003.0,1.0300,6108.00,1
6290935,"K04302.01",,"CANDIDATE",1.05,5.53312006,1303.0,1.4250,6170.00,1
12734396,"K04303.01",,"CANDIDATE",3.32,200.721168,327.0,1.1700,5566.00,1
11612280,"K04304.01","Kepler-1587 b","CONFIRMED",1.14,9.4061364,981.0,1.2680,5855.00,1
5536715,"K04305.01",,"FALSE POSITIVE",1.18,0.935086665,2431.0,1.3480,6762.00,
8149484,"K04306.01",,"FALSE POSITIVE",1.58,1.489457454,2415.0,2.0870,6316.00,1
12407623,"K04370.01",,"FALSE POSITIVE",1.52,1.181165291,1398.0,0.7470,5203.00,1
11444514,"K04371.01","Kepler-1596 b","CONFIRMED",1.99,66.373298,471.0,0.9760,6143.00,1
9886361,"K02732.02","Kepler-403 d","CONFIRMED",1.46,13.61165024,958.0,1.4990,6170.00,2
9702006,"K04372.01","Kepler-1953 b","CONFIRMED",1.06,6.24564633,731.0,0.7070,4858.00,1
6778008,"K04373.01",,"FALSE POSITIVE",0.86,0.945829261,1790.0,0.8590,5959.00,1
8278685,"K04435.01",,"CANDIDATE",1.01,10.8614163,899.0,1.0170,6339.00,1
8308260,"K04436.01",,"FALSE POSITIVE",1.22,0.973160836,1932.0,1.0300,6108.00,1
8492101,"K04437.01",,"FALSE POSITIVE",2.11,4.05943749,1295.0,1.6550,5051.00,1
6103377,"K03004.02",,"CANDIDATE",2.72,7.03965141,1171.0,1.5130,5902.00,2
3660581,"K07662.01",,"CANDIDATE",3.98,4.72519164,2250.0,3.8310,6655.00,2
6343576,"K04438.01",,"FALSE POSITIVE",6.54,6.39903778,1780.0,4.8560,5178.00,1
10794974,"K04235.01",,"CANDIDATE",2.99,66.6434565,476.0,1.1640,5751.00,1
2449101,"K04236.01",,"FALSE POSITIVE",9.67,0.739761008,839.0,0.3500,3417.00,1
7259249,"K04237.01",,"FALSE POSITIVE",1.39,0.950735805,1908.0,1.0050,6039.00,1
8678691,"K04238.01",,"FALSE POSITIVE",4.25,369.819993,201.0,0.8390,4806.00,
9640924,"K04239.01",,"FALSE POSITIVE",1.22,2.17815935,1561.0,1.0980,6258.00,1
3558849,"K04307.01",,"CANDIDATE",3.41,160.850075,413.0,1.5070,5999.00,2
11151677,"K04308.01",,"FALSE POSITIVE",37.33,0.720460644,2240.0,1.0580,6304.00,2
11037128,"K04309.01",,"FALSE POSITIVE",16.1,3.7948721,1083.0,0.7930,5883.00,1
6587002,"K00612.03","Kepler-196 d","CONFIRMED",2.92,122.0804953,297.0,0.7700,5132.00,3
5175024,"K02563.02",,"CANDIDATE",0.81,6.2614227,1146.0,1.1210,6384.00,2
10991114,"K04374.01",,"CANDIDATE",0.86,3.70386741,1012.0,0.7760,5496.00,1
11969092,"K04375.01",,"FALSE POSITIVE",2.48,0.638437699,1709.0,0.8240,5073.00,1
2570773,"K04376.01",,"FALSE POSITIVE",19.96,1.8912851,1061.0,0.7070,4700.00,1
4945764,"K04377.01",,"CANDIDATE",2.49,19.8751355,1061.0,2.0040,6918.00,1
6356885,"K04378.01",,"FALSE POSITIVE",2.15,343.42046,270.0,0.9670,6115.00,
3542542,"K07658.01",,"FALSE POSITIVE",0.85,3.47148164,970.0,0.7160,5297.00,1
11718389,"K04444.01","Kepler-1956 b","CONFIRMED",1.14,5.94373492,674.0,0.6820,4391.00,1
11124703,"K04445.01",,"FALSE POSITIVE",2.1,244.60373,235.0,0.7710,5166.00,
10329196,"K04446.01","Kepler-1605 b","CONFIRMED",2.99,85.7567919,528.0,2.2130,5037.00,1
10604592,"K04447.01","Kepler-1957 b","CONFIRMED",0.98,2.18660188,1099.0,0.7720,4904.00,1
9834731,"K03043.02",,"CANDIDATE",0.73,7.2929891,904.0,0.8560,5959.00,
9593773,"K04240.01",,"FALSE POSITIVE",1.58,3.1339356,1315.0,1.0180,6137.00,1
9285568,"K04241.01","Kepler-1575 b","CONFIRMED",1.25,2.55315031,1312.0,0.9080,5970.00,1
7604328,"K02458.02","Kepler-1245 c","CONFIRMED",1.77,2.936587946,1190.0,0.9090,5455.00,1
9514372,"K04242.01",,"CANDIDATE",1.82,145.786556,331.0,0.9500,5578.00,1
9777757,"K04243.01",,"FALSE POSITIVE",1.45,1.33254212,2694.0,2.2370,6613.00,1
7103919,"K04310.01","Kepler-1950 b","CONFIRMED",1.15,10.7769944,752.0,0.8520,5455.00,1
3762750,"K07668.01",,"CANDIDATE",1.47,2.5093344,1483.0,1.0810,6278.00,1
8645191,"K04311.01",,"FALSE POSITIVE",1.49,0.918921494,1697.0,0.8330,5655.00,1
10722485,"K04312.01","Kepler-1588 b","CONFIRMED",0.81,7.84931877,925.0,0.9900,5678.00,1
9717958,"K04313.01",,"FALSE POSITIVE",82.63,67.7125988,460.0,0.8470,6309.00,2
8128067,"K04314.01",,"FALSE POSITIVE",2.22,12.4285576,669.0,0.7520,5492.00,1
7703910,"K04379.01",,"FALSE POSITIVE",0.84,1.275511306,1739.0,1.0150,5921.00,1
7777818,"K04380.01",,"FALSE POSITIVE",1.7,5.78159956,1475.0,1.8840,6443.00,1
9851360,"K04381.01",,"FALSE POSITIVE",1.26,8.4805019,781.0,0.7370,5555.00,1
9886361,"K02732.04",,"CANDIDATE",1.13,24.5607107,787.0,1.4990,6170.00,4
6937529,"K04382.01","Kepler-1597 b","CONFIRMED",0.89,2.94648935,1497.0,1.1710,6481.00,1
9490653,"K04173.01",,"FALSE POSITIVE",1.17,1.227986164,1673.0,0.9310,5746.00,1
3328027,"K04174.01",,"FALSE POSITIVE",1.29,2.11548883,1426.0,0.9710,5952.00,1
3644631,"K07659.01",,"FALSE POSITIVE",2.37,358.96247,242.0,0.9040,5743.00,1
9640931,"K04175.01",,"FALSE POSITIVE",1.09,2.17815196,1139.0,0.7000,5357.00,1
5125196,"K04176.01",,"FALSE POSITIVE",3.15,342.315407,304.0,1.1640,6425.00,2
9640962,"K04177.01",,"FALSE POSITIVE",1,1.089077224,1458.0,0.8300,5118.00,1
5097454,"K04244.01",,"FALSE POSITIVE",34.84,1.288066288,1310.0,0.6390,5233.00,1
12737015,"K04245.01",,"CANDIDATE",1.76,24.6683831,788.0,1.5540,6059.00,1
3663141,"K07663.01",,"FALSE POSITIVE",0.87,2.31894284,1375.0,1.0000,5780.00,1
5177859,"K04246.01","Kepler-1576 b","CONFIRMED",1.19,6.98472143,1059.0,1.2270,5839.00,1
8482059,"K04247.01",,"CANDIDATE",2.41,349.41047,253.0,0.9450,5878.00,1
4568117,"K04248.01",,"FALSE POSITIVE",0.69,0.562563871,2626.0,1.1450,6577.00,1
10342248,"K04315.01",,"FALSE POSITIVE",0.93,0.93373458,1573.0,0.8040,5335.00,1
9777290,"K04316.01",,"FALSE POSITIVE",1.64,1.33251948,1751.0,1.0580,5926.00,1
8548427,"K04317.01",,"FALSE POSITIVE",1.45,168.84663,329.0,0.9920,5897.00,1
9286088,"K04318.01",,"CANDIDATE",1.57,14.8162925,912.0,1.3250,6356.00,1
6289344,"K04319.01",,"FALSE POSITIVE",4.45,160.4122022,270.0,0.7270,5269.00,1
6937529,"K04382.02",,"CANDIDATE",0.79,3.98167088,1356.0,1.1730,6484.00,
9883606,"K04383.01","Kepler-1598 b","CONFIRMED",0.94,4.34195312,1236.0,1.0900,6164.00,1
5860968,"K04384.01","Kepler-1599 b","CONFIRMED",2.15,122.358116,407.0,1.1390,5998.00,1
3645438,"K04385.01","Kepler-1600 c","CONFIRMED",1.6,7.298142,786.0,0.8340,5119.00,2
8480582,"K04386.01","Kepler-1702 b","CONFIRMED",1.62,18.5010898,555.0,0.7340,5242.00,1
5197233,"K04178.01",,"CANDIDATE",1.72,7.016016,1138.0,1.1360,6642.00,1
10936786,"K04179.01",,"FALSE POSITIVE",1.04,0.569961046,2743.0,1.5490,5814.00,1
7119481,"K00566.03",,"CANDIDATE",1.32,42.068554,541.0,0.9640,6122.00,2
6938264,"K04180.01",,"FALSE POSITIVE",0.6,1.121634781,1225.0,0.7200,4518.00,1
9899315,"K04181.01",,"FALSE POSITIVE",0.97,1.33256979,1692.0,0.9500,6089.00,1
9541089,"K04182.01",,"FALSE POSITIVE",18.45,0.536650896,2163.0,0.8810,5819.00,1
3650049,"K04249.01",,"FALSE POSITIVE",3.05,397.73699,211.0,0.7680,5313.00,1
9641076,"K04250.01",,"FALSE POSITIVE",1.03,2.17818699,1347.0,0.9320,5584.00,1
8741470,"K04251.01",,"CANDIDATE",1.55,6.23968392,1060.0,1.1430,5751.00,1
11125613,"K02485.02","Kepler-1254 c","CONFIRMED",1.36,3.60082855,927.0,0.7960,4838.00,1
10525049,"K04252.01","Kepler-1948 b","CONFIRMED",0.72,15.5714121,399.0,0.5570,3872.00,1
9896018,"K02579.02","Kepler-1859 c","CONFIRMED",1.66,3.59645081,1327.0,1.2350,5887.00,2
5095082,"K04320.01","Kepler-1951 b","CONFIRMED",1.27,20.6579443,728.0,1.3060,5468.00,1
12418891,"K04321.01",,"FALSE POSITIVE",1.18,0.760941405,1817.0,0.8700,5629.00,1
3839294,"K07669.01",,"FALSE POSITIVE",15.41,137.665706,720.0,6.8970,4832.00,1
7698701,"K04322.01",,"FALSE POSITIVE",1.97,370.90237,238.0,0.8470,5835.00,
7698701,"K04322.02",,"FALSE POSITIVE",1.68,321.55087,250.0,0.8470,5835.00,
2830919,"K04387.01",,"FALSE POSITIVE",0.84,1.54038914,1638.0,0.9890,5974.00,1
9588822,"K04388.01",,"FALSE POSITIVE",25.76,71.76236302,665.0,2.8170,5529.00,1
2997459,"K04389.01",,"CANDIDATE",1.27,16.3368863,642.0,0.8590,5410.00,1
8330207,"K04390.01",,"CANDIDATE",103.99,1.63668262,2562.0,3.7390,5234.00,1
5881813,"K02744.02",,"CANDIDATE",2.84,11.615625,905.0,1.4530,5332.00,2
11560897,"K02365.02","Kepler-430 c","CONFIRMED",1.86,110.978266,463.0,1.5290,5883.00,2
10858737,"K04183.01",,"FALSE POSITIVE",1.46,0.952378454,2528.0,1.3750,6963.00,3
6752002,"K04184.01","Kepler-1945 b","CONFIRMED",1.07,6.08003714,808.0,0.8040,4991.00,1
7257966,"K04185.01","Kepler-1946 b","CONFIRMED",3.59,3.035206175,1143.0,0.8730,5505.00,1
3644738,"K07660.01",,"FALSE POSITIVE",2.7,358.96844,263.0,0.9470,6117.00,1
9406892,"K04186.01",,"FALSE POSITIVE",0.95,2.21316437,1374.0,0.8300,5921.00,1
9202434,"K04253.01",,"CANDIDATE",117.29,173.2578372,376.0,1.1620,6392.00,1
8487645,"K04254.01",,"FALSE POSITIVE",1.08,0.530967987,4196.0,2.0520,8473.00,1
10407482,"K04255.01","Kepler-1577 b","CONFIRMED",2.52,6.30558387,1125.0,1.7560,4934.00,1
5817613,"K04256.01",,"FALSE POSITIVE",1.14,4.2058608,1012.0,0.8390,5590.00,1
7901016,"K04257.01",,"CANDIDATE",2.1,41.6757509,690.0,1.7630,5745.00,1
5385410,"K04323.01",,"CANDIDATE",1.59,11.49589567,1057.0,1.5060,6290.00,1
9910942,"K04324.01",,"FALSE POSITIVE",1.35,8.4803326,1390.0,2.1790,6245.00,1
7749002,"K04325.01",,"CANDIDATE",1.12,0.609926502,2141.0,0.9650,5936.00,1
10924340,"K04326.01",,"FALSE POSITIVE",17.07,0.750744255,2074.0,0.9370,6187.00,2
5371777,"K04327.01","Kepler-1589 b","CONFIRMED",1.19,0.991659646,2102.0,1.2440,6117.00,1
3848083,"K07670.01",,"CANDIDATE",1.18,8.4795266,865.0,0.9310,5841.00,1
6359926,"K04391.01",,"CANDIDATE",1.62,49.4746966,498.0,0.9280,5952.00,1
6629993,"K04392.01",,"FALSE POSITIVE",2.86,118.609553,299.0,0.7920,5017.00,1
8324518,"K04393.01",,"CANDIDATE",0.92,1.62888267,1327.0,0.8110,5398.00,1
10427700,"K04394.01",,"FALSE POSITIVE",2.94,0.616386349,3552.0,3.2660,5665.00,1
3103473,"K04395.01",,"CANDIDATE",1.12,1.920062587,1189.0,0.7410,5266.00,1
11296045,"K04396.01",,"FALSE POSITIVE",,88.91323139,,,,
3124598,"K04187.01",,"FALSE POSITIVE",1.42,7.07162308,1162.0,1.2590,6313.00,1
6879171,"K04188.01","Kepler-1947 b","CONFIRMED",1.4,6.96352699,1298.0,1.6860,6040.00,1
9897364,"K04189.01","Kepler-1562 b","CONFIRMED",5.38,64.2729088,554.0,1.2990,6341.00,1
12505503,"K04190.01","Kepler-1563 b","CONFIRMED",0.75,3.4327371,1134.0,0.8810,5757.00,1
3548639,"K04191.01",,"FALSE POSITIVE",2.34,13.8452726,1276.0,2.3240,6845.00,1
4390912,"K07695.01",,"FALSE POSITIVE",8.73,0.687506554,4748.0,7.9060,4643.00,1
7115925,"K04258.01",,"FALSE POSITIVE",0.88,0.566801617,3018.0,1.6930,6287.00,1
5785279,"K04259.01",,"CANDIDATE",0.98,0.909127736,1818.0,0.9960,5486.00,1
7429287,"K04260.01",,"FALSE POSITIVE",1.83,371.63327,316.0,1.5900,5802.00,
10526887,"K04261.01","Kepler-1578 b","CONFIRMED",1.21,1.450889836,1700.0,1.0230,6046.00,1
11125613,"K02485.03","Kepler-1254 d","CONFIRMED",1.4,5.72716067,794.0,0.7960,4838.00,3
3545583,"K04328.01",,"FALSE POSITIVE",2.11,407.59415,266.0,0.9740,6198.00,
9896018,"K02579.03",,"CANDIDATE",1.6,10.30148508,934.0,1.2350,5887.00,3
12456063,"K04329.01",,"CANDIDATE",1.02,17.8007815,816.0,1.2520,6240.00,1
8374741,"K04330.01",,"FALSE POSITIVE",0.95,358.101884,242.0,0.8560,5786.00,
5096053,"K04331.01",,"CANDIDATE",1.45,1.717859841,2212.0,1.7320,6694.00,1
11296045,"K04396.02",,"FALSE POSITIVE",,46.0771501,,,,
11296045,"K04396.03",,"FALSE POSITIVE",,42.62423329,,,,
3247503,"K04397.01",,"FALSE POSITIVE",1.42,0.447861451,2263.0,0.8480,5901.00,1
5802637,"K04398.01",,"CANDIDATE",1.6,7.3422467,837.0,0.8390,5573.00,1
5531694,"K00647.02",,"CANDIDATE",0.92,8.1134681,1127.0,1.4090,6011.00,2
8733898,"K02842.03","Kepler-446 c","CONFIRMED",1.4,3.036208739,520.0,0.3280,3464.00,2
9828127,"K04192.01","Kepler-1564 b","CONFIRMED",1.51,18.0541469,635.0,0.9090,5505.00,1
7107802,"K02420.02",,"CANDIDATE",1.07,5.4675514,1078.0,1.1510,5557.00,2
4281068,"K07689.01",,"FALSE POSITIVE",64.77,1.01530474,2324.0,1.4400,6428.00,1
9092496,"K04193.01",,"FALSE POSITIVE",4.17,94.180473,478.0,1.0000,6997.00,1
5644412,"K04194.01","Kepler-1565 b","CONFIRMED",1.29,1.538185321,1234.0,0.7230,5107.00,1
9959545,"K04195.01",,"FALSE POSITIVE",0.62,1.332567643,1482.0,0.7900,5687.00,1
9641144,"K04262.01",,"FALSE POSITIVE",0.75,1.089076495,2016.0,1.0790,6444.00,1
8572168,"K04263.01",,"FALSE POSITIVE",2.16,1.662710314,2307.0,2.2440,6028.00,1
4472143,"K07696.01",,"FALSE POSITIVE",2.01,472.071079,268.0,1.2530,6186.00,1
12509829,"K04264.01",,"CANDIDATE",1.51,0.888478095,1665.0,0.8060,5553.00,1
7368137,"K04265.01",,"FALSE POSITIVE",0.7,2.18242002,1283.0,0.7860,5808.00,1
9027841,"K04266.01",,"FALSE POSITIVE",2.97,0.503999678,1605.0,0.5680,4898.00,1
8953414,"K04332.01",,"FALSE POSITIVE",0.98,2.66588544,1041.0,0.7710,4965.00,1
2576962,"K04333.01",,"CANDIDATE",2.18,309.25581,287.0,1.0570,6060.00,
10140274,"K04334.01",,"CANDIDATE",1.1,2.44232399,1029.0,0.7380,4849.00,1
10730070,"K04335.01","Kepler-1590 b","CONFIRMED",1,7.61758198,1020.0,1.0720,6202.00,1
4458109,"K04336.01",,"FALSE POSITIVE",1.09,41.477908,849.0,1.9180,6935.00,
8345384,"K04399.01",,"CANDIDATE",1.42,42.1003351,466.0,0.8200,5595.00,1
2831055,"K04400.01","Kepler-1601 b","CONFIRMED",0.84,2.20923119,1507.0,1.0920,5991.00,1
11044826,"K04401.01",,"FALSE POSITIVE",1.35,260.54832,318.0,1.0400,6412.00,
6681687,"K04402.01",,"FALSE POSITIVE",2.37,370.47678,252.0,0.8960,6050.00,
7703882,"K04403.01","Kepler-1954 b","CONFIRMED",1.27,5.88350251,949.0,0.8490,5840.00,1
8179190,"K04196.01",,"FALSE POSITIVE",8.3,0.662457501,3295.0,2.1600,6425.00,2
9777724,"K04197.01",,"FALSE POSITIVE",1.25,1.33258458,1868.0,1.0860,6384.00,1
9072639,"K04198.01",,"CANDIDATE",1.26,1.182862515,2800.0,2.6390,6017.00,1
5340878,"K04199.01","Kepler-1566 b","CONFIRMED",0.82,0.539915033,1871.0,0.8370,5102.00,1
10273903,"K04200.01",,"FALSE POSITIVE",74.14,372.54353,226.0,0.8360,5561.00,
7450747,"K04267.01","Kepler-1949 b","CONFIRMED",1.36,2.20829637,1709.0,1.4540,6028.00,1
7826620,"K04268.01","Kepler-1579 b","CONFIRMED",0.59,0.849906734,1139.0,0.5050,4296.00,1
8890924,"K04269.01","Kepler-1993 b","CONFIRMED",4.15,26.6565737,903.0,3.0620,5159.00,1
8890924,"K04269.02",,"CANDIDATE",1.74,4.4408541,1642.0,3.0620,5159.00,2
8483241,"K04270.01",,"FALSE POSITIVE",67.13,373.72257,262.0,1.0080,6004.00,
8573193,"K04337.01","Kepler-1591 b","CONFIRMED",0.93,8.18504859,892.0,0.9060,5984.00,1
9240664,"K04338.01",,"FALSE POSITIVE",75.04,10.78438513,1397.0,3.5150,5575.00,1
7673841,"K02585.02","Kepler-392 c","CONFIRMED",1.07,10.42317343,901.0,1.1350,5767.00,2
7281411,"K04339.01",,"FALSE POSITIVE",0.85,0.566804221,1737.0,0.6400,5277.00,1
6528141,"K04340.01",,"FALSE POSITIVE",1.15,2.022658,1482.0,0.9670,6091.00,1
8106112,"K04404.01",,"FALSE POSITIVE",1.47,316.57747,255.0,0.8980,5822.00,
4054784,"K07679.01",,"CANDIDATE",0.7,1.8679943,1291.0,0.8150,5487.00,1
10745365,"K04405.01",,"CANDIDATE",1.39,8.9172863,931.0,0.9860,6210.00,1
5563937,"K04406.01",,"FALSE POSITIVE",20.48,0.519437968,2402.0,1.0060,6181.00,1
8396660,"K04407.01",,"CANDIDATE",0.6,1.33807075,2008.0,1.3190,6355.00,1
10736179,"K04408.01",,"FALSE POSITIVE",0.89,1.105095798,1445.0,0.7520,5296.00,1
6119921,"K04201.01",,"FALSE POSITIVE",1.98,245.01902,310.0,1.0100,6167.00,
5084171,"K04202.01","Kepler-1567 b","CONFIRMED",2.53,153.979362,330.0,0.9030,5858.00,1
4141587,"K07684.01",,"FALSE POSITIVE",24.43,10.2239787,2364.0,16.8230,4673.00,1
11968463,"K02433.03","Kepler-385 d","CONFIRMED",2.9,56.4148314,535.0,1.1120,6325.00,3
3834317,"K04203.01",,"FALSE POSITIVE",3.29,2.18079098,2767.0,3.3390,6911.00,1
10593535,"K04204.01","Kepler-1568 b","CONFIRMED",1.26,20.9254083,729.0,1.2100,5821.00,1
5959719,"K02498.02","Kepler-390 c","CONFIRMED",0.8,13.0600399,630.0,0.7690,5168.00,2
5992210,"K04271.01",,"FALSE POSITIVE",0.86,0.641069613,2196.0,0.9610,6077.00,1
4284980,"K07690.01",,"FALSE POSITIVE",0.89,2.2430415,1344.0,0.8910,5897.00,1
9302543,"K04272.01",,"FALSE POSITIVE",5.5,1.21475168,3302.0,3.2760,6732.00,1
9716028,"K04273.01",,"CANDIDATE",1.31,17.3731821,901.0,1.5400,6180.00,1
6223324,"K04274.01",,"CANDIDATE",1.08,1.97507424,1477.0,0.9470,6065.00,1
9701962,"K04617.01","Kepler-1617 b","CONFIRMED",1.52,27.4784659,736.0,1.7070,5432.00,1
6685646,"K04618.01",,"FALSE POSITIVE",1.46,244.86662,273.0,0.8480,5821.00,
4574319,"K07697.01",,"FALSE POSITIVE",0.87,1.30627214,1490.0,0.8620,5513.00,1
7741837,"K04619.01",,"FALSE POSITIVE",1.88,62.366706,698.0,1.9000,6749.00,
11137065,"K04620.01",,"FALSE POSITIVE",0.9,0.933732791,1773.0,0.9270,5496.00,1
11093335,"K04621.01",,"FALSE POSITIVE",2.2,53.106597,860.0,2.3430,7217.00,
9394768,"K04690.01",,"FALSE POSITIVE",2.99,360.15417,270.0,1.0610,6065.00,
9773980,"K04691.01",,"CANDIDATE",1.09,3.3879165,1336.0,1.2450,5702.00,1
10972902,"K04692.01",,"FALSE POSITIVE",0.64,1.42856815,1547.0,0.8220,5979.00,1
3832474,"K00806.04",,"FALSE POSITIVE",3.59,381.850599,222.0,0.8670,5485.00,
12004971,"K03194.01",,"FALSE POSITIVE",1.46,10.81315417,1045.0,1.4600,6380.00,1
3644602,"K04479.01",,"FALSE POSITIVE",29.15,359.08368,268.0,0.9320,6256.00,1
10467714,"K04480.01",,"CANDIDATE",1.75,58.7488629,425.0,0.8050,5574.00,1
11912941,"K04481.01",,"FALSE POSITIVE",1.08,3.74784374,1226.0,0.9960,6122.00,1
4141593,"K07685.01",,"CANDIDATE",1.35,64.740274,518.0,1.1770,5999.00,1
7778427,"K04482.01",,"CANDIDATE",0.78,5.38299284,1253.0,1.2930,6256.00,1
6525106,"K04483.01",,"FALSE POSITIVE",0.91,1.71028117,1454.0,0.8550,5910.00,1
6523058,"K04549.01",,"CANDIDATE",1.16,2.0481582,1346.0,0.8600,5799.00,1
5977470,"K04550.01","Kepler-1653 b","CONFIRMED",1.84,140.251943,271.0,0.7880,4821.00,1
11769689,"K04551.01",,"CANDIDATE",1.25,14.7179342,784.0,1.0180,6102.00,1
4355503,"K07691.01",,"FALSE POSITIVE",0.54,0.570828503,986.0,0.3880,3585.00,3
6119923,"K04552.01",,"FALSE POSITIVE",2.48,134.4665,280.0,0.7910,4891.00,
6126076,"K04553.01",,"FALSE POSITIVE",0.99,0.909314811,2503.0,1.4470,6508.00,1
11284772,"K04622.01","Kepler-441 b","CONFIRMED",1.56,207.24785,189.0,0.5530,4339.00,1
9209183,"K04623.01",,"FALSE POSITIVE",1.86,186.55347,341.0,1.0060,6187.00,
6153407,"K03179.01","Kepler-1911 b","CONFIRMED",1.03,5.99078221,987.0,0.9720,5721.00,1
5955621,"K04624.01",,"FALSE POSITIVE",1.04,14.0801852,798.0,1.0890,5984.00,1
11519187,"K04625.01","Kepler-1964 b","CONFIRMED",21.29,2.440839436,986.0,0.6980,4803.00,1
8417078,"K04693.01","Kepler-1619 b","CONFIRMED",1.07,23.6223571,797.0,1.3930,6144.00,1
9457948,"K04694.01",,"CANDIDATE",1.24,19.2527652,740.0,1.0460,6258.00,1
4852297,"K04695.01",,"FALSE POSITIVE",50.51,3.28931936,1364.0,1.0720,6335.00,1
9851845,"K04696.01",,"FALSE POSITIVE",0.47,1.08195208,1526.0,0.8240,5233.00,1
9474483,"K04697.01",,"FALSE POSITIVE",1.07,0.512583041,2363.0,0.9990,6077.00,1
4072271,"K07680.01",,"CANDIDATE",2.66,219.20579,456.0,1.7850,6990.00,1
9898017,"K04484.01","Kepler-1960 b","CONFIRMED",0.98,2.29794819,1547.0,1.0720,6371.00,1
8613218,"K04485.01",,"FALSE POSITIVE",2.11,368.11581,263.0,0.9640,6122.00,
8548069,"K04486.01",,"FALSE POSITIVE",3.05,368.52466,288.0,1.1370,6343.00,
6278762,"K03158.02","Kepler-444 c","CONFIRMED",0.65,4.54586982,868.0,0.7210,5051.00,4
8098212,"K04487.01",,"CANDIDATE",0.72,3.48754109,988.0,0.7830,5252.00,1
3127911,"K03164.01",,"FALSE POSITIVE",2.25,0.542498653,5157.0,2.9540,8711.00,
6369131,"K04554.01",,"CANDIDATE",2.61,8.0772455,1228.0,2.0320,5684.00,1
7820699,"K04555.01",,"CANDIDATE",1.39,364.08733,211.0,0.7270,5376.00,1
10399321,"K04556.01",,"FALSE POSITIVE",0.91,21.5819776,746.0,1.3420,5601.00,1
10257229,"K04557.01",,"CANDIDATE",0.83,5.75651958,1089.0,1.0240,6208.00,1
3539231,"K04626.01",,"CANDIDATE",2.66,91.95723,497.0,1.5280,5854.00,1
6311891,"K04627.01",,"CANDIDATE",1.19,7.51731745,861.0,0.9230,5525.00,1
7837733,"K04628.01",,"FALSE POSITIVE",1.2,3.08723626,1451.0,1.1710,6418.00,1
2578017,"K04629.01",,"FALSE POSITIVE",25.97,0.592562969,1967.0,0.8040,5728.00,1
7834045,"K04630.01",,"CANDIDATE",2.46,44.6966177,637.0,1.5180,5929.00,1
10663738,"K04698.01",,"CANDIDATE",1.28,8.5275894,1049.0,1.1930,6469.00,1
7891294,"K04699.01",,"CANDIDATE",1.08,3.07714195,1493.0,1.3360,6108.00,1
9413156,"K04700.01",,"CANDIDATE",1.2,3.83488354,1003.0,0.7750,5515.00,1
8625732,"K04701.01",,"FALSE POSITIVE",0.95,31.97181,521.0,0.8530,5632.00,1
2831251,"K04702.01",,"FALSE POSITIVE",0.93,5.81289843,1102.0,1.0410,6175.00,1
6721380,"K04488.01",,"FALSE POSITIVE",1.41,6.44173995,1175.0,1.3390,6088.00,1
7694615,"K04489.01",,"FALSE POSITIVE",0.63,0.631106722,1945.0,0.8980,5400.00,1
6201203,"K04490.01",,"FALSE POSITIVE",1.76,176.17377,323.0,0.9370,5957.00,
4556468,"K04491.01","Kepler-1609 b","CONFIRMED",2.09,114.336052,429.0,1.3160,5802.00,1
9222516,"K04492.01",,"FALSE POSITIVE",51.53,0.63938062,2566.0,1.2040,6607.00,1
5431027,"K04558.01",,"CANDIDATE",1.13,8.8233996,929.0,1.1210,5602.00,1
7285673,"K04559.01",,"FALSE POSITIVE",1.42,0.566801045,2348.0,0.9820,6106.00,1
5282437,"K04560.01",,"FALSE POSITIVE",40.12,0.992799002,1933.0,0.9890,6217.00,
7747457,"K04561.01","Kepler-1613 b","CONFIRMED",1.85,1.5184181,1926.0,1.2690,6302.00,1
8652360,"K04562.01",,"FALSE POSITIVE",0.72,0.96807117,1487.0,0.6870,5367.00,2
9602421,"K04631.01",,"FALSE POSITIVE",0.72,3.55661906,1518.0,1.4580,6018.00,1
6070337,"K04632.01",,"CANDIDATE",13.25,40.0691482,458.0,0.7620,5485.00,1
5954001,"K04633.01",,"CANDIDATE",1.12,11.6933447,950.0,1.3540,6049.00,1
4373195,"K07692.01",,"FALSE POSITIVE",0.63,0.56256804,5127.0,2.7730,9005.00,1
5090937,"K03182.01",,"FALSE POSITIVE",224.56,8.79991878,1979.0,3.2670,8092.00,
8196226,"K04634.01",,"CANDIDATE",0.98,4.02745396,1250.0,1.0410,6174.00,1
9002538,"K03196.01",,"CANDIDATE",0.59,4.96061094,1272.0,1.2980,6117.00,1
6359175,"K04703.01",,"FALSE POSITIVE",2.27,349.03703,231.0,0.8240,5583.00,
8104207,"K04704.01",,"FALSE POSITIVE",1.83,177.8135,310.0,0.8980,5822.00,
5642688,"K04705.01",,"CANDIDATE",1.03,1.4733245,1576.0,0.9210,5751.00,1
10026502,"K04706.01","Kepler-1620 b","CONFIRMED",1.31,101.952048,428.0,1.0540,6210.00,1
3953173,"K04493.01",,"FALSE POSITIVE",0.53,2.41795911,878.0,0.5340,4623.00,1
8037926,"K04494.01",,"FALSE POSITIVE",2.4,183.854867,345.0,1.0310,6225.00,
5552562,"K04495.01",,"CANDIDATE",1.39,5.93218209,1000.0,0.9770,5843.00,1
6186182,"K04496.01",,"CANDIDATE",2.41,96.384483,400.0,1.0000,5919.00,1
4073017,"K07681.01",,"CANDIDATE",0.92,6.05552018,844.0,0.8050,5352.00,1
9002278,"K00701.05","Kepler-62 c","CONFIRMED",0.57,12.4418003,576.0,0.6620,4926.00,5
10585749,"K04563.01",,"CANDIDATE",1.7,54.333582,513.0,1.2210,5500.00,1
9579208,"K03165.01",,"CANDIDATE",1.02,4.11754421,1581.0,1.7260,6263.00,1
6437617,"K04564.01",,"FALSE POSITIVE",1.37,293.60581,295.0,1.0640,6167.00,
8453851,"K04565.01",,"FALSE POSITIVE",0.91,2.78801663,2287.0,2.2060,7523.00,1
11650401,"K04566.01","Kepler-1614 b","CONFIRMED",1.4,3.94660745,981.0,0.8060,5376.00,1
9873759,"K04635.01",,"FALSE POSITIVE",0.82,4.99473798,917.0,0.8190,5406.00,1
9773270,"K04636.01",,"CANDIDATE",6.13,122.749053,348.0,0.9760,5619.00,1
9457728,"K04637.01",,"CANDIDATE",0.81,4.37992345,1608.0,1.9180,6311.00,1
9516728,"K04638.01",,"FALSE POSITIVE",1.98,368.48518,283.0,1.0960,6140.00,
4825872,"K04639.01",,"FALSE POSITIVE",2.66,169.894419,492.0,1.9610,6382.00,
4680772,"K04707.01",,"FALSE POSITIVE",1.05,26.190289,793.0,1.4410,6434.00,1
8110733,"K04708.01",,"FALSE POSITIVE",2.07,203.511886,442.0,1.5650,6967.00,
2303903,"K04709.01",,"CANDIDATE",1.33,3.70858595,995.0,0.7710,5420.00,1
9278216,"K04710.01",,"CANDIDATE",1.3,9.4527721,832.0,0.8570,5973.00,1
8355131,"K04711.01",,"CANDIDATE",1.08,4.3638313,976.0,0.7630,5623.00,1
6278762,"K03158.03","Kepler-444 d","CONFIRMED",0.65,6.18943952,783.0,0.7210,5051.00,3
12645057,"K04497.01",,"CANDIDATE",1.09,6.83006228,882.0,0.8000,5807.00,1
4844367,"K04498.01",,"CANDIDATE",22.42,17.1622587,674.0,0.9390,5729.00,1
10937749,"K04499.01",,"CANDIDATE",1.04,5.19898615,1035.0,0.8670,6058.00,1
9100953,"K04500.01","Kepler-1610 b","CONFIRMED",1.37,8.70179611,750.0,0.8000,5295.00,1
8332521,"K04567.01",,"CANDIDATE",8.1,14.74426,784.0,0.9870,6146.00,2
10407086,"K04568.01",,"FALSE POSITIVE",1.24,0.933747395,2596.0,2.1740,5574.00,1
4073089,"K07682.01",,"FALSE POSITIVE",76.18,58.873429,679.0,1.5680,7078.00,1
6065351,"K04569.01",,"FALSE POSITIVE",238.66,14.1166583,1205.0,2.2380,6526.00,
4060229,"K04570.01",,"CANDIDATE",2.13,35.0175053,617.0,1.1230,5944.00,1
6761777,"K04571.01","Kepler-1615 b","CONFIRMED",3.71,47.3128645,658.0,1.8760,5749.00,1
4825872,"K04639.02",,"FALSE POSITIVE",1.93,29.6990126,880.0,1.9610,6382.00,
9412623,"K04640.01","Kepler-1618 b","CONFIRMED",1.06,6.1082945,1267.0,1.2890,6720.00,1
3644505,"K04641.01",,"FALSE POSITIVE",1.26,119.72007,410.0,1.1760,5963.00,1
4664743,"K04642.01",,"FALSE POSITIVE",0.86,1.27839331,2853.0,1.9180,7758.00,1
4735826,"K03184.01","Kepler-1972 b","CONFIRMED",0.68,7.545922037,1084.0,1.3760,5788.00,1
6593734,"K04722.01",,"FALSE POSITIVE",19.91,0.58675746,2157.0,0.9380,5942.00,1
8443527,"K03197.01",,"CANDIDATE",0.96,22.599501,734.0,1.0870,6335.00,1
9711297,"K04723.01",,"FALSE POSITIVE",4.45,373.74856,287.0,1.1370,6343.00,
8395860,"K04724.01",,"FALSE POSITIVE",3.63,20.8822079,661.0,1.0000,5780.00,1
7778621,"K04725.01","Kepler-1967 b","CONFIRMED",2.59,7.28171395,1086.0,1.8060,4970.00,1
5956354,"K04726.01",,"FALSE POSITIVE",1.18,8.0386699,926.0,0.9750,6018.00,1
9100953,"K04500.02","Kepler-1610 c","CONFIRMED",2.09,44.9851885,433.0,0.8000,5295.00,2
8109107,"K04501.01",,"FALSE POSITIVE",1.62,6.67410577,1022.0,1.0410,5949.00,1
6200529,"K04502.01",,"FALSE POSITIVE",1.67,374.92478,171.0,0.6900,4407.00,
10907132,"K04503.01",,"CANDIDATE",1.54,5.89089509,985.0,0.9420,5869.00,1
6520753,"K04504.01",,"CANDIDATE",1.44,4.13029832,995.0,0.8100,5490.00,1
6929285,"K04572.01",,"FALSE POSITIVE",0.9,4.60690612,950.0,0.7750,5529.00,1
4848321,"K04573.01",,"FALSE POSITIVE",0.93,1.50178705,1617.0,0.9870,5964.00,1
12255382,"K03167.01",,"FALSE POSITIVE",0.5,0.499664962,2056.0,0.8550,5570.00,1
6522745,"K04574.01",,"FALSE POSITIVE",32.01,17.4453935,770.0,1.0630,6260.00,1
9893468,"K04575.01",,"CANDIDATE",1.98,201.325036,410.0,1.6990,6120.00,1
11655826,"K04643.01",,"CANDIDATE",1.43,5.59346375,1008.0,0.9330,5874.00,1
1721157,"K04644.01",,"CANDIDATE",1.23,3.44928111,966.0,0.7810,5119.00,1
11076276,"K04645.01",,"FALSE POSITIVE",0.93,1.4725859,1662.0,0.9990,6077.00,1
12012439,"K04646.01",,"FALSE POSITIVE",1.1,2.97607935,1144.0,0.8650,5547.00,
9947653,"K04647.01",,"CANDIDATE",1.97,37.9043889,693.0,1.9640,5303.00,1
4374610,"K04712.01",,"FALSE POSITIVE",1.08,1.44438449,1980.0,1.2130,6667.00,1
9002538,"K03196.02",,"CANDIDATE",0.77,6.88297756,1141.0,1.2980,6117.00,2
5253802,"K04713.01",,"CANDIDATE",1.36,8.7963166,882.0,1.0000,5780.00,1
12554634,"K04714.01",,"CANDIDATE",1.08,2.049602348,1203.0,0.7800,5356.00,1
6264750,"K04715.01",,"CANDIDATE",1.44,53.285584,537.0,1.0570,6015.00,1
11290515,"K04716.01",,"CANDIDATE",0.61,5.8943338,1092.0,1.1450,5929.00,1
6520753,"K04504.02",,"CANDIDATE",1.5,8.119343,794.0,0.8100,5490.00,2
6278762,"K03158.04","Kepler-444 e","CONFIRMED",0.62,7.74347801,727.0,0.7210,5051.00,2
8493354,"K04505.01",,"CANDIDATE",1.05,18.0071438,799.0,1.1670,6173.00,1
4545570,"K04506.01","Kepler-1961 b","CONFIRMED",1.11,5.60473115,866.0,0.7770,5401.00,1
7598111,"K04507.01",,"FALSE POSITIVE",10.38,132.778041,357.0,1.0000,5780.00,1
5457326,"K04508.01",,"CANDIDATE",1.02,2.49915311,983.0,0.7200,4705.00,1
8240746,"K04576.01",,"FALSE POSITIVE",1.53,184.568,282.0,0.7500,5680.00,
10610039,"K04577.01",,"CANDIDATE",1.83,105.997107,373.0,0.8310,6068.00,1
9652655,"K04578.01",,"FALSE POSITIVE",1.05,2.48882685,1477.0,1.0920,6246.00,1
10140843,"K04579.01",,"FALSE POSITIVE",1.08,367.19796,253.0,0.8890,6054.00,
8628761,"K04580.01",,"CANDIDATE",1.23,6.30432354,1510.0,1.8360,6728.00,1
10473272,"K04648.01",,"FALSE POSITIVE",1.76,17.6604653,690.0,0.9400,5910.00,1
4750669,"K04649.01",,"CANDIDATE",1.2,3.38419892,1074.0,0.7950,5613.00,1
9824928,"K04650.01",,"FALSE POSITIVE",0.55,1.69999106,934.0,0.5540,4289.00,1
6717252,"K04651.01",,"CANDIDATE",0.77,1.19260017,1726.0,1.0130,5600.00,1
5817685,"K04652.01",,"FALSE POSITIVE",0.75,4.2059745,1263.0,1.1630,5960.00,1
4902202,"K04717.01",,"CANDIDATE",3.61,216.456055,320.0,1.1550,5645.00,1
7282042,"K04718.01",,"FALSE POSITIVE",0.54,0.566803216,2642.0,1.1820,6473.00,1
7523542,"K04719.01",,"FALSE POSITIVE",1.86,365.13981,228.0,0.8150,5610.00,
3109937,"K04720.01",,"FALSE POSITIVE",1.79,37.809539,483.0,0.8200,5595.00,1
9386171,"K04721.01",,"FALSE POSITIVE",2.29,381.18654,193.0,0.7340,4977.00,
11350118,"K04509.01",,"CANDIDATE",0.97,12.003678,503.0,0.5940,4328.00,1
11671579,"K04510.01","Kepler-1611 b","CONFIRMED",1.31,5.17624997,1243.0,1.4970,5578.00,1
11553598,"K04511.01",,"FALSE POSITIVE",2.12,370.62071,295.0,1.1360,6432.00,
12069414,"K04512.01",,"FALSE POSITIVE",0.98,0.589458602,1848.0,0.7760,5286.00,1
9216775,"K04513.01","Kepler-1612 b","CONFIRMED",0.94,3.91794676,1030.0,0.8700,5500.00,1
2572029,"K04581.01",,"CANDIDATE",0.73,6.0059966,1130.0,1.1600,6103.00,1
7905106,"K04582.01",,"CANDIDATE",0.35,4.22426989,1069.0,0.8830,5735.00,1
9007151,"K04583.01",,"CANDIDATE",2.05,330.906041,225.0,0.7690,5461.00,
4450844,"K03168.01",,"CANDIDATE",1.06,56.3479517,586.0,1.4710,5843.00,1
8443265,"K04584.01",,"FALSE POSITIVE",0.82,0.614701901,1656.0,0.7240,4954.00,
3240406,"K03185.01",,"FALSE POSITIVE",0.79,0.934181579,3268.0,2.1520,7624.00,1
11181260,"K04653.01",,"CANDIDATE",1.07,19.9778599,773.0,1.1620,6392.00,1
5090803,"K04654.01",,"FALSE POSITIVE",1.2,379.65261,330.0,1.3020,6471.00,
2558163,"K04655.01",,"CANDIDATE",1.15,17.543847,658.0,0.7910,5957.00,1
8107611,"K04656.01",,"CANDIDATE",1.39,3.8183717,1683.0,1.6920,6738.00,1
8377197,"K04727.01",,"FALSE POSITIVE",0.87,1.215181097,2230.0,1.3650,6717.00,1
6137779,"K04728.01",,"FALSE POSITIVE",1.47,21.5324915,876.0,1.4100,6737.00,1
11913072,"K04729.01",,"FALSE POSITIVE",1.06,3.74779583,1324.0,1.1110,6341.00,1
8752940,"K04730.01",,"CANDIDATE",3.69,9.07829171,984.0,1.6110,5086.00,1
9083470,"K04731.01",,"FALSE POSITIVE",16.07,0.91842238,1525.0,0.7400,5288.00,1
5783732,"K04514.01",,"FALSE POSITIVE",1.48,373.43233,290.0,1.1410,6146.00,1
6278762,"K03158.05","Kepler-444 f","CONFIRMED",0.95,9.74048508,673.0,0.7210,5051.00,1
7900100,"K04515.01",,"FALSE POSITIVE",2.2,397.73781,264.0,1.0200,6194.00,
9849884,"K04516.01",,"FALSE POSITIVE",1.65,5.35745121,1457.0,1.8600,6123.00,1
11243547,"K04517.01",,"FALSE POSITIVE",0.5,2.16132662,687.0,0.4300,3754.00,1
4384909,"K07693.01",,"CANDIDATE",1.4,6.41097179,886.0,0.9330,5383.00,1
9009036,"K04585.01","Kepler-1616 b","CONFIRMED",1.21,6.76289308,1337.0,1.6300,6547.00,1
11506654,"K04586.01",,"CANDIDATE",2.83,75.2116373,516.0,1.5000,5818.00,1
5687700,"K04587.01",,"CANDIDATE",1.12,6.36283414,956.0,0.8830,5955.00,1
8806985,"K04588.01",,"CANDIDATE",0.93,7.53737498,1210.0,1.4360,6483.00,1
10491525,"K04589.01",,"FALSE POSITIVE",1.73,1.09844642,2921.0,2.3910,6403.00,1
3859042,"K07675.01",,"FALSE POSITIVE",1.22,25.94947,508.0,0.7480,5348.00,1
6527078,"K04657.01",,"CANDIDATE",0.54,7.57600886,778.0,0.7740,5361.00,1
4946049,"K04658.01",,"FALSE POSITIVE",1.9,1.8789138,3330.0,3.3390,8046.00,1
2857607,"K04659.01","Kepler-1965 b","CONFIRMED",1.25,41.8681996,492.0,0.8370,5852.00,1
5559651,"K04660.01",,"FALSE POSITIVE",0.57,0.514771509,2113.0,0.8700,5730.00,1
5962262,"K04661.01","Kepler-1966 b","CONFIRMED",1.01,8.61742738,733.0,0.8400,5009.00,1
5437348,"K04448.01",,"FALSE POSITIVE",1.5,35.945188,789.0,1.7440,6578.00,
8429668,"K04449.01",,"FALSE POSITIVE",1.68,5.00749378,1499.0,2.2430,5242.00,1
7429240,"K04450.01","Kepler-1606 b","CONFIRMED",2.33,196.436796,292.0,0.9460,5462.00,1
10120548,"K04451.01",,"CANDIDATE",1.32,8.8303681,676.0,0.7060,5051.00,1
4474462,"K04452.01",,"CANDIDATE",1.23,12.85755895,860.0,1.1560,5860.00,1
7032001,"K04518.01",,"FALSE POSITIVE",0.52,0.566810643,1976.0,0.7580,5776.00,1
4141593,"K07685.02",,"CANDIDATE",1.08,33.502923,645.0,1.1770,5999.00,2
10003058,"K04519.01",,"CANDIDATE",5.97,148.568877,555.0,2.9850,5814.00,1
9031703,"K04520.01",,"CANDIDATE",1.69,9.3335486,1082.0,1.8630,5354.00,1
6199864,"K04521.01",,"FALSE POSITIVE",1.92,262.477098,178.0,0.6200,4227.00,
9577855,"K04522.01",,"FALSE POSITIVE",1.06,2.21030572,1572.0,1.0900,6355.00,1
12204137,"K04590.01",,"CANDIDATE",1.75,9.54060855,735.0,0.8310,5271.00,1
4386607,"K07694.01",,"FALSE POSITIVE",1.23,5.99321872,952.0,0.8680,5853.00,1
5389956,"K04591.01",,"CANDIDATE",0.89,1.80926734,1444.0,0.8910,5897.00,1
12108364,"K04592.01",,"FALSE POSITIVE",1.04,0.70544189,1960.0,0.8970,5838.00,1
8295671,"K04593.01",,"FALSE POSITIVE",1.21,0.981399749,1820.0,0.8980,6038.00,1
10662202,"K00750.02",,"CANDIDATE",1.18,5.04413987,862.0,0.8280,4954.00,2
10407210,"K04662.01",,"FALSE POSITIVE",0.72,0.933728755,2777.0,1.8630,6652.00,1
7457278,"K03188.01",,"FALSE POSITIVE",1.61,12.607591424,809.0,1.0020,6047.00,1
3934657,"K07676.01",,"CANDIDATE",0.62,5.3694084,974.0,0.8690,5753.00,1
7515336,"K04663.01",,"CANDIDATE",0.74,5.65690281,1159.0,1.3200,5687.00,1
8984755,"K04664.01",,"FALSE POSITIVE",0.86,0.734573766,2061.0,1.0510,5602.00,1
7366895,"K04665.01",,"FALSE POSITIVE",1.5,289.86046,279.0,0.9710,5914.00,1
10729472,"K04453.01",,"FALSE POSITIVE",1.62,357.13089,246.0,0.8970,5838.00,
6200612,"K04454.01",,"FALSE POSITIVE",2.06,370.50684,277.0,0.9990,6360.00,
9777200,"K04455.01",,"FALSE POSITIVE",2.18,1.332580225,3111.0,3.0960,6858.00,1
3557560,"K04456.01",,"CANDIDATE",1.81,7.4299322,1024.0,1.2520,5635.00,1
12109267,"K04457.01",,"CANDIDATE",1.56,79.334347,500.0,1.1500,6384.00,1
8700895,"K04523.01",,"CANDIDATE",1.03,5.68251605,1090.0,1.1570,5753.00,1
5003670,"K04524.01","Kepler-1962 b","CONFIRMED",1.53,7.99144696,901.0,1.0060,5700.00,1
5200084,"K03159.01",,"FALSE POSITIVE",1.17,2.9039446,2637.0,3.0500,7846.00,1
4144873,"K07686.01",,"FALSE POSITIVE",25.77,68.538296,1031.0,8.1230,4687.00,1
5003670,"K04524.02",,"CANDIDATE",1.02,4.52628739,1089.0,1.0060,5700.00,2
9171886,"K04525.01",,"FALSE POSITIVE",2.53,369.7985,225.0,0.7570,5680.00,
3337061,"K03172.02",,"FALSE POSITIVE",0.7,6.5588346,973.0,1.0000,5780.00,
5696918,"K04594.01",,"FALSE POSITIVE",0.35,0.643007769,1070.0,0.4210,3925.00,1
12265786,"K04595.01",,"CANDIDATE",1.09,0.597018404,1578.0,0.6300,4985.00,1
8487838,"K04596.01",,"FALSE POSITIVE",0.68,1.061937837,1757.0,0.9410,5893.00,1
10873178,"K04597.01",,"CANDIDATE",0.78,4.82025124,1018.0,0.7770,6035.00,1
11337012,"K04666.01",,"CANDIDATE",1.49,12.4019263,713.0,0.8320,5555.00,1
8359569,"K04667.01",,"CANDIDATE",2.45,152.823896,395.0,1.1370,6452.00,1
8937762,"K04668.01",,"FALSE POSITIVE",1.73,15.07277287,635.0,0.7710,5521.00,1
2720828,"K04669.01",,"FALSE POSITIVE",1.17,1.71659304,1607.0,0.9870,6192.00,1
9837828,"K04670.01",,"CANDIDATE",89.29,6.80899076,795.0,0.8540,4992.00,1
4857058,"K03061.02",,"CANDIDATE",1.17,77.915425,367.0,0.8740,5135.00,2
8652577,"K04458.01",,"FALSE POSITIVE",2.66,358.818895,262.0,0.9180,6056.00,1
8804937,"K04459.01",,"FALSE POSITIVE",2.11,181.3537,317.0,0.9510,5900.00,
9947389,"K04460.01",,"CANDIDATE",2.02,284.727213,278.0,1.0800,5497.00,1
11912987,"K04461.01",,"FALSE POSITIVE",0.89,3.74786694,1176.0,0.9710,5957.00,1
3765917,"K04526.01",,"CANDIDATE",2.72,30.5392931,669.0,1.3280,5803.00,1
4136659,"K07683.01",,"FALSE POSITIVE",0.77,0.913244995,1967.0,1.0490,5923.00,1
3438976,"K04527.01",,"FALSE POSITIVE",0.79,2.97599368,1395.0,1.0550,6202.00,1
7833305,"K04528.01",,"CANDIDATE",10.63,8.31224474,801.0,0.8160,5421.00,1
6610064,"K04529.01",,"FALSE POSITIVE",0.87,0.584148495,2130.0,1.0310,5427.00,1
12647577,"K04530.01",,"CANDIDATE",1.1,12.6362048,774.0,0.9920,5772.00,1
5476671,"K04598.01",,"FALSE POSITIVE",17.8,0.824180121,1912.0,0.8830,5977.00,2
7335972,"K04599.01",,"FALSE POSITIVE",2.4,0.579770948,1953.0,0.8540,5561.00,2
4252671,"K07687.01",,"CANDIDATE",2.66,23.266633,1156.0,3.7750,5758.00,1
2694632,"K04600.01",,"FALSE POSITIVE",1.29,0.92225589,2206.0,1.4850,5631.00,1
11153476,"K04601.01",,"CANDIDATE",0.98,7.94004281,1010.0,1.0810,6278.00,1
6144039,"K04602.01",,"CANDIDATE",1.23,2.85855049,1212.0,0.9640,5441.00,1
5428471,"K04671.01",,"FALSE POSITIVE",1.39,0.75499096,1949.0,0.9460,5743.00,1
7283710,"K04672.01",,"FALSE POSITIVE",2.35,353.40191,202.0,0.7630,4957.00,
5985713,"K03190.01",,"CANDIDATE",0.86,8.95294046,1012.0,1.2070,6047.00,1
10794509,"K04673.01",,"FALSE POSITIVE",1.62,1.428596987,2637.0,2.1440,6745.00,1
6839010,"K04674.01",,"CANDIDATE",0.9,4.84350003,1121.0,1.0560,5762.00,1
9775385,"K04462.01",,"CANDIDATE",2.35,45.163025,886.0,2.0150,7675.00,
6197344,"K04463.01",,"CANDIDATE",1.52,36.7614011,475.0,0.8230,5305.00,1
11357664,"K04464.01",,"CANDIDATE",1.23,4.373570433,727.0,0.6400,4362.00,1
2576224,"K04465.01",,"FALSE POSITIVE",1.16,2.21701025,2371.0,2.0920,7524.00,1
3967501,"K07677.01",,"FALSE POSITIVE",213.46,43.0759115,1032.0,5.9150,4766.00,1
7272132,"K04466.01",,"CANDIDATE",2.29,154.674369,371.0,1.0020,6338.00,1
6437226,"K04531.01",,"FALSE POSITIVE",2.38,372.62637,258.0,0.9930,6014.00,
2710623,"K04532.01",,"FALSE POSITIVE",0.64,1.02087831,1903.0,1.1060,5750.00,1
3330684,"K04533.01",,"FALSE POSITIVE",0.14,1.26132769,447.0,0.1320,2900.00,1
2696703,"K03161.01",,"FALSE POSITIVE",54.54,6.09406648,1417.0,1.6660,6785.00,1
7699298,"K04534.01",,"FALSE POSITIVE",1.24,1.1578141,2133.0,1.6290,5412.00,1
8430053,"K04603.01",,"CANDIDATE",1.17,15.9513866,849.0,1.1680,6451.00,1
7115661,"K03174.01",,"FALSE POSITIVE",2.19,0.566800926,2200.0,1.0000,5780.00,1
2853889,"K04604.01",,"FALSE POSITIVE",118.8,24.1876477,782.0,1.3100,6437.00,1
12458605,"K04605.01",,"CANDIDATE",0.68,7.7859111,939.0,0.9540,6045.00,1
4845862,"K04606.01",,"FALSE POSITIVE",0.76,2.44926655,1033.0,0.7490,4840.00,1
10130057,"K04675.01",,"FALSE POSITIVE",0.81,2.17812826,1206.0,0.8050,5426.00,1
4953173,"K04676.01",,"CANDIDATE",3.21,31.183688,876.0,2.4070,5947.00,
9838608,"K04677.01",,"FALSE POSITIVE",0.89,1.33259494,1665.0,0.9180,6063.00,1
4247811,"K04678.01",,"FALSE POSITIVE",0.66,2.05048377,1339.0,0.8540,5568.00,1
6543645,"K04679.01",,"FALSE POSITIVE",0.78,1.19550618,2152.0,1.4630,6088.00,1
5352640,"K04467.01",,"CANDIDATE",1.42,2.94242323,1098.0,0.8190,5436.00,1
8738244,"K03157.01",,"FALSE POSITIVE",9.92,0.683082998,6757.0,7.7620,8247.00,1
4157052,"K04468.01",,"FALSE POSITIVE",82.71,0.791771167,3419.0,3.0700,6218.00,1
10006641,"K04469.01",,"FALSE POSITIVE",0.68,0.894172544,1461.0,0.7360,4982.00,1
10815916,"K04470.01",,"FALSE POSITIVE",1.01,1.68207624,1980.0,1.3110,6495.00,1
3547760,"K04535.01",,"FALSE POSITIVE",0.88,9.8480917,711.0,0.7480,5289.00,1
7281484,"K04536.01",,"FALSE POSITIVE",0.48,0.566800593,2783.0,1.3530,6476.00,1
4848115,"K04537.01",,"FALSE POSITIVE",0.69,0.969602551,1334.0,0.6600,4856.00,1
4048898,"K07678.01",,"CANDIDATE",0.79,13.0914878,892.0,1.2880,5919.00,1
5991765,"K04538.01",,"FALSE POSITIVE",1.73,9.25801294,1229.0,1.8340,6200.00,1
3962872,"K04539.01",,"FALSE POSITIVE",1.46,25.9554044,656.0,1.0380,6058.00,1
11912911,"K04607.01",,"FALSE POSITIVE",0.94,3.74788208,979.0,0.7770,5340.00,1
7045435,"K04608.01",,"FALSE POSITIVE",24.75,0.93479255,2040.0,1.0530,6018.00,2
2972800,"K04609.01",,"FALSE POSITIVE",1.56,361.43653,268.0,0.9380,6028.00,
8573168,"K04610.01",,"FALSE POSITIVE",0.76,0.89628253,1670.0,0.8180,5561.00,1
10801249,"K04611.01",,"FALSE POSITIVE",0.77,1.67495622,1843.0,1.2630,6323.00,1
4587135,"K04680.01",,"CANDIDATE",1.54,54.0812235,431.0,0.7620,5757.00,1
3857860,"K04681.01",,"FALSE POSITIVE",1.49,8.2344072,1263.0,1.7410,6148.00,1
5024252,"K04682.01",,"FALSE POSITIVE",1.17,2.15052332,1410.0,1.0000,5780.00,1
7430876,"K03193.01",,"FALSE POSITIVE",31.96,32.6122381,570.0,1.0000,5780.00,1
4843592,"K04683.01",,"FALSE POSITIVE",28.15,0.967073359,1867.0,1.0220,5755.00,2
9602775,"K04684.01",,"FALSE POSITIVE",0.8,3.5564279,972.0,0.6940,5404.00,1
8955709,"K04471.01",,"FALSE POSITIVE",1.56,0.942997994,1283.0,0.6930,4499.00,2
7031430,"K04472.01",,"FALSE POSITIVE",0.61,0.566796775,931.0,0.3580,3453.00,1
7133294,"K04473.01","Kepler-1607 b","CONFIRMED",1.25,13.6471211,913.0,1.3820,5771.00,1
4381429,"K04474.01","Kepler-1608 b","CONFIRMED",1.63,16.473474,612.0,0.7540,5364.00,1
11912916,"K04475.01",,"FALSE POSITIVE",1.32,3.74788322,1031.0,0.8260,5514.00,1
12108293,"K04540.01",,"FALSE POSITIVE",0.64,0.705455349,1693.0,0.7360,5383.00,1
5301093,"K07724.01",,"FALSE POSITIVE",2.03,488.67353,188.0,0.7720,5218.00,1
5511659,"K04541.01",,"CANDIDATE",2.08,8.5291223,911.0,1.1110,5543.00,1
9640946,"K04542.01",,"FALSE POSITIVE",0.75,1.08906057,1511.0,0.8810,5087.00,1
9776186,"K04543.01",,"FALSE POSITIVE",2.5,1.48922187,1594.0,1.0000,5780.00,1
9752973,"K03162.01",,"FALSE POSITIVE",1.42,0.716709761,2394.0,1.1730,6109.00,1
8044600,"K04612.01",,"FALSE POSITIVE",1.62,4.1083812,1058.0,0.8700,5730.00,1
10220837,"K04613.01","Kepler-1963 b","CONFIRMED",0.81,1.962282625,1448.0,0.9790,5726.00,1
10991239,"K03178.01",,"FALSE POSITIVE",46.33,0.523629052,9801.0,44.4480,4136.00,
7583650,"K04614.01",,"CANDIDATE",1.38,6.4546845,1244.0,1.3620,6474.00,1
9345819,"K04615.01",,"FALSE POSITIVE",1.1,1.04588635,1972.0,1.0760,6249.00,1
9180566,"K04616.01",,"FALSE POSITIVE",,51.31346091,,,,
3867794,"K04685.01",,"CANDIDATE",1.51,0.494247662,2257.0,0.9980,5763.00,1
5819801,"K04686.01",,"CANDIDATE",1.6,11.8299383,1177.0,2.4310,5747.00,1
11092040,"K04687.01",,"FALSE POSITIVE",1.51,419.92898,255.0,0.9880,6047.00,
4851145,"K04688.01",,"FALSE POSITIVE",0.93,1.23521458,1713.0,0.9590,5999.00,1
10292540,"K04689.01",,"FALSE POSITIVE",1.37,1.085229874,1632.0,0.8510,5713.00,1
3732894,"K04476.01",,"FALSE POSITIVE",0.81,1.540379557,1581.0,0.9140,5812.00,1
6276791,"K04477.01",,"CANDIDATE",1.22,5.30179786,973.0,0.8640,5749.00,2
6278762,"K03158.01","Kepler-444 b","CONFIRMED",0.5,3.60011712,938.0,0.7210,5051.00,5
6276791,"K04477.02","Kepler-1958 b","CONFIRMED",1.62,9.32867952,806.0,0.8640,5749.00,1
8636600,"K04478.01","Kepler-1959 b","CONFIRMED",1.19,6.38671206,811.0,0.8110,5071.00,1
10220950,"K04544.01",,"FALSE POSITIVE",372.86,158.348345,409.0,1.2760,6521.00,1
10140122,"K04545.01",,"CANDIDATE",0.85,0.849362238,1498.0,0.7880,4973.00,1
5033823,"K04546.01",,"CANDIDATE",72.36,0.741768294,3380.0,3.1470,5897.00,1
10342316,"K04547.01",,"FALSE POSITIVE",16.3,0.93376962,1937.0,0.9750,6056.00,1
5305399,"K07725.01",,"FALSE POSITIVE",3.5,322.48381,259.0,0.8810,5968.00,1
3223433,"K04548.01",,"CANDIDATE",1.61,61.083322,465.0,1.0150,5803.00,1
8803757,"K04904.01",,"CANDIDATE",0.98,3.5944891,1178.0,1.0460,5523.00,1
12021811,"K04905.01",,"FALSE POSITIVE",0.94,0.739404894,1256.0,0.6240,4205.00,1
9479306,"K04906.01",,"CANDIDATE",1.21,4.8608059,925.0,0.7570,5541.00,1
5437762,"K04907.01",,"CANDIDATE",0.67,4.04481159,1325.0,1.1410,6358.00,1
3962684,"K04908.01",,"FALSE POSITIVE",2.06,25.949641315,753.0,1.9220,5109.00,1
4730442,"K07702.01",,"FALSE POSITIVE",1.04,1.71051215,2004.0,1.5890,5925.00,1
9447166,"K03296.01","Kepler-1459 b","CONFIRMED",1.96,62.869463,349.0,0.7810,4762.00,1
9643043,"K03297.01",,"FALSE POSITIVE",36.51,84.8062818,388.0,0.8530,5735.00,1
8151055,"K03298.01","Kepler-1460 b","CONFIRMED",2.24,29.9632816,391.0,0.6380,4463.00,1
7177555,"K03299.01",,"FALSE POSITIVE",30.08,17.99643716,468.0,0.6660,4438.00,1
3348082,"K01196.02","Kepler-274 b","CONFIRMED",2.61,11.63486009,961.0,1.5480,5570.00,2
4996057,"K07712.01",,"CANDIDATE",1.06,4.8302364,1453.0,2.2470,5086.00,2
8349399,"K04763.01",,"CANDIDATE",1.57,56.446465,522.0,1.1170,5995.00,1
6043562,"K04764.01",,"CANDIDATE",1.45,31.4202111,471.0,0.7480,5269.00,1
10615440,"K04765.01","Kepler-1622 b","CONFIRMED",1.24,10.8118317,922.0,1.1960,6025.00,1
4919550,"K04766.01",,"CANDIDATE",1.12,5.56676609,859.0,0.8590,5032.00,1
5802292,"K04767.01",,"FALSE POSITIVE",1.25,1.208528832,1725.0,0.9230,6072.00,1
5126932,"K07718.01",,"FALSE POSITIVE",1.99,208.18711785,307.0,1.0000,5780.00,2
10034146,"K04835.01",,"FALSE POSITIVE",17.72,0.93198504,1647.0,0.7770,5470.00,2
4175105,"K04836.01",,"FALSE POSITIVE",96.03,0.60818508,2298.0,1.0430,5981.00,1
5645170,"K04837.01",,"CANDIDATE",0.86,5.38613715,846.0,0.6560,5516.00,1
8216763,"K04838.01",,"CANDIDATE",0.88,13.2965044,488.0,0.6130,4352.00,1
9110610,"K04839.01",,"CANDIDATE",2.01,21.8420304,1016.0,2.2410,6194.00,1
2437897,"K04909.01",,"FALSE POSITIVE",0.74,1.65320144,1059.0,0.6610,4544.00,1
9307966,"K04910.01",,"FALSE POSITIVE",0.75,3.37487541,1287.0,1.0060,6181.00,1
5556726,"K03223.01",,"FALSE POSITIVE",5.18,0.962825082,3265.0,4.9280,4898.00,1
2554853,"K04911.01",,"FALSE POSITIVE",2.79,309.494217,399.0,1.6140,6908.00,
5208962,"K04912.01",,"CANDIDATE",1.35,0.876850385,2543.0,1.7560,6102.00,1
7889486,"K03300.01",,"FALSE POSITIVE",2.19,24.2382519,597.0,0.9040,5763.00,2
7889486,"K03300.02",,"FALSE POSITIVE",1.61,24.2416103,596.0,0.9040,5763.00,1
4742188,"K07703.01",,"CANDIDATE",1.96,413.51856,254.0,0.9920,6031.00,1
8301878,"K03301.01",,"CANDIDATE",1.12,20.7106368,626.0,0.9010,5631.00,1
8233802,"K03302.01",,"FALSE POSITIVE",2.07,69.3788597,421.0,0.8740,5806.00,1
7510820,"K03303.01","Kepler-1461 b","CONFIRMED",2.02,29.3493852,451.0,0.7220,4987.00,1
10221505,"K04768.01",,"CANDIDATE",1.44,3.43633133,945.0,0.6510,5201.00,1
6116035,"K04769.01",,"FALSE POSITIVE",3.08,449.57274,333.0,2.0790,5691.00,
8958359,"K04770.01",,"FALSE POSITIVE",1.63,245.059374,356.0,1.2650,6036.00,
11658036,"K04771.01",,"CANDIDATE",1.95,142.703888,440.0,1.2890,6701.00,1
8397947,"K04772.01",,"CANDIDATE",1.69,3.38080537,1362.0,1.1930,6072.00,1
6665860,"K04840.01",,"CANDIDATE",1.74,10.4716194,1035.0,1.5740,5812.00,1
7983117,"K03214.01","Kepler-1988 b","CONFIRMED",1.53,11.49500229,1105.0,1.7880,6033.00,1
5480884,"K04841.01",,"FALSE POSITIVE",0.92,0.708726708,1302.0,0.5150,4607.00,2
12506417,"K04842.01",,"FALSE POSITIVE",1.18,283.72675,341.0,1.2570,6496.00,
10187563,"K04843.01",,"FALSE POSITIVE",2.5,373.60683,271.0,1.0380,6184.00,1
5769810,"K04913.01",,"CANDIDATE",2.44,6.78788113,1679.0,2.8290,6537.00,2
12071754,"K04914.01",,"CANDIDATE",1.4,5.47455167,1155.0,1.3120,5611.00,1
10384298,"K03224.01",,"CANDIDATE",1.01,3.43861067,1348.0,1.4010,5383.00,1
3109550,"K03225.01",,"CANDIDATE",0.8,4.8754765,1180.0,1.2860,5513.00,1
5544450,"K03226.01",,"FALSE POSITIVE",1.68,4.29388808,1532.0,1.5740,6615.00,1
9307105,"K03304.01",,"FALSE POSITIVE",32.21,13.5437884,658.0,0.7940,5463.00,1
6880517,"K03305.01","Kepler-1462 b","CONFIRMED",2.52,65.6491001,390.0,0.8190,5436.00,1
6615511,"K03306.01","Kepler-1463 b","CONFIRMED",1.76,25.1593389,619.0,0.9350,5973.00,1
6131130,"K03307.01",,"CANDIDATE",1.41,10.5071781,737.0,0.8650,5290.00,1
3632089,"K03308.01","Kepler-1464 b","CONFIRMED",1.5,31.7787564,564.0,0.9280,5638.00,1
4742452,"K07704.01",,"CANDIDATE",1,5.4398033,1112.0,1.0800,6108.00,1
9959494,"K03205.01",,"FALSE POSITIVE",0.58,1.332568744,1941.0,1.0810,6620.00,1
8397947,"K04772.02","Kepler-1705 b","CONFIRMED",1.07,9.0194714,789.0,0.7680,5775.00,
7906892,"K04773.01",,"CANDIDATE",0.82,8.8493948,978.0,1.1100,6095.00,2
4277304,"K04774.01",,"CANDIDATE",1.3,51.567801,433.0,0.8760,5285.00,1
8626325,"K04775.01",,"CANDIDATE",2.75,16.4491515,1036.0,2.7890,5334.00,1
3098605,"K04844.01",,"CANDIDATE",0.87,0.428046051,2017.0,0.7750,5285.00,1
11456405,"K04845.01",,"FALSE POSITIVE",0.76,0.814278961,1762.0,0.8860,5537.00,1
8320630,"K04846.01",,"CANDIDATE",1.32,19.254536,625.0,0.8680,5668.00,2
4544684,"K04847.01",,"FALSE POSITIVE",0.87,2.1890751,1399.0,0.8910,6077.00,1
9005321,"K04848.01",,"CANDIDATE",1.78,384.6961,157.0,0.6230,4228.00,
8975368,"K03227.01",,"FALSE POSITIVE",0.75,2.42649862,1638.0,1.3160,6033.00,1
9291039,"K03230.01",,"FALSE POSITIVE",2.69,8.80854183,1000.0,1.2100,6017.00,1
5168498,"K07719.01",,"FALSE POSITIVE",3.24,219.74735,427.0,2.3800,5127.00,1
10489539,"K03231.01",,"FALSE POSITIVE",1.19,19.7639874,900.0,1.6170,6195.00,1
9569711,"K03232.01","Kepler-1912 b","CONFIRMED",1.21,6.05919881,976.0,0.9620,5734.00,1
12314973,"K00279.03","Kepler-450 d","CONFIRMED",0.96,7.5143967,1199.0,1.5730,6206.00,3
3348082,"K01196.03","Kepler-274 c","CONFIRMED",3.21,33.1981761,678.0,1.5480,5570.00,3
3632089,"K03308.02","Kepler-1464 c","CONFIRMED",0.86,5.32784157,1023.0,0.9280,5638.00,2
5563300,"K03309.01",,"CANDIDATE",5.91,71.05457555,390.0,0.8650,5290.00,1
12253769,"K03310.01",,"CANDIDATE",1.64,20.5512722,607.0,0.9180,5401.00,1
12735830,"K03311.01","Kepler-1465 b","CONFIRMED",4.98,31.827649,668.0,1.9540,4774.00,1
8054719,"K04776.01",,"CANDIDATE",1.07,7.5861587,928.0,0.8710,5934.00,1
6592335,"K04777.01","Kepler-1971 b","CONFIRMED",0.42,0.824000125,746.0,0.2800,3396.00,1
5651829,"K04778.01",,"FALSE POSITIVE",4.44,0.772152075,2966.0,2.0800,5951.00,1
4762283,"K07706.01",,"CANDIDATE",1.19,42.049523793,303.0,0.4800,4281.00,1
9094763,"K04779.01",,"FALSE POSITIVE",1.11,1.08469871,1757.0,0.9380,5942.00,1
3849187,"K04780.01",,"CANDIDATE",1.25,6.60180003,875.0,0.8600,5591.00,1
2976017,"K04849.01",,"CANDIDATE",0.62,3.19938075,1026.0,0.7020,5483.00,1
6786224,"K04850.01",,"CANDIDATE",0.71,3.04185157,1184.0,0.8570,5802.00,1
10338279,"K03216.01",,"FALSE POSITIVE",11.02,5.660274452,950.0,0.8420,5615.00,1
4851239,"K04851.01",,"FALSE POSITIVE",0.38,1.23512429,1642.0,0.9410,5798.00,1
5009688,"K07713.01",,"FALSE POSITIVE",1.1,1.381257093,1728.0,1.1310,5861.00,1
11072016,"K04852.01",,"CANDIDATE",0.93,1.89873195,1524.0,1.0500,5942.00,1
3245969,"K01101.02",,"CANDIDATE",1.9,11.39110963,632.0,0.7600,4999.00,1
10057494,"K03234.01","Kepler-1443 b","CONFIRMED",0.85,2.41810158,1602.0,1.2390,6258.00,1
7902003,"K03236.01",,"CANDIDATE",1.18,7.13044117,1400.0,2.0740,6312.00,1
6587796,"K03237.01","Kepler-1444 b","CONFIRMED",2.46,33.4203001,581.0,1.0660,5731.00,1
9489953,"K03238.01",,"FALSE POSITIVE",93.55,58.3437362,779.0,3.0060,5896.00,1
5305240,"K03239.01",,"FALSE POSITIVE",0.98,1.070982122,2122.0,1.4330,5717.00,1
11905409,"K03312.01",,"CANDIDATE",1.91,18.0939004,665.0,0.8670,5904.00,1
9571186,"K03313.01",,"CANDIDATE",21.74,34.9524256,429.0,0.7790,4921.00,1
9838060,"K03314.01",,"FALSE POSITIVE",8.4,23.81578356,560.0,0.8180,5561.00,1
8554701,"K03315.01","Kepler-1466 b","CONFIRMED",1.31,31.1748311,585.0,0.9210,6086.00,1
5389632,"K07726.01",,"FALSE POSITIVE",1.28,0.474811162,2206.0,0.8780,5799.00,1
9031209,"K03316.01","Kepler-1467 b","CONFIRMED",2.84,47.0568476,411.0,0.7400,5288.00,1
5951416,"K04781.01",,"FALSE POSITIVE",2.1,367.73299,266.0,0.9310,6225.00,
5612697,"K03206.01",,"CANDIDATE",1.38,15.1516409,736.0,1.0000,5780.00,1
8973285,"K04782.01",,"CANDIDATE",1.73,7.4213444,953.0,0.9730,6032.00,
4645833,"K04783.01",,"FALSE POSITIVE",11.82,0.743495989,1617.0,0.6860,5345.00,2
8940918,"K04784.01",,"FALSE POSITIVE",0.95,1.405887031,1086.0,0.6530,4440.00,1
3758922,"K04853.01",,"CANDIDATE",1.14,17.7412303,684.0,0.9560,5817.00,1
8360041,"K04854.01",,"CANDIDATE",0.76,2.63527677,1136.0,0.8640,5215.00,1
9827596,"K04855.01",,"FALSE POSITIVE",0.93,1.45728997,1665.0,1.0120,6063.00,1
9782748,"K04856.01",,"CANDIDATE",3.03,147.388124,356.0,1.0070,6046.00,1
2860656,"K04857.01",,"CANDIDATE",1.17,4.11497357,1137.0,0.9270,6011.00,1
6206559,"K03240.01",,"FALSE POSITIVE",1.61,1.245331397,2678.0,2.4770,6106.00,1
5024429,"K07714.01",,"FALSE POSITIVE",1.39,1.52593737,1697.0,1.0380,6184.00,1
9532117,"K03241.01",,"FALSE POSITIVE",1.66,8.21429932,1312.0,1.8690,6277.00,1
6928906,"K03242.01",,"FALSE POSITIVE",1.34,1.54945486,3006.0,2.8040,7382.00,1
9821151,"K03243.01",,"FALSE POSITIVE",1.19,8.42943991,1029.0,1.1320,6353.00,1
8073705,"K03245.01","Kepler-1445 b","CONFIRMED",1.09,10.60052083,987.0,1.3030,6035.00,1
8330548,"K01132.02",,"FALSE POSITIVE",,0.9570701,,,,1
4271474,"K03324.01","Kepler-1469 b","CONFIRMED",2.37,21.8634638,551.0,0.7890,5383.00,1
5130983,"K03325.01",,"FALSE POSITIVE",35.31,86.4392931,442.0,1.0240,6208.00,1
11497958,"K01422.04","Kepler-296 f","CONFIRMED",1.18,63.3354719,202.0,0.3830,3526.00,5
11093538,"K03326.01",,"FALSE POSITIVE",44.48,14.77820911,809.0,1.0460,6258.00,1
11044779,"K03327.01",,"FALSE POSITIVE",39.42,15.60862948,648.0,0.8290,5569.00,1
6438379,"K04785.01",,"FALSE POSITIVE",1.67,389.14115,250.0,0.8940,6043.00,
9145415,"K04786.01",,"FALSE POSITIVE",2.21,365.78863,215.0,0.7520,5407.00,
4545926,"K04787.01",,"FALSE POSITIVE",0.8,2.4826619,1619.0,1.2250,6356.00,1
9396760,"K04788.01",,"FALSE POSITIVE",0.8,2.17811908,1412.0,0.9210,6039.00,1
5119619,"K04789.01",,"FALSE POSITIVE",1.02,1.11205787,1799.0,0.9320,6098.00,1
9582496,"K04858.01",,"FALSE POSITIVE",2.05,224.447413,260.0,0.7980,5489.00,
7094944,"K04859.01",,"CANDIDATE",1.19,7.5019743,709.0,0.7580,4807.00,1
3343281,"K04860.01",,"FALSE POSITIVE",1.88,21.8660922,730.0,1.0770,6309.00,1
2573108,"K03217.01",,"FALSE POSITIVE",2.14,5.09506,2247.0,4.1460,6700.00,1
6425597,"K04861.01",,"CANDIDATE",1.6,29.1206519,528.0,0.7880,5671.00,1
9885417,"K03246.01","Kepler-1446 b","CONFIRMED",0.78,0.689967868,1539.0,0.7260,4872.00,1
3336476,"K03247.01",,"FALSE POSITIVE",0.9,1.89132292,2799.0,2.1060,8482.00,1
10917433,"K03248.01",,"CANDIDATE",0.64,6.91261536,981.0,1.0440,5761.00,1
5091479,"K07715.01",,"CANDIDATE",1.12,25.8616058,613.0,0.8840,6067.00,1
9083564,"K03249.01",,"FALSE POSITIVE",1.14,0.918420801,2374.0,1.4340,6210.00,1
7335713,"K03250.01",,"FALSE POSITIVE",7.05,0.573709256,4415.0,5.7690,5261.00,1
8331612,"K03318.01","Kepler-1915 b","CONFIRMED",3.78,13.8353959,809.0,1.0570,6020.00,1
8874090,"K01404.02",,"CANDIDATE",0.87,18.9060921,336.0,0.4500,3751.00,2
8331612,"K03318.02",,"CANDIDATE",3.83,25.6970688,658.0,1.0570,6020.00,2
5185765,"K07720.01",,"FALSE POSITIVE",1.57,46.9434911,669.0,1.5500,6253.00,1
5965819,"K03319.01","Kepler-1468 d","CONFIRMED",2.64,19.5906103,819.0,1.4960,5794.00,2
5965819,"K03319.02","Kepler-1468 b","CONFIRMED",2.35,8.23983041,1093.0,1.4960,5794.00,1
8328916,"K04790.01",,"CANDIDATE",1.14,6.07855,1115.0,1.1140,6119.00,
11294883,"K04791.01",,"FALSE POSITIVE",1.97,427.65334,284.0,1.5650,5325.00,
3832474,"K00806.05",,"FALSE POSITIVE",3.77,412.041857,217.0,0.8670,5485.00,
10155029,"K03208.01",,"CANDIDATE",0.56,2.131660527,1438.0,0.9970,5849.00,1
11618569,"K04792.01",,"CANDIDATE",0.91,5.75902182,1112.0,1.0660,6247.00,1
11973517,"K04862.01",,"CANDIDATE",1.08,0.903763067,1254.0,0.6510,4430.00,
5471566,"K04863.01",,"FALSE POSITIVE",0.81,0.9628348,1648.0,0.8380,5559.00,1
7345248,"K04864.01",,"CANDIDATE",0.78,5.66494448,1134.0,1.1300,5888.00,1
5814013,"K04865.01",,"FALSE POSITIVE",0.82,1.57017249,1232.0,0.6600,5300.00,1
7117355,"K04866.01",,"FALSE POSITIVE",0.66,0.566798364,2272.0,1.0400,5864.00,1
5653072,"K03252.01",,"FALSE POSITIVE",24.48,3.22452656,4883.0,34.6740,3857.00,1
2707985,"K03253.01",,"FALSE POSITIVE",2.03,1.89127438,3342.0,3.4600,7919.00,1
9899141,"K03254.01",,"FALSE POSITIVE",0.46,1.33256944,1624.0,0.9980,5655.00,1
8183288,"K03255.01","Kepler-437 b","CONFIRMED",1.56,66.6504521,308.0,0.6790,4550.00,1
11305996,"K03256.01",,"FALSE POSITIVE",1.18,55.7002642,309.0,0.6700,4267.00,1
5965819,"K03319.03","Kepler-1468 c","CONFIRMED",1.62,3.54553077,1448.0,1.4960,5794.00,3
6690171,"K03320.01",,"CANDIDATE",21.26,85.0624157,355.0,0.8750,5223.00,1
6859801,"K03321.01",,"FALSE POSITIVE",29.69,10.882416555,632.0,0.7150,4946.00,1
7767733,"K03322.01",,"FALSE POSITIVE",46.14,25.19830439,604.0,0.8830,5955.00,1
5193659,"K03323.01",,"CANDIDATE",2.06,14.3196417,850.0,1.3730,5562.00,1
5201593,"K07721.01",,"FALSE POSITIVE",1.7,0.50727675,2449.0,1.1430,5970.00,1
6220312,"K04793.01",,"CANDIDATE",0.89,5.2736268,1014.0,0.9180,5851.00,1
6358937,"K04794.01",,"CANDIDATE",1.03,24.5041103,574.0,0.9620,5250.00,1
9007609,"K04795.01",,"FALSE POSITIVE",1.09,1.316398648,1374.0,0.8060,5088.00,1
11038580,"K04796.01",,"FALSE POSITIVE",2.1,419.4596,303.0,1.8690,5248.00,
7771181,"K04797.01",,"CANDIDATE",1.26,9.97202023,627.0,0.6960,4810.00,1
9509223,"K04867.01",,"FALSE POSITIVE",13.28,14.2005007,843.0,1.0650,6332.00,2
6720773,"K04868.01",,"FALSE POSITIVE",1.23,1.318347743,1861.0,1.1210,6143.00,1
8056651,"K04869.01",,"FALSE POSITIVE",1.41,5.5834987,1317.0,1.3750,6517.00,1
4665991,"K04870.01",,"FALSE POSITIVE",0.61,1.12401084,1719.0,0.9110,5941.00,1
10191036,"K03218.01",,"FALSE POSITIVE",0.59,1.21374652,1880.0,1.0490,6238.00,1
8280511,"K01151.03","Kepler-271 d","CONFIRMED",0.67,5.24970432,954.0,0.8530,5528.00,3
10420301,"K03257.01",,"FALSE POSITIVE",2.23,45.4333769,315.0,0.5590,4371.00,2
4366323,"K03258.01",,"CANDIDATE",1.88,40.3511707,479.0,0.8200,5665.00,1
2853029,"K03259.01",,"CANDIDATE",2.45,72.9332762,389.0,0.9020,5316.00,1
12156174,"K03260.01","Kepler-1447 b","CONFIRMED",4.01,56.6746666,522.0,1.2950,5541.00,1
4634135,"K03328.01",,"FALSE POSITIVE",25.91,63.9005941,353.0,0.6340,5204.00,1
6955671,"K03329.01",,"CANDIDATE",2.16,12.6878176,851.0,1.0460,6258.00,1
5097856,"K07716.01",,"CANDIDATE",1.27,483.36405,202.0,0.7180,5700.00,1
4736644,"K03330.01","Kepler-1470 b","CONFIRMED",1.15,16.2951259,574.0,0.8120,4915.00,1
5876805,"K03331.01",,"FALSE POSITIVE",24.39,18.173045009,650.0,0.8600,5799.00,1
5818068,"K03332.01",,"FALSE POSITIVE",31.13,14.12678065,670.0,0.7840,5656.00,1
10139390,"K04798.01",,"FALSE POSITIVE",0.99,358.56462,219.0,0.7520,5375.00,
8278073,"K04799.01",,"CANDIDATE",1.69,12.0729757,969.0,1.7070,5436.00,1
5273713,"K07722.01",,"FALSE POSITIVE",1.11,1.337561836,2322.0,1.7150,6406.00,1
3526331,"K04800.01",,"FALSE POSITIVE",0.93,2.23755641,1397.0,0.9240,6026.00,1
10810859,"K04801.01",,"CANDIDATE",2.21,82.401274,421.0,1.0000,5886.00,1
7017274,"K03209.01",,"CANDIDATE",2.61,11.91256675,1242.0,2.3350,6337.00,1
6767227,"K04871.01",,"CANDIDATE",0.6,4.08197713,1372.0,1.1560,6538.00,1
11496490,"K04872.01",,"FALSE POSITIVE",1.34,1.035268597,2136.0,1.2050,6332.00,
1430305,"K04873.01",,"FALSE POSITIVE",3.6,359.3259,410.0,2.2700,6570.00,
7117549,"K04874.01",,"FALSE POSITIVE",0.65,0.566805268,2492.0,1.0860,6403.00,1
2986833,"K04875.01",,"CANDIDATE",0.65,0.912179022,1025.0,0.5550,3880.00,1
12055539,"K03261.01","Kepler-1448 b","CONFIRMED",1.67,12.27057043,811.0,0.9690,6075.00,1
12056139,"K03262.01","Kepler-1449 b","CONFIRMED",1.94,13.2274753,867.0,1.1550,6269.00,1
11853130,"K03263.01",,"CANDIDATE",7.71,76.87935893,202.0,0.4360,3638.00,1
4774646,"K07707.01",,"FALSE POSITIVE",1.04,0.559517155,2762.0,1.3090,6462.00,1
9345933,"K03264.01",,"CANDIDATE",1.36,13.0151826,556.0,0.6430,4794.00,1
10030778,"K03265.01",,"FALSE POSITIVE",48.98,29.47316279,565.0,0.8970,5838.00,1
7870282,"K04732.01",,"FALSE POSITIVE",0.85,0.580725004,1939.0,0.8410,5471.00,1
11153259,"K03200.01",,"FALSE POSITIVE",69.59,1.94468659,3334.0,3.5210,7894.00,
9021075,"K04733.01","Kepler-1968 b","CONFIRMED",1.4,7.28116667,744.0,0.7880,5008.00,1
5783938,"K04734.01",,"FALSE POSITIVE",2.18,383.10017,248.0,0.9020,6011.00,
11338056,"K04735.01",,"CANDIDATE",0.85,2.87998334,1024.0,0.8060,4951.00,1
3445812,"K04802.01",,"FALSE POSITIVE",0.86,0.605556082,2120.0,0.8460,6123.00,1
4473613,"K04803.01","Kepler-1623 b","CONFIRMED",1.2,4.36125889,1000.0,0.8730,5520.00,1
10676750,"K04804.01",,"CANDIDATE",2.08,21.08678557,651.0,0.8630,6084.00,1
8960918,"K04805.01",,"FALSE POSITIVE",0.73,1.19087362,1489.0,0.8880,5158.00,1
4647662,"K04806.01",,"FALSE POSITIVE",0.72,1.06484622,2034.0,1.0870,6445.00,1
9822284,"K04807.01",,"FALSE POSITIVE",0.49,0.969824139,1839.0,1.0000,5780.00,1
8940700,"K04876.01",,"FALSE POSITIVE",1.6,190.60563,386.0,1.2870,6200.00,
9581589,"K04877.01",,"CANDIDATE",0.99,5.19206571,1170.0,1.0750,6322.00,1
11804437,"K04878.01",,"CANDIDATE",1.04,449.01499,258.0,1.0680,6031.00,1
9850966,"K04879.01",,"FALSE POSITIVE",1.33,8.480305,661.0,0.6960,4895.00,1
8747009,"K04880.01",,"FALSE POSITIVE",1.41,410.11676,242.0,0.9650,5587.00,
8826007,"K03266.01","Kepler-1450 b","CONFIRMED",1.94,54.5091549,308.0,0.6030,4406.00,1
8280511,"K01151.04",,"CANDIDATE",0.76,17.4532945,639.0,0.8530,5528.00,4
8620402,"K03267.01","Kepler-1913 b","CONFIRMED",1.66,14.1959621,818.0,1.0760,6214.00,1
8379021,"K03268.01",,"FALSE POSITIVE",22.56,11.52482874,756.0,0.8920,5592.00,1
8104030,"K03269.01",,"FALSE POSITIVE",428.62,46.84008579,552.0,1.0550,6006.00,1
4813793,"K07708.01",,"CANDIDATE",1.82,6.70242786,1367.0,2.2240,5466.00,1
5282477,"K04736.01",,"FALSE POSITIVE",29.26,0.992798625,1967.0,1.0980,6055.00,2
7266212,"K04737.01",,"CANDIDATE",1.07,7.79534033,985.0,1.0500,6156.00,1
6681546,"K04738.01",,"FALSE POSITIVE",1.84,186.72243,329.0,0.9990,6040.00,
6421137,"K04739.01",,"FALSE POSITIVE",3.46,118.4039,517.0,1.6400,6486.00,
9893278,"K04740.01",,"FALSE POSITIVE",1.67,182.281992,280.0,0.7420,5503.00,
9419020,"K04808.01",,"CANDIDATE",0.65,2.40174996,621.0,0.3990,3606.00,1
4548162,"K04809.01",,"FALSE POSITIVE",0.69,10.0102876,522.0,0.6010,4214.00,
4270799,"K04810.01",,"CANDIDATE",3.17,115.238544,372.0,1.0370,5589.00,1
8811490,"K04811.01",,"CANDIDATE",2.23,21.7434141,799.0,1.4970,5767.00,1
7293937,"K03211.01",,"FALSE POSITIVE",0.79,1.366964704,1640.0,1.0000,5780.00,1
8043721,"K04812.01",,"FALSE POSITIVE",0.71,0.77957913,1819.0,0.8530,5699.00,1
7985733,"K03219.01",,"FALSE POSITIVE",44.9,0.544561598,11804.0,80.5290,3715.00,1
8094120,"K04881.01",,"CANDIDATE",1.16,5.6795377,1420.0,1.5850,6514.00,2
6522824,"K04882.01",,"FALSE POSITIVE",5.38,17.4453133,1066.0,3.0400,4927.00,1
6802536,"K04883.01",,"FALSE POSITIVE",,2.9788702,,,,
4750341,"K04884.01",,"FALSE POSITIVE",0.92,1.97515457,1504.0,1.1450,5571.00,1
9935642,"K04885.01",,"CANDIDATE",2.67,9.33955596,882.0,1.1010,5516.00,1
6612327,"K03270.01",,"FALSE POSITIVE",23.21,21.993112,523.0,0.7470,5205.00,1
7285757,"K03271.01","Kepler-1986 b","CONFIRMED",1.89,19.5489666,579.0,0.7320,5549.00,1
7285757,"K03271.02",,"CANDIDATE",1.12,7.41834569,800.0,0.7320,5549.00,2
5211922,"K03273.01",,"FALSE POSITIVE",3.11,27.6853358,461.0,0.6390,5216.00,1
5280587,"K03274.01","Kepler-1451 b","CONFIRMED",2.24,35.6225528,523.0,0.8780,5799.00,1
8129005,"K04741.01",,"FALSE POSITIVE",1.18,7.1403113,1036.0,1.0160,6354.00,1
4840156,"K07709.01",,"FALSE POSITIVE",0.97,2.69487041,1440.0,1.1870,5823.00,1
4138008,"K04742.01","Kepler-442 b","CONFIRMED",1.3,112.303136,241.0,0.5950,4401.00,1
4262040,"K03202.01",,"CANDIDATE",2.86,92.461135,564.0,2.6480,5132.00,1
6468904,"K04743.01",,"FALSE POSITIVE",20.52,49.5387264,436.0,0.7470,5683.00,1
5709906,"K04744.01",,"FALSE POSITIVE",0.49,3.39155966,1183.0,0.9140,5896.00,1
4840672,"K04813.01",,"CANDIDATE",0.82,9.2294726,601.0,0.5960,4781.00,1
9777556,"K04814.01",,"FALSE POSITIVE",32.84,1.33254897,4664.0,13.7770,4894.00,1
7287677,"K04815.01",,"CANDIDATE",1.12,18.3721835,657.0,0.8300,5937.00,1
10753922,"K04816.01",,"FALSE POSITIVE",1.85,18.2260472,648.0,0.9800,5440.00,1
5980061,"K04817.01",,"FALSE POSITIVE",21.07,0.630539713,1936.0,0.8940,5458.00,2
7692248,"K04886.01",,"CANDIDATE",28.98,17.99562529,701.0,0.9590,5999.00,1
4059887,"K04887.01",,"FALSE POSITIVE",1.92,1.018347376,2832.0,2.6380,5858.00,1
8288741,"K04888.01",,"FALSE POSITIVE",30.54,0.659299289,1979.0,0.8520,5791.00,
6852354,"K04889.01",,"FALSE POSITIVE",,101.97435125,,,,
6691169,"K04890.01",,"CANDIDATE",11.67,63.095068,573.0,1.3250,6622.00,1
5816811,"K01042.02",,"FALSE POSITIVE",,4.45540935,,,,
5303346,"K03275.01",,"FALSE POSITIVE",30.32,37.32483952,461.0,0.7900,5306.00,1
3858879,"K03276.01",,"FALSE POSITIVE",36.8,25.951984,626.0,1.0460,5889.00,1
8280511,"K01151.05",,"CANDIDATE",0.8,21.7203362,594.0,0.8530,5528.00,5
3120904,"K03277.01","Kepler-1452 b","CONFIRMED",3.19,42.9136635,810.0,2.4830,6049.00,1
3342467,"K03278.01",,"FALSE POSITIVE",2.78,88.1804682,359.0,0.8390,5497.00,1
11757451,"K04745.01","Kepler-443 b","CONFIRMED",2.32,177.668663,233.0,0.7010,4721.00,1
2711597,"K04746.01",,"FALSE POSITIVE",0.75,0.98041685,1388.0,0.7220,4861.00,1
8047428,"K04747.01","Kepler-1621 b","CONFIRMED",2.22,92.263742,469.0,1.2830,6084.00,1
11513486,"K04748.01","Kepler-1969 b","CONFIRMED",1.72,6.64754478,999.0,1.0070,6046.00,1
4851283,"K07710.01",,"FALSE POSITIVE",1.59,1.23517588,1697.0,1.0000,5780.00,1
6520519,"K04749.01",,"CANDIDATE",0.97,1.97650073,1394.0,0.9230,5792.00,1
9459162,"K04818.01",,"CANDIDATE",1.46,3.79892774,1869.0,2.1060,6831.00,1
5024138,"K04819.01",,"FALSE POSITIVE",0.84,0.416995408,2433.0,0.7810,6150.00,1
9969287,"K04820.01",,"CANDIDATE",1.48,14.7401061,750.0,0.9590,5999.00,1
9086001,"K04821.01",,"FALSE POSITIVE",1.33,256.52387,338.0,1.1800,6348.00,
4927734,"K03212.01",,"FALSE POSITIVE",0.73,3.0001191,2566.0,2.4850,8431.00,1
11189311,"K03220.01","Kepler-1442 b","CONFIRMED",4.63,81.4160138,522.0,1.4010,6352.00,1
10747501,"K04891.01",,"CANDIDATE",1.39,4.7309013,1065.0,0.9110,5941.00,1
10586744,"K04892.01",,"CANDIDATE",1.08,21.3761817,717.0,1.0520,5984.00,1
11970050,"K04893.01",,"CANDIDATE",1.51,6.58753699,992.0,0.9930,6014.00,1
10031918,"K04894.01",,"FALSE POSITIVE",0.8,8.5900471,677.0,0.7070,4914.00,1
5276332,"K07723.01",,"FALSE POSITIVE",1.7,357.82544,306.0,1.3120,6131.00,1
3544640,"K03279.01","Kepler-1914 b","CONFIRMED",2.42,30.8278245,585.0,0.9600,5982.00,1
10653179,"K03280.01","Kepler-1453 b","CONFIRMED",2.58,47.1607932,503.0,0.9650,5936.00,1
12066569,"K03282.01","Kepler-1455 b","CONFIRMED",1.75,49.2768448,271.0,0.5290,3899.00,1
6497146,"K03284.01","Kepler-438 b","CONFIRMED",0.97,35.2330694,288.0,0.5240,3749.00,1
8625813,"K03285.01",,"FALSE POSITIVE",1.97,45.3965379,326.0,0.6430,4266.00,1
4651399,"K07698.01",,"FALSE POSITIVE",39.59,508.807642,595.0,8.8110,4893.00,1
5308296,"K04750.01",,"CANDIDATE",1.93,36.721576,498.0,0.8400,5662.00,1
9953575,"K04751.01",,"FALSE POSITIVE",3.54,362.69427,315.0,1.7190,5288.00,
7887890,"K04752.01",,"FALSE POSITIVE",2.82,370.35639,268.0,1.0250,6117.00,
3122872,"K03203.01",,"CANDIDATE",3.19,96.81647,655.0,2.4670,6404.00,1
4544628,"K04753.01",,"FALSE POSITIVE",0.51,0.729724346,2151.0,1.0300,6084.00,1
9702945,"K04822.01",,"CANDIDATE",0.69,3.51413723,1267.0,0.9890,6201.00,1
11401253,"K04823.01",,"CANDIDATE",1.51,4.96504981,1403.0,2.0110,5339.00,1
7052511,"K04824.01",,"FALSE POSITIVE",0.92,0.821472455,1559.0,0.8360,4889.00,1
4764774,"K04825.01",,"FALSE POSITIVE",0.78,1.29019586,1530.0,0.8420,5693.00,1
10549902,"K04826.01",,"CANDIDATE",1.67,1.141148847,2248.0,1.9890,5438.00,1
12416597,"K04895.01",,"CANDIDATE",1.1,12.460565,726.0,0.9330,5435.00,1
11135694,"K04896.01",,"CANDIDATE",1.18,19.5945772,724.0,1.0230,6118.00,2
9910828,"K04897.01",,"FALSE POSITIVE",0.95,8.48032079,759.0,0.7280,5415.00,1
10065053,"K04898.01",,"CANDIDATE",2.72,409.87844,264.0,1.0640,6167.00,1
11867608,"K04899.01",,"FALSE POSITIVE",1.79,227.6258,394.0,1.5490,6240.00,
8016691,"K03286.01","Kepler-1456 b","CONFIRMED",1.41,18.1373788,433.0,0.6020,4257.00,1
6584273,"K03287.01","Kepler-1457 b","CONFIRMED",1.6,51.1104797,478.0,0.8810,5968.00,1
5768816,"K03288.01","Kepler-1458 b","CONFIRMED",3.35,47.9869119,493.0,0.9810,5641.00,1
3644071,"K01192.02",,"FALSE POSITIVE",7.76,359.047933,260.0,1.0480,5609.00,1
5360974,"K03289.01",,"FALSE POSITIVE",24.73,29.8042694,505.0,0.8270,5223.00,1
10291589,"K04754.01",,"CANDIDATE",1.28,7.08757462,955.0,0.9250,6060.00,1
10118266,"K04755.01",,"CANDIDATE",1.75,3.74318005,999.0,0.8510,5207.00,1
5695615,"K04756.01",,"CANDIDATE",8.17,5.4169303,1173.0,1.1080,6355.00,1
4670267,"K07699.01",,"FALSE POSITIVE",42.5,1.003049079,1714.0,0.8440,5775.00,1
7435780,"K04757.01",,"FALSE POSITIVE",7.29,0.933157032,2202.0,1.1690,6499.00,1
8938937,"K04758.01",,"FALSE POSITIVE",1.71,37.1083458,492.0,0.8600,5591.00,3
5651846,"K04827.01",,"CANDIDATE",1.65,31.1920226,521.0,0.7770,5675.00,1
10556180,"K04828.01",,"FALSE POSITIVE",13.68,1.02104719,2129.0,1.2000,6444.00,1
12401132,"K04829.01",,"CANDIDATE",2.26,7.630545,1087.0,1.1790,6407.00,1
12401132,"K04829.02",,"FALSE POSITIVE",2.09,12.083457,932.0,1.1750,6422.00,
8308070,"K04830.01",,"FALSE POSITIVE",1.01,401.5907,256.0,0.9390,6170.00,
6424561,"K04900.01",,"CANDIDATE",1.27,6.6716723,1024.0,1.0210,6086.00,1
6956136,"K03221.01",,"FALSE POSITIVE",4.25,53.912783631,697.0,2.0200,6085.00,1
10661917,"K04901.01",,"FALSE POSITIVE",0.77,1.23142395,2317.0,1.7300,6011.00,1
10000162,"K04902.01",,"CANDIDATE",1.78,409.38645,197.0,0.7990,4955.00,1
7799701,"K04903.01",,"FALSE POSITIVE",6.54,386.828262,340.0,1.6150,6384.00,1
6233483,"K03291.01",,"FALSE POSITIVE",8.15,15.8733803,830.0,1.0540,6161.00,1
5392871,"K03292.01",,"FALSE POSITIVE",3.23,42.3991752,580.0,1.1210,6133.00,1
3858851,"K03293.01",,"FALSE POSITIVE",39.94,25.95198823,680.0,1.0350,6363.00,1
3858917,"K03294.01",,"FALSE POSITIVE",42.91,25.9522401,572.0,0.9040,5659.00,1
4466356,"K03295.01",,"FALSE POSITIVE",1.6,14.12809896,781.0,0.9880,6072.00,1
7949593,"K04759.01",,"CANDIDATE",1.54,17.7662938,670.0,0.9460,5724.00,1
9474232,"K04760.01",,"FALSE POSITIVE",1.12,13.6917833,770.0,0.9310,5906.00,1
3859151,"K04761.01",,"FALSE POSITIVE",9.75,25.95633,618.0,0.8810,6139.00,1
7098255,"K04762.01",,"CANDIDATE",1.29,11.56722589,568.0,0.6910,4597.00,1
11456279,"K03204.01",,"FALSE POSITIVE",1.57,0.572937573,3271.0,1.5930,7338.00,
4670361,"K07700.01",,"CANDIDATE",3.13,631.56889,237.0,1.0590,6382.00,1
5398002,"K03213.01",,"FALSE POSITIVE",90.09,14.15849823,1910.0,3.7460,8753.00,1
6680911,"K04831.01",,"FALSE POSITIVE",1.57,207.471349,316.0,1.0330,5731.00,
10356124,"K04832.01",,"FALSE POSITIVE",81.01,12.3748247,1253.0,3.5980,5165.00,1
10584140,"K04833.01",,"CANDIDATE",1.01,4.31724247,1332.0,1.3100,5992.00,1
8233326,"K04834.01",,"CANDIDATE",1.85,3.74099144,1733.0,3.2310,5110.00,1
4940203,"K07711.01",,"CANDIDATE",1.31,302.779824,246.0,0.7970,5734.00,1
6286161,"K03501.01",,"FALSE POSITIVE",2722.92,14.541781166,834.0,1.1480,5997.00,2
5385471,"K03502.01",,"FALSE POSITIVE",3.8,12.4261177,724.0,0.8510,5713.00,1
6368175,"K03503.01","Kepler-1703 b","CONFIRMED",0.79,21.1876185,676.0,0.8490,6355.00,1
5471158,"K03504.01",,"FALSE POSITIVE",2.52,12.42560404,733.0,0.8930,5713.00,1
4847843,"K03505.01",,"FALSE POSITIVE",89.18,30.9604688,1064.0,3.5580,5367.00,1
5120225,"K07717.01",,"FALSE POSITIVE",30.94,1.041619932,1858.0,0.9910,5838.00,1
9656543,"K03588.01",,"FALSE POSITIVE",109.72,2.544594443,1608.0,1.6160,5503.00,1
10751515,"K03589.01",,"FALSE POSITIVE",21.93,56.40651043,358.0,0.6470,5011.00,1
3348093,"K03590.01",,"FALSE POSITIVE",61.54,7.964400574,633.0,0.7150,4478.00,1
6182846,"K03591.01",,"FALSE POSITIVE",51.77,6.399101307,1042.0,0.9880,6233.00,1
4939346,"K01873.02","Kepler-328 b","CONFIRMED",2.39,34.9168399,602.0,1.0690,6194.00,2
6442602,"K07778.01",,"FALSE POSITIVE",0.88,0.56678228,1661.0,0.7490,4796.00,1
9851126,"K03592.01",,"FALSE POSITIVE",22.25,8.480303653,762.0,0.7870,5385.00,1
6268648,"K01613.02",,"CANDIDATE",0.9,94.094392,486.0,1.3080,6099.00,2
11455428,"K03365.01","Kepler-1480 b","CONFIRMED",3.94,22.1270885,721.0,1.4450,5312.00,1
10484409,"K03366.01",,"FALSE POSITIVE",1.12,10.6784787,712.0,0.7970,5459.00,1
10935993,"K03367.01",,"CANDIDATE",1.88,25.3736543,653.0,0.9660,6195.00,1
5257082,"K03368.01",,"CANDIDATE",1.45,10.08535311,843.0,0.9450,5947.00,1
5796185,"K03369.01",,"FALSE POSITIVE",51.86,42.559265547,487.0,0.8630,5764.00,1
8628665,"K03434.01",,"CANDIDATE",1.24,10.2856373,864.0,1.0600,5841.00,1
3945802,"K03435.01",,"FALSE POSITIVE",1.58,24.2157996,596.0,0.8850,5659.00,1
6265665,"K03436.01","Kepler-1499 b","CONFIRMED",1.14,44.2018402,409.0,0.7530,5002.00,1
5881307,"K07746.01",,"CANDIDATE",2.27,393.95608,263.0,0.9890,6217.00,1
4645174,"K03437.01","Kepler-1500 b","CONFIRMED",2.18,15.0330623,928.0,1.6010,5849.00,1
4645174,"K03437.02",,"CANDIDATE",3.51,34.7496038,702.0,1.6010,5849.00,2
8719419,"K03506.01",,"FALSE POSITIVE",87.2,12.62530918,1214.0,1.8440,6878.00,1
9028474,"K03510.01",,"FALSE POSITIVE",49.34,124.93576738,362.0,0.9410,5887.00,1
4349442,"K01803.02",,"FALSE POSITIVE",1.37,12.720298433,589.0,0.7240,4914.00,2
6124137,"K07764.01",,"CANDIDATE",2.83,227.83457,449.0,2.1930,6004.00,1
3644542,"K03511.01",,"FALSE POSITIVE",193.91,119.67980316,847.0,3.2510,8275.00,1
6182849,"K03512.01",,"FALSE POSITIVE",59.15,6.399107136,1031.0,0.9350,6133.00,1
9851142,"K03513.01",,"FALSE POSITIVE",65,8.480304281,1504.0,2.2100,7059.00,1
3442054,"K03593.01",,"FALSE POSITIVE",45.43,117.6813778,575.0,2.0790,6429.00,1
4079530,"K03594.01",,"FALSE POSITIVE",35.18,17.72722648,692.0,0.8950,6021.00,1
6445531,"K07779.01",,"FALSE POSITIVE",1.2,1.71024931,1766.0,1.1710,6418.00,1
10677186,"K03595.01",,"FALSE POSITIVE",26,100.40132734,420.0,1.1000,5903.00,1
9025914,"K03596.01",,"FALSE POSITIVE",59.23,11.320287875,928.0,1.1270,6153.00,1
9366988,"K03597.01",,"FALSE POSITIVE",40.46,1.219034103,1977.0,1.2710,5914.00,1
11657614,"K03370.01",,"CANDIDATE",1.52,24.352541,498.0,0.8050,4891.00,2
11657614,"K03370.02","Kepler-1481 b","CONFIRMED",1.23,5.94228603,797.0,0.8050,4891.00,1
5687986,"K07735.01",,"CANDIDATE",4.05,382.30306,400.0,2.5900,5993.00,1
11125797,"K03371.01",,"CANDIDATE",1.32,58.1263775,404.0,0.8200,5413.00,1
9785921,"K03372.01","Kepler-1997 b","CONFIRMED",2.28,26.7575866,660.0,1.0520,6215.00,1
3102000,"K03373.01",,"FALSE POSITIVE",22.31,57.0599992,455.0,0.8630,5931.00,1
6599975,"K03438.01","Kepler-1501 b","CONFIRMED",1.08,14.5565618,787.0,1.0610,6065.00,1
8266276,"K01731.02",,"FALSE POSITIVE",1.26,0.837898153,1478.0,0.7970,4748.00,2
5887316,"K07747.01",,"FALSE POSITIVE",36,0.603086711,2459.0,1.1340,6353.00,1
4282191,"K03439.01","Kepler-1502 b","CONFIRMED",2.19,41.7084063,608.0,1.1380,6434.00,1
3559860,"K03440.01","Kepler-1980 b","CONFIRMED",2.21,33.0257179,564.0,0.9900,5819.00,1
10651945,"K03441.01",,"FALSE POSITIVE",56.02,25.366990665,665.0,1.0240,6208.00,1
7117003,"K03514.01",,"FALSE POSITIVE",49.76,428.32173928,220.0,0.8060,5662.00,1
3240159,"K03515.01",,"FALSE POSITIVE",197.85,82.137609997,640.0,2.0120,6395.00,1
6147851,"K07766.01",,"FALSE POSITIVE",0.83,3.06026014,1284.0,1.0100,5878.00,1
9658118,"K03516.01",,"FALSE POSITIVE",83.77,24.0612744,749.0,1.1380,6461.00,1
7132542,"K03517.01",,"FALSE POSITIVE",61.42,66.36099916,420.0,0.8570,5583.00,1
8589754,"K03518.01",,"FALSE POSITIVE",153.32,8.939461148,1407.0,2.2250,6461.00,1
3757590,"K03520.01",,"FALSE POSITIVE",89.83,135.58607679,429.0,1.3010,6401.00,1
2437149,"K03598.01",,"FALSE POSITIVE",55.07,18.79862195,575.0,0.7960,5334.00,1
9715925,"K03599.01",,"FALSE POSITIVE",29.34,6.30828538,803.0,0.7800,5069.00,1
9529733,"K03600.01",,"FALSE POSITIVE",44.3,4.80912667,1270.0,1.1660,6462.00,1
9613070,"K03601.01",,"FALSE POSITIVE",140.22,2.33211505,1594.0,1.0940,6384.00,1
9967771,"K01875.02","Kepler-990 c","CONFIRMED",1.67,0.53835407,2386.0,1.2070,5539.00,1
10845188,"K03602.01",,"FALSE POSITIVE",48.69,249.36211832,308.0,1.0200,5940.00,1
6543893,"K01627.03",,"CANDIDATE",2.75,3.80675878,1574.0,1.7970,6068.00,3
5709103,"K07736.01",,"FALSE POSITIVE",0.46,0.664727127,2343.0,1.1160,6143.00,1
6705026,"K03374.01","Kepler-1483 b","CONFIRMED",1.65,9.5084871,1131.0,1.6680,6144.00,1
6705026,"K03374.02",,"CANDIDATE",1.95,34.1086562,739.0,1.6680,6144.00,2
6779726,"K03375.01","Kepler-1918 b","CONFIRMED",2.57,47.0563327,497.0,0.9240,5889.00,1
3098843,"K03376.02",,"FALSE POSITIVE",,179.85022331,,,,
5553959,"K03377.01",,"CANDIDATE",0.99,10.0100312,506.0,0.5080,4338.00,1
7288306,"K03443.01","Kepler-1503 b","CONFIRMED",2.07,96.169569,321.0,0.7020,5340.00,1
5887393,"K07748.01",,"FALSE POSITIVE",1.11,1.55090374,3190.0,2.9680,7612.00,1
5384713,"K03444.01",,"CANDIDATE",0.76,12.67143692,404.0,0.5290,3705.00,3
5384713,"K03444.02",,"CANDIDATE",4.98,60.32668824,240.0,0.5290,3705.00,1
5384713,"K03444.03",,"CANDIDATE",0.5,2.63595435,682.0,0.5290,3705.00,2
11860395,"K03445.01","Kepler-1504 b","CONFIRMED",4.47,82.303914,485.0,1.4250,5602.00,1
5456023,"K03521.01",,"FALSE POSITIVE",147.83,131.97827736,457.0,2.1820,4916.00,1
6187888,"K07768.01",,"FALSE POSITIVE",0.69,0.789171236,1527.0,0.8110,4776.00,1
9529744,"K01806.02","Kepler-320 c","CONFIRMED",2.8,17.9346606,1002.0,1.7750,6426.00,2
12021387,"K03522.01",,"FALSE POSITIVE",76.53,241.07074582,699.0,2.7770,9414.00,1
8044608,"K03523.01",,"FALSE POSITIVE",54.91,106.17593813,441.0,1.1410,6038.00,1
8760135,"K03524.01",,"FALSE POSITIVE",72.8,184.6467208,320.0,1.0230,5713.00,1
4073707,"K03525.01",,"FALSE POSITIVE",144.85,6.282033445,1029.0,0.9760,6074.00,1
5730394,"K03603.01",,"FALSE POSITIVE",43.06,5.519188936,932.0,0.8970,5324.00,1
6451368,"K07780.01",,"CANDIDATE",1.52,5.3360574,1667.0,2.0320,6742.00,1
6956216,"K03604.01",,"FALSE POSITIVE",51.32,4.818863794,1595.0,1.9350,6313.00,1
6137704,"K03605.01",,"FALSE POSITIVE",34.07,178.26802035,256.0,0.6960,5126.00,1
10275074,"K03606.01",,"FALSE POSITIVE",91.3,2.181555909,1730.0,1.2460,6584.00,1
9110346,"K03607.01",,"FALSE POSITIVE",172.25,0.895276162,2731.0,2.5500,5242.00,1
10259301,"K03608.01",,"FALSE POSITIVE",38.3,244.83274973,307.0,0.9930,6105.00,1
2995392,"K03379.01","Kepler-1484 b","CONFIRMED",2.6,30.4544418,624.0,0.9840,6283.00,1
3120308,"K03380.01",,"FALSE POSITIVE",1.65,10.26558924,828.0,0.9800,5774.00,1
9991621,"K03382.01",,"FALSE POSITIVE",16.74,18.9257333,639.0,0.9090,5455.00,1
8078502,"K03383.01","Kepler-1919 b","CONFIRMED",2.09,37.8862977,479.0,0.8180,5513.00,1
8644365,"K03384.01",,"CANDIDATE",3.89,10.54841329,899.0,1.0920,6047.00,2
5888187,"K07749.01",,"CANDIDATE",1.89,133.6348207,317.0,0.9180,5202.00,1
2852528,"K03446.01",,"FALSE POSITIVE",2.24,11.9615433,847.0,1.0460,6142.00,1
3348216,"K03448.01",,"CANDIDATE",2.62,32.510844,680.0,1.3580,6074.00,1
7032421,"K01747.02",,"FALSE POSITIVE",,0.56683399,,,,2
10798838,"K03449.01",,"FALSE POSITIVE",38.61,62.127677128,402.0,0.8070,5344.00,1
8560940,"K03450.01",,"FALSE POSITIVE",1.09,31.9730649,530.0,0.8110,5811.00,1
10793576,"K03451.01",,"CANDIDATE",1.58,10.90752977,955.0,1.1470,6414.00,1
10292238,"K03526.01",,"FALSE POSITIVE",53.3,143.1188694,321.0,0.8510,5713.00,1
8733497,"K03527.01",,"FALSE POSITIVE",46.61,76.81985465,379.0,0.7740,5654.00,1
4255422,"K03528.01",,"FALSE POSITIVE",112.86,165.40574995,514.0,2.1850,6061.00,1
9837544,"K03529.01",,"FALSE POSITIVE",55.04,71.661915163,365.0,0.8240,5075.00,1
7877824,"K03530.01",,"FALSE POSITIVE",68.38,9.44942685,813.0,0.9050,5754.00,1
6469946,"K07781.01",,"FALSE POSITIVE",25.52,0.715802309,1656.0,0.7570,5239.00,1
6947164,"K03531.01",,"FALSE POSITIVE",50.88,70.58284717,435.0,0.9040,5973.00,1
6233903,"K03609.01",,"FALSE POSITIVE",112.12,2.995357359,1791.0,1.9400,5949.00,1
7212066,"K03610.01",,"FALSE POSITIVE",39.38,3.840485025,1077.0,0.8230,5731.00,1
7212066,"K03610.02",,"FALSE POSITIVE",,1.92027188,,,,
7047922,"K01899.02",,"CANDIDATE",1.08,10.5226374,976.0,1.1750,6327.00,2
6675060,"K03611.01",,"FALSE POSITIVE",44.35,10.443341795,892.0,1.0050,6137.00,1
5716508,"K07737.01",,"FALSE POSITIVE",505.94,4.75307877,7040.0,180.0130,3486.00,7
10518735,"K03612.01",,"FALSE POSITIVE",53.03,19.515013291,588.0,0.8510,5349.00,1
6975129,"K01628.02","Kepler-312 b","CONFIRMED",1.02,1.772451066,1685.0,1.1490,6243.00,2
8644365,"K03384.02","Kepler-1485 b","CONFIRMED",1.41,19.9158863,728.0,1.0920,6047.00,1
9489947,"K03385.01",,"FALSE POSITIVE",88.28,54.061328105,514.0,1.1120,5786.00,1
6960487,"K03386.01",,"FALSE POSITIVE",54.35,34.525990182,607.0,1.0490,6123.00,1
5894182,"K07750.01",,"CANDIDATE",5.03,494.485085,379.0,2.5530,6303.00,1
6309264,"K03387.01",,"FALSE POSITIVE",1.08,14.2821417,625.0,0.7260,5374.00,1
7021177,"K03452.01",,"FALSE POSITIVE",61.81,18.64532882,656.0,0.8450,5931.00,1
7122259,"K03454.01",,"FALSE POSITIVE",66.27,20.882125422,737.0,1.0720,6335.00,1
6947668,"K03455.01",,"CANDIDATE",1.45,14.0545718,711.0,0.8800,5783.00,1
6364582,"K03456.01","Kepler-1505 b","CONFIRMED",1.08,30.8609783,525.0,0.8330,5627.00,1
6190535,"K07769.01",,"FALSE POSITIVE",0.89,3.652810043,1015.0,0.8310,5213.00,1
9834257,"K03457.01",,"FALSE POSITIVE",118.33,15.65134872,1396.0,3.2890,6552.00,1
10290666,"K00332.02",,"CANDIDATE",0.79,6.86674226,1018.0,1.1350,5914.00,2
9529744,"K01806.03","Kepler-320 b","CONFIRMED",2.39,8.37159554,1292.0,1.7750,6426.00,3
10748621,"K03532.01",,"FALSE POSITIVE",63.23,286.1755875,276.0,0.9460,5904.00,1
4824268,"K03533.01",,"FALSE POSITIVE",53.89,152.15144795,362.0,0.9890,6217.00,1
6527016,"K07783.01",,"FALSE POSITIVE",1.39,0.542636318,2659.0,1.6330,5277.00,1
6431670,"K03534.01",,"FALSE POSITIVE",47.83,29.911334059,471.0,0.7040,5303.00,1
7376500,"K03535.01",,"FALSE POSITIVE",125.68,5.877122485,1402.0,1.8210,5702.00,1
9636559,"K03618.01",,"FALSE POSITIVE",64.91,10.636305846,1110.0,1.3450,6781.00,1
8095110,"K03619.01",,"FALSE POSITIVE",36.63,2.1032389,1238.0,0.7860,5546.00,1
11499263,"K03620.01",,"FALSE POSITIVE",38.79,46.698200933,468.0,0.7560,5772.00,1
10328393,"K01905.02","Kepler-332 c","CONFIRMED",1.04,15.99560373,550.0,0.7210,4955.00,2
9775253,"K03621.01",,"FALSE POSITIVE",65.76,4.39451798,554.0,0.4830,3695.00,1
3858988,"K03388.01",,"FALSE POSITIVE",35.1,25.9518795,645.0,1.0780,5753.00,1
3848966,"K03389.01",,"CANDIDATE",3.98,29.7681831,917.0,2.9160,5640.00,1
10798605,"K03390.01",,"FALSE POSITIVE",42.62,56.048096688,400.0,0.7800,5222.00,1
5895083,"K07751.01",,"FALSE POSITIVE",1.14,2.25161215,2934.0,2.1840,9464.00,1
9452897,"K03391.01",,"CANDIDATE",1.28,36.7662364,336.0,0.5400,4342.00,1
9714123,"K03392.01",,"FALSE POSITIVE",31.66,50.35545898,492.0,0.9650,5936.00,1
6118370,"K03458.01","Kepler-1506 b","CONFIRMED",1.45,14.0328775,783.0,1.0010,6063.00,1
2717158,"K03459.01","Kepler-1922 b","CONFIRMED",1.75,13.2226149,740.0,0.8630,5931.00,1
6209677,"K01750.02",,"CANDIDATE",0.93,2.53742164,1220.0,0.9170,5447.00,2
6198256,"K07770.01",,"FALSE POSITIVE",1.69,3.54828691,1795.0,1.9870,6573.00,1
9664276,"K03460.01",,"CANDIDATE",2.25,62.596544,559.0,1.5090,5934.00,1
2437112,"K03461.01",,"FALSE POSITIVE",2.04,18.79852,509.0,0.7150,4808.00,1
7987086,"K03536.01",,"FALSE POSITIVE",61.44,156.51657398,367.0,1.0840,6002.00,1
7374746,"K03537.01",,"FALSE POSITIVE",43.45,1.366946478,1403.0,0.7570,5353.00,1
8668810,"K03538.01",,"FALSE POSITIVE",47.52,313.09275066,207.0,0.6730,5067.00,1
6519865,"K07782.01",,"FALSE POSITIVE",0.77,0.566813677,2269.0,0.9660,6106.00,1
8868907,"K03539.01",,"FALSE POSITIVE",56.66,157.32263943,351.0,0.9890,6109.00,1
3865298,"K03540.01",,"FALSE POSITIVE",60.49,9.53040216,805.0,0.9120,5501.00,2
10091110,"K03627.01",,"FALSE POSITIVE",16.67,4.218512654,1189.0,0.9910,6185.00,1
10091110,"K03627.02",,"FALSE POSITIVE",44.86,8.529991199,940.0,0.9910,6185.00,2
3542574,"K03628.01",,"FALSE POSITIVE",,3.47140045,,,,1
3544694,"K03629.01",,"FALSE POSITIVE",70.65,1.922862476,1827.0,1.3030,6408.00,1
11521793,"K00352.02","Kepler-143 b","CONFIRMED",2.99,16.00747237,838.0,1.3050,5857.00,2
9085563,"K03393.01","Kepler-1486 b","CONFIRMED",2.64,54.6493679,538.0,1.2820,5751.00,1
11337372,"K01650.02","Kepler-920 c","CONFIRMED",4.35,100.8276725,364.0,0.9770,5301.00,2
7748487,"K03394.01",,"CANDIDATE",1.79,15.5764061,793.0,1.0760,6214.00,1
3219037,"K03395.01",,"CANDIDATE",1.11,10.00506974,849.0,0.9240,5912.00,1
5952448,"K07753.01",,"FALSE POSITIVE",0.77,0.905675699,1780.0,0.9030,5730.00,1
5710069,"K03396.01",,"CANDIDATE",1.82,36.2580749,516.0,0.8480,5818.00,1
9967009,"K03462.01",,"CANDIDATE",1.88,12.4326997,839.0,1.2290,5480.00,1
9967009,"K03462.02",,"CANDIDATE",2.21,30.9902997,619.0,1.2290,5480.00,2
11874338,"K03464.01",,"FALSE POSITIVE",90.37,15.9750417,1143.0,3.4560,5220.00,1
9763612,"K03465.01","Kepler-1507 b","CONFIRMED",0.81,16.0505464,630.0,0.8530,5428.00,1
6199716,"K07771.01",,"FALSE POSITIVE",1.35,0.805267592,2165.0,1.1000,6268.00,1
9468384,"K03466.01",,"FALSE POSITIVE",48.38,11.082622625,793.0,0.9220,5831.00,1
8868364,"K03541.01",,"FALSE POSITIVE",54.16,421.42848194,335.0,1.7080,6235.00,1
10092312,"K01823.02",,"FALSE POSITIVE",168.68,1.096587245,1726.0,0.9420,5869.00,2
3964545,"K03542.01",,"FALSE POSITIVE",58.77,3.012476415,1388.0,1.0880,6015.00,1
9656397,"K03543.01",,"FALSE POSITIVE",97.39,204.74104758,404.0,1.4400,6517.00,1
5444491,"K07727.01",,"FALSE POSITIVE",0.67,0.759740194,2059.0,1.0070,6046.00,1
3735629,"K03544.01",,"FALSE POSITIVE",278.81,4.664186517,1683.0,3.5790,5062.00,1
8244173,"K03545.01",,"FALSE POSITIVE",40.74,1.092066399,1164.0,0.5760,4556.00,1
6546508,"K03613.01",,"FALSE POSITIVE",35.35,3.053578643,1035.0,0.7140,5414.00,1
9886224,"K03614.01",,"FALSE POSITIVE",60.35,2.992662857,1476.0,1.8370,4927.00,1
3735634,"K03615.01",,"FALSE POSITIVE",52.09,4.664188563,1221.0,1.2150,5699.00,1
5730380,"K07738.01",,"FALSE POSITIVE",0.81,0.954873008,2325.0,1.3630,6092.00,1
6058875,"K03616.01",,"FALSE POSITIVE",33.4,0.56493412,1458.0,0.5340,4748.00,1
10735564,"K03617.01",,"FALSE POSITIVE",150.48,1.674984844,3055.0,2.4510,8285.00,1
6200810,"K03397.01",,"CANDIDATE",2.35,35.8754482,668.0,1.2180,6559.00,1
3561464,"K03398.01","Kepler-1487 b","CONFIRMED",5.05,7.31945294,1682.0,3.9550,5745.00,2
3561464,"K03398.02","Kepler-1487 c","CONFIRMED",7.97,35.8007112,991.0,3.9550,5745.00,1
5962509,"K07754.01",,"FALSE POSITIVE",0.67,0.790049989,1724.0,0.8080,5427.00,1
3561464,"K03398.03",,"CANDIDATE",3.58,4.32710579,2004.0,3.9550,5745.00,3
6359802,"K03399.01",,"FALSE POSITIVE",29.61,14.15402615,495.0,0.6610,4352.00,1
7121885,"K03467.01",,"FALSE POSITIVE",138.25,33.93754213,618.0,1.0660,6220.00,1
5213404,"K03468.01","Kepler-1508 b","CONFIRMED",3.22,20.7057153,967.0,2.4370,5668.00,1
4844470,"K03469.01",,"CANDIDATE",1.91,60.532988,420.0,0.8470,5631.00,1
6205566,"K07772.01",,"FALSE POSITIVE",0.74,3.7228679,1182.0,0.9270,6046.00,1
11551692,"K01781.03","Kepler-411 d","CONFIRMED",3.46,58.0198583,354.0,0.7200,4920.00,3
9995771,"K03470.01",,"CANDIDATE",1.61,15.0617835,794.0,1.1580,5806.00,2
7287391,"K03546.01",,"FALSE POSITIVE",25.8,4.286103033,686.0,0.5910,4206.00,1
6756202,"K03547.01",,"FALSE POSITIVE",45.27,290.7778719,222.0,0.7340,5207.00,1
10215869,"K03548.01",,"FALSE POSITIVE",41.75,5.017239915,1229.0,1.0790,6519.00,1
5456319,"K07728.01",,"FALSE POSITIVE",0.52,0.937923475,1588.0,0.8050,5398.00,1
2307206,"K03549.01",,"FALSE POSITIVE",57.35,204.0329342,272.0,0.8060,5553.00,1
7025540,"K03550.01",,"FALSE POSITIVE",49.6,2.148219541,1009.0,0.6720,4694.00,1
7620844,"K03551.01",,"FALSE POSITIVE",40.43,58.621578824,385.0,0.7250,5232.00,1
6677267,"K03622.01",,"FALSE POSITIVE",110.58,3.125821128,2087.0,2.8520,6137.00,1
7732791,"K03623.01",,"FALSE POSITIVE",44.35,1.032068851,1221.0,0.7110,4387.00,1
5736801,"K07739.01",,"FALSE POSITIVE",1.09,6.6751871,890.0,0.8180,5774.00,1
8177798,"K03624.01",,"FALSE POSITIVE",92.78,1.450205839,2675.0,1.8930,7564.00,1
10489521,"K03625.01",,"FALSE POSITIVE",79.08,3.224486463,1456.0,1.1600,6389.00,1
12643582,"K03626.01",,"FALSE POSITIVE",62.24,44.14579777,504.0,0.8960,5876.00,1
9328641,"K03400.01",,"FALSE POSITIVE",2.55,33.3239576,416.0,0.5550,5192.00,1
9966219,"K03401.01",,"CANDIDATE",1.96,17.9559673,750.0,1.1950,5641.00,1
5991070,"K07756.01",,"FALSE POSITIVE",1.41,0.94102954,2761.0,2.4090,5766.00,1
5531953,"K01681.02","Kepler-1984 b","CONFIRMED",6.81,1.992812339,675.0,0.4200,3638.00,2
3757778,"K03402.01",,"FALSE POSITIVE",33.27,36.514374043,546.0,1.0000,5811.00,1
11754430,"K03403.01","Kepler-1488 b","CONFIRMED",2.23,39.818832,650.0,1.5240,5710.00,1
9995771,"K03470.02","Kepler-1509 b","CONFIRMED",2,25.4337864,667.0,1.1580,5806.00,1
11875511,"K03471.01",,"FALSE POSITIVE",36.7,67.451045,562.0,2.1910,4847.00,1
6231721,"K07773.01",,"CANDIDATE",1.04,2.69339974,1151.0,0.8630,5355.00,1
9536108,"K03472.01",,"CANDIDATE",1.14,10.43003118,906.0,1.0310,6277.00,1
8905246,"K03473.01",,"CANDIDATE",6.96,27.63714708,816.0,2.4270,5214.00,1
5213230,"K03474.01","Kepler-1923 b","CONFIRMED",1.83,52.6095103,553.0,1.2940,5881.00,1
3326377,"K01830.02","Kepler-967 c","CONFIRMED",3.56,198.7106251,258.0,0.8000,5180.00,2
6233466,"K03552.01",,"FALSE POSITIVE",630.53,15.873380595,962.0,1.8950,5622.00,1
5460434,"K07729.01",,"CANDIDATE",1.57,50.563697,761.0,2.0220,6759.00,5
11249624,"K03553.01",,"FALSE POSITIVE",41.22,65.583665567,371.0,0.6660,5516.00,1
6426592,"K03554.01",,"FALSE POSITIVE",52.16,394.67816267,235.0,0.8300,5780.00,1
8491745,"K03555.01",,"FALSE POSITIVE",63.68,111.31980522,539.0,2.5800,5022.00,1
3970117,"K03556.01",,"FALSE POSITIVE",37.88,110.29512684,362.0,0.8950,5753.00,1
11147814,"K03334.01",,"FALSE POSITIVE",28.75,95.178317934,272.0,0.6530,4523.00,1
10922659,"K03335.01","Kepler-1916 b","CONFIRMED",2.29,31.2543238,635.0,1.0920,6246.00,1
8892720,"K03336.01",,"FALSE POSITIVE",22.76,61.4911479,438.0,0.8760,5830.00,1
6021275,"K00284.04","Kepler-132 e","CONFIRMED",1.41,110.2867031,414.0,1.1010,5931.00,4
7869917,"K01525.02","Kepler-880 c","CONFIRMED",2.87,11.8061737,1407.0,2.5990,6900.00,2
11754430,"K03403.02","Kepler-1488 c","CONFIRMED",1.2,6.15828666,1212.0,1.5240,5710.00,2
6032920,"K07757.01",,"FALSE POSITIVE",0.76,10.828825742,758.0,0.7850,5862.00,1
8409295,"K03404.01","Kepler-1489 b","CONFIRMED",1.82,82.292865,400.0,0.9570,5626.00,1
7131760,"K03407.01","Kepler-1490 b","CONFIRMED",2.89,92.436978,348.0,0.7410,5595.00,1
11922778,"K03408.01",,"CANDIDATE",1.65,65.427645,453.0,0.9260,6014.00,1
9468382,"K03409.01",,"FALSE POSITIVE",7.34,11.08260553,1108.0,2.1960,5125.00,1
6145201,"K03475.01",,"FALSE POSITIVE",1.33,22.7832776,759.0,1.1590,6517.00,1
5986209,"K03476.01",,"FALSE POSITIVE",53.27,23.737952838,620.0,1.0000,5559.00,1
9226339,"K03477.01",,"FALSE POSITIVE",19.89,21.4618453,722.0,1.2130,5806.00,1
6525209,"K03479.01",,"FALSE POSITIVE",26.21,75.13194883,359.0,0.7290,5365.00,1
2975770,"K01788.02",,"CANDIDATE",3.07,369.069345,197.0,0.7780,4855.00,2
5534965,"K03557.01",,"FALSE POSITIVE",56.63,243.82122131,365.0,1.3160,6370.00,1
5512513,"K07730.01",,"FALSE POSITIVE",,0.77459856,,,,1
9965206,"K03558.01",,"FALSE POSITIVE",46.52,16.227548674,599.0,0.7950,5297.00,1
4247023,"K03559.01",,"FALSE POSITIVE",66.71,47.189437,484.0,0.9720,5458.00,1
4848423,"K03560.01",,"FALSE POSITIVE",90.92,1.501760172,1905.0,1.2900,6327.00,1
11403216,"K03561.01",,"FALSE POSITIVE",1668.79,4.05325447,1191.0,1.0390,6022.00,1
11853878,"K01833.02","Kepler-968 d","CONFIRMED",2.58,7.68433346,583.0,0.5720,4402.00,2
5774375,"K07740.01",,"FALSE POSITIVE",136.64,1.549979213,2141.0,2.0580,5408.00,1
7692093,"K03337.01",,"CANDIDATE",1.56,11.16622885,725.0,0.8360,5552.00,1
8263752,"K03338.01",,"FALSE POSITIVE",40.17,10.99381963,978.0,1.1570,6553.00,2
8263752,"K03338.02",,"FALSE POSITIVE",5.33,10.9938087,978.0,1.1570,6553.00,1
7772914,"K03339.01",,"CANDIDATE",2.55,23.1334494,638.0,0.9320,5712.00,1
3529290,"K03340.01",,"CANDIDATE",0.84,8.9539656,923.0,0.9470,6168.00,2
3529290,"K03340.02",,"CANDIDATE",1.06,13.7281373,800.0,0.9470,6168.00,1
9285265,"K03410.01","Kepler-1491 b","CONFIRMED",2.09,16.5860329,821.0,1.3890,5626.00,1
6025124,"K03411.01",,"CANDIDATE",12.68,26.83771808,658.0,1.0690,6194.00,1
5780930,"K03412.01","Kepler-1492 b","CONFIRMED",3.65,16.7525077,801.0,1.8020,4807.00,1
5531953,"K01681.03",,"CANDIDATE",10.61,3.53105835,558.0,0.4200,3638.00,4
4164393,"K03413.01",,"FALSE POSITIVE",57.08,49.612757516,536.0,1.0310,6241.00,1
6277410,"K07774.01",,"CANDIDATE",1.14,6.32589574,901.0,0.8180,5749.00,1
9843517,"K03480.01",,"CANDIDATE",1.15,11.9378354,671.0,0.7380,5469.00,1
8812045,"K03481.01",,"CANDIDATE",3.68,32.715906,902.0,3.1920,5527.00,1
7288444,"K03482.01","Kepler-1924 b","CONFIRMED",1.91,15.3317719,821.0,1.2850,5726.00,1
3101923,"K03483.01",,"CANDIDATE",2.08,82.331756,474.0,1.2420,5997.00,1
10881457,"K03484.01","Kepler-1510 b","CONFIRMED",4.17,84.704139,537.0,1.6340,6085.00,1
5513861,"K07731.01",,"FALSE POSITIVE",76.26,0.755105584,2412.0,1.1900,6592.00,1
9948002,"K03562.01",,"FALSE POSITIVE",44,101.26336282,435.0,1.0620,6309.00,1
5264304,"K03563.01",,"FALSE POSITIVE",41.71,120.58167178,291.0,0.6730,5294.00,1
10960995,"K03564.01",,"FALSE POSITIVE",35.12,1.558544209,1182.0,0.7080,4868.00,1
9592575,"K03565.01",,"FALSE POSITIVE",76.02,2.63757408,1242.0,0.9530,5639.00,1
7898576,"K03566.01",,"FALSE POSITIVE",54.24,8.64636188,1033.0,1.1340,6444.00,1
5806800,"K07741.01",,"FALSE POSITIVE",1.5,125.288206,363.0,0.9730,5881.00,1
11671429,"K03567.01",,"FALSE POSITIVE",129.04,112.46358893,692.0,2.4630,7426.00,1
5621333,"K03341.01",,"CANDIDATE",2.13,27.0965146,700.0,1.3520,5775.00,1
5621333,"K03341.02",,"CANDIDATE",1.48,11.5474983,930.0,1.3520,5775.00,2
5392897,"K03342.01",,"FALSE POSITIVE",44.7,42.39930429,542.0,0.9620,6153.00,1
3236705,"K03343.01",,"CANDIDATE",2.89,83.2664103,439.0,1.1800,5538.00,1
5282049,"K01545.02",,"FALSE POSITIVE",,5.91039905,,,,2
11810124,"K03344.01","Kepler-1471 c","CONFIRMED",1.88,11.6044881,841.0,1.1660,5533.00,2
6023859,"K03414.01",,"FALSE POSITIVE",22.32,27.009807384,330.0,0.5340,3900.00,1
3433668,"K03415.01","Kepler-1493 b","CONFIRMED",1.77,15.0219784,874.0,1.3820,5831.00,1
2849140,"K03416.01",,"CANDIDATE",1.25,11.8237228,703.0,0.8030,5559.00,1
7503885,"K03417.01","Kepler-1494 b","CONFIRMED",3.26,91.078624,415.0,1.0080,5915.00,1
3629330,"K03418.01","Kepler-1495 b","CONFIRMED",3.85,85.272459,443.0,1.0570,5922.00,1
5471289,"K03485.01",,"FALSE POSITIVE",2.66,12.42592675,790.0,0.9710,5952.00,1
8121328,"K03486.01",,"CANDIDATE",1.63,19.0689513,627.0,0.8890,5418.00,1
9783760,"K03487.01",,"FALSE POSITIVE",38.01,89.7398137,363.0,0.7470,5777.00,1
9528430,"K03489.01",,"FALSE POSITIVE",49.2,90.08255562,666.0,2.3430,6523.00,1
5529552,"K07732.01",,"FALSE POSITIVE",0.64,0.759768478,1737.0,0.8150,5481.00,1
8882847,"K03490.01",,"FALSE POSITIVE",37.39,42.2011587,671.0,1.4490,6200.00,1
9773869,"K03568.01",,"FALSE POSITIVE",78.3,15.65129028,792.0,1.1030,6137.00,1
6707942,"K03569.01",,"FALSE POSITIVE",15.49,9.014220178,661.0,0.7300,4842.00,1
5023948,"K03570.01",,"FALSE POSITIVE",55.44,1.824653341,1680.0,0.9410,6413.00,1
5113053,"K03571.01",,"FALSE POSITIVE",92.5,3.185090259,1564.0,1.2790,6516.00,1
5817957,"K07742.01",,"FALSE POSITIVE",3.66,372.76888,242.0,0.8940,5800.00,1
11853878,"K01833.03","Kepler-968 c","CONFIRMED",1.51,5.70940795,644.0,0.5720,4402.00,3
4743508,"K03572.01",,"FALSE POSITIVE",1543.74,2.086076372,1645.0,1.1190,6124.00,1
11810124,"K03344.02","Kepler-1471 b","CONFIRMED",1.68,3.63898953,1238.0,1.1660,5533.00,1
11303322,"K03345.01","Kepler-1472 b","CONFIRMED",1.54,38.1303324,613.0,1.1060,6370.00,1
11241912,"K03346.01","Kepler-1473 b","CONFIRMED",1.53,14.42735088,783.0,1.0400,5929.00,1
6043538,"K07759.01",,"CANDIDATE",1.92,6.2253374,1378.0,1.7260,6263.00,1
8824737,"K03347.01","Kepler-1917 b","CONFIRMED",1.49,12.90235874,675.0,0.7880,5530.00,1
9349757,"K03348.01","Kepler-1474 b","CONFIRMED",2.2,36.4337867,561.0,1.0990,5566.00,1
11519134,"K03419.01",,"FALSE POSITIVE",149.98,58.5850357,707.0,1.9940,6379.00,1
7289338,"K03420.02",,"CANDIDATE",2.24,12.5014905,952.0,1.4920,5821.00,1
5004909,"K03421.01",,"CANDIDATE",1.7,40.6511021,651.0,1.3690,6297.00,1
6278670,"K07775.01",,"CANDIDATE",3.46,89.945828,509.0,1.9240,5115.00,2
5898983,"K03422.01",,"CANDIDATE",13.01,40.1454757,1640.0,7.1620,7852.00,1
7703955,"K01707.02","Kepler-315 c","CONFIRMED",4.2,265.47847,291.0,1.0050,5792.00,2
8552719,"K01792.02",,"FALSE POSITIVE",0.77,1.546222068,1578.0,1.0730,5611.00,3
12164634,"K03491.01",,"FALSE POSITIVE",8.02,89.3313828,558.0,1.4670,6860.00,1
5193077,"K03492.01",,"FALSE POSITIVE",1.5,22.2941485,760.0,1.3920,5915.00,1
5617259,"K07733.01",,"CANDIDATE",4.52,1.048130894,3871.0,3.2140,7673.00,1
8880123,"K03493.01","Kepler-1925 b","CONFIRMED",2.03,46.7162336,531.0,1.0920,5856.00,1
9474756,"K03495.01",,"CANDIDATE",1.72,17.6062701,753.0,1.1590,5808.00,1
10068919,"K03573.01",,"FALSE POSITIVE",80.02,43.56225858,624.0,1.2160,6411.00,1
7353970,"K03574.01",,"FALSE POSITIVE",41.72,198.443477,279.0,0.8680,5420.00,1
12316447,"K03575.01",,"FALSE POSITIVE",282.86,17.907664726,746.0,1.0410,6173.00,1
5823557,"K07743.01",,"FALSE POSITIVE",0.85,2.4044122,1662.0,1.2490,6398.00,1
10491554,"K03576.01",,"FALSE POSITIVE",104.17,22.77196484,835.0,1.5570,6049.00,1
9785454,"K03577.01",,"FALSE POSITIVE",23.38,184.52015392,275.0,0.7760,5341.00,1
8636333,"K03349.01","Kepler-1475 b","CONFIRMED",2.24,82.175197,441.0,0.9540,6247.00,1
7136958,"K03350.01",,"FALSE POSITIVE",1183.06,29.015852933,592.0,0.9410,5783.00,1
1995732,"K03351.01",,"FALSE POSITIVE",41.66,77.36241476,362.0,0.7900,5359.00,1
6069674,"K07761.01",,"FALSE POSITIVE",4.41,495.71095,330.0,1.9530,6054.00,1
8081239,"K03352.01","Kepler-1476 b","CONFIRMED",1.68,10.35857039,860.0,1.0200,5893.00,1
5308663,"K01562.02",,"CANDIDATE",2.25,20.0679247,662.0,0.9040,5997.00,2
3745559,"K03423.01","Kepler-1920 b","CONFIRMED",2.8,30.2541186,660.0,1.1610,6277.00,1
8356054,"K03424.01",,"FALSE POSITIVE",39.24,17.081202417,585.0,0.7080,5431.00,1
9117416,"K03425.01","Kepler-1921 b","CONFIRMED",2.24,20.034708,967.0,2.0000,6120.00,1
6356400,"K07776.01",,"CANDIDATE",3.15,541.92452,144.0,0.6140,4378.00,1
9117416,"K03425.02","Kepler-1921 c","CONFIRMED",1.41,3.15722086,1791.0,2.0000,6120.00,2
5900235,"K03426.01",,"CANDIDATE",1.57,58.7701045,508.0,1.0130,6158.00,1
9474756,"K03495.02",,"CANDIDATE",1.25,6.685438,1040.0,1.1590,5808.00,2
7517261,"K03496.01","Kepler-1511 b","CONFIRMED",2.18,23.2385587,903.0,1.6850,6602.00,1
7517261,"K03496.02",,"CANDIDATE",1.58,8.5433774,1260.0,1.6850,6602.00,2
5653795,"K07734.01",,"FALSE POSITIVE",7.23,118.314913,786.0,4.7630,6190.00,2
8424002,"K03497.01","Kepler-1512 b","CONFIRMED",0.8,20.35971899,276.0,0.3440,3419.00,1
8635938,"K03498.01",,"FALSE POSITIVE",48.52,43.798566,721.0,2.2270,5611.00,1
10464666,"K03578.01",,"FALSE POSITIVE",54.38,131.73630485,413.0,1.6690,5102.00,1
5024292,"K03579.01",,"FALSE POSITIVE",93.01,4.301031137,1454.0,1.5480,6386.00,1
4659255,"K03580.01",,"FALSE POSITIVE",38.49,198.01379181,260.0,0.7080,5359.00,1
8263746,"K03581.01",,"FALSE POSITIVE",52.69,10.9938268,627.0,0.7430,4856.00,1
5877292,"K07744.01",,"CANDIDATE",1.34,11.7201693,870.0,1.0670,6193.00,1
10657406,"K01837.02","Kepler-969 c","CONFIRMED",1.06,1.682934607,1270.0,0.8340,5201.00,2
3428468,"K03582.01",,"FALSE POSITIVE",42.78,114.90862419,259.0,0.7370,4412.00,1
7091432,"K03353.01","Kepler-1477 b","CONFIRMED",1.7,11.55532445,674.0,0.8030,5149.00,1
9845909,"K03354.01",,"CANDIDATE",1.33,11.5706005,771.0,0.9000,5718.00,1
9221528,"K03355.01",,"CANDIDATE",1.6,16.2953228,773.0,1.0130,6187.00,1
6106046,"K07762.01",,"CANDIDATE",1.38,8.5073512,891.0,0.9550,5914.00,1
6368230,"K03356.01","Kepler-1478 b","CONFIRMED",1.35,26.0841212,598.0,0.8350,6083.00,1
7115291,"K03357.01",,"FALSE POSITIVE",75.82,52.802767576,472.0,0.9010,5835.00,1
9907505,"K03427.01",,"FALSE POSITIVE",50.2,39.206808648,516.0,0.8610,5945.00,1
9027909,"K03428.01","Kepler-1496 b","CONFIRMED",2.12,64.6589166,535.0,1.3950,5821.00,1
9230021,"K03429.01",,"CANDIDATE",1.8,15.8283833,758.0,1.1450,5596.00,2
6369845,"K07777.01",,"FALSE POSITIVE",5.15,27.6760342,951.0,3.2240,5123.00,1
9230021,"K03429.02","Kepler-1497 b","CONFIRMED",1.94,8.74192361,924.0,1.1450,5596.00,1
9230021,"K03429.03",,"FALSE POSITIVE",1.57,26.936878,617.0,0.9980,5878.00,
3662838,"K00302.02",,"FALSE POSITIVE",,53.34418038,,,,
5471688,"K03499.01",,"FALSE POSITIVE",0.85,12.4281308,715.0,0.7290,5940.00,1
8552719,"K01792.03","Kepler-953 c","CONFIRMED",1.32,9.10969334,873.0,1.0730,5611.00,2
5471688,"K03499.02",,"FALSE POSITIVE",0.74,0.96283264,1686.0,0.7330,5955.00,3
6058816,"K03500.01","Kepler-1927 b","CONFIRMED",3.78,73.7502765,677.0,2.4810,6056.00,1
6058816,"K03500.02",,"CANDIDATE",1.57,4.7482669,1690.0,2.4810,6056.00,2
5130740,"K03583.01",,"FALSE POSITIVE",101.13,210.30644361,525.0,2.0170,7591.00,1
9892471,"K03584.01",,"FALSE POSITIVE",50.31,8.268081087,863.0,0.9220,5749.00,1
2019076,"K03585.01",,"FALSE POSITIVE",46,3.564614021,1187.0,0.8920,5891.00,1
5879448,"K07745.01",,"FALSE POSITIVE",2.6,533.47707,315.0,1.7590,6077.00,1
7376490,"K03586.01",,"FALSE POSITIVE",45.95,5.877122413,1061.0,1.0430,5778.00,1
11968513,"K03587.01",,"FALSE POSITIVE",463.05,1.036592635,4194.0,8.7470,4884.00,1
4263529,"K03358.01",,"CANDIDATE",4.05,10.10404351,752.0,0.8310,5530.00,1
7866921,"K03360.01",,"FALSE POSITIVE",21.86,91.4999978,335.0,0.7740,5263.00,1
6619815,"K03361.01","Kepler-1696 b","CONFIRMED",2.33,65.9407869,454.0,0.9600,5982.00,1
6113752,"K07763.01",,"FALSE POSITIVE",1.96,406.45737,278.0,1.1410,6217.00,1
3098197,"K03362.01",,"FALSE POSITIVE",43.01,30.47639859,542.0,0.7870,5913.00,1
11651712,"K03363.01","Kepler-1479 b","CONFIRMED",1.69,14.53260546,746.0,0.9320,6003.00,1
9896558,"K01718.02","Kepler-937 c","CONFIRMED",2.14,153.348739,377.0,1.0800,6127.00,2
7697103,"K03430.01",,"CANDIDATE",0.9,13.9248005,588.0,0.6480,5271.00,1
9267996,"K03431.01",,"CANDIDATE",2.08,19.6001405,676.0,0.9320,6003.00,1
7045605,"K07808.01",,"FALSE POSITIVE",5.7,361.526458,410.0,1.9230,7196.00,2
8738775,"K03432.01","Kepler-1498 b","CONFIRMED",2.36,48.0506878,564.0,1.4530,5332.00,1
7093401,"K03433.01",,"CANDIDATE",36.05,34.08429351,506.0,0.9220,5252.00,1
7877818,"K03816.01",,"FALSE POSITIVE",75.22,9.44942628,1192.0,2.6640,5092.00,2
5636642,"K03817.01",,"FALSE POSITIVE",48.01,0.933489066,1979.0,1.0840,5758.00,1
6515722,"K03818.01",,"FALSE POSITIVE",3.74,1.908525084,3191.0,2.4710,9174.00,3
6679504,"K07788.01",,"FALSE POSITIVE",0.82,0.798467681,1718.0,0.7330,5575.00,1
5560831,"K03819.01",,"FALSE POSITIVE",67,0.867721348,2089.0,1.2760,5510.00,1
5305404,"K03820.01",,"FALSE POSITIVE",5.04,161.252567,318.0,0.8110,5985.00,1
3728432,"K03893.01","Kepler-1526 b","CONFIRMED",1.86,3.90863457,787.0,0.6530,4518.00,1
6696580,"K02092.03","Kepler-359 d","CONFIRMED",29.77,77.086191,464.0,1.0490,6228.00,3
5473535,"K03894.01",,"FALSE POSITIVE",23.42,1.673662758,1729.0,1.0530,6444.00,1
12106934,"K03895.01",,"FALSE POSITIVE",594.32,5.93717724,1005.0,1.0000,5780.00,1
6222898,"K03896.01",,"FALSE POSITIVE",1.24,3.89043062,1106.0,0.8960,5646.00,1
3955866,"K03897.01",,"FALSE POSITIVE",2.66,16.8282542,668.0,0.9720,5575.00,
11200767,"K03667.01",,"FALSE POSITIVE",59.57,2.489549075,1708.0,1.4060,6184.00,1
9892816,"K01955.03","Kepler-342 e","CONFIRMED",1.18,1.644221032,1897.0,1.3690,6297.00,3
8589731,"K03668.01",,"FALSE POSITIVE",84.63,4.469731089,1614.0,2.3180,5758.00,1
4356766,"K03669.01",,"FALSE POSITIVE",22.87,1.731803197,1526.0,1.0290,5761.00,1
2167890,"K03670.01",,"FALSE POSITIVE",126.54,2.64830047,3042.0,9.2780,4839.00,1
5384079,"K02011.02","Kepler-348 c","CONFIRMED",1.16,17.2653659,888.0,1.4020,6388.00,2
4935914,"K03743.01",,"FALSE POSITIVE",54.53,3.486318703,1201.0,1.0000,5780.00,1
11303811,"K03744.01",,"FALSE POSITIVE",25.95,1.705780649,1101.0,0.5910,4970.00,1
2437783,"K03745.01",,"FALSE POSITIVE",1044.28,7.45306683,932.0,1.0000,5780.00,1
12062660,"K03746.01",,"FALSE POSITIVE",51.67,2.929299629,1272.0,1.0000,5780.00,1
9777087,"K03747.01",,"FALSE POSITIVE",34.03,5.50811352,778.0,0.6240,5188.00,1
5956776,"K03821.01",,"FALSE POSITIVE",156.15,0.569115097,3357.0,1.7050,7174.00,1
8883727,"K03822.01",,"FALSE POSITIVE",25.8,2.529073751,1137.0,0.7660,5465.00,1
4820550,"K03823.01",,"CANDIDATE",5.8,202.1168173,286.0,0.9170,5536.00,1
6516874,"K03824.01",,"FALSE POSITIVE",50.7,0.916326699,1917.0,0.9720,6046.00,1
11709124,"K00435.03","Kepler-154 b","CONFIRMED",2.36,33.0405509,561.0,0.9710,5688.00,5
9161118,"K03898.01",,"FALSE POSITIVE",27.42,1.306723495,1170.0,0.6570,4651.00,1
3556229,"K03899.01",,"FALSE POSITIVE",56.89,0.7967202,1964.0,1.0000,5780.00,1
11911580,"K03900.01",,"FALSE POSITIVE",28.76,359.102042,290.0,1.1080,6355.00,1
9480535,"K03901.01","Kepler-1527 b","CONFIRMED",6.67,160.130899,450.0,1.7590,6092.00,1
10583225,"K03902.01",,"FALSE POSITIVE",1.46,2.69634575,1287.0,1.0510,5418.00,1
5215251,"K03903.01",,"FALSE POSITIVE",32.67,2.553924603,1352.0,0.9860,5993.00,1
10383696,"K03671.01",,"FALSE POSITIVE",46.24,8.487871809,798.0,0.8550,5553.00,1
9777090,"K03672.01",,"FALSE POSITIVE",39.18,5.50817321,768.0,0.6440,5051.00,1
11455484,"K03673.01",,"FALSE POSITIVE",31.9,6.142812722,994.0,1.0000,5780.00,1
2446623,"K03674.01",,"FALSE POSITIVE",40.63,175.06586091,312.0,0.8190,6021.00,1
9596089,"K03675.01",,"FALSE POSITIVE",51.9,20.8392148,584.0,0.8120,5378.00,1
5738506,"K03676.01",,"FALSE POSITIVE",73.07,9.50158045,860.0,1.0000,5780.00,2
9777087,"K03747.02",,"FALSE POSITIVE",3.52,19.226055,513.0,0.6210,5193.00,3
4247807,"K03748.01",,"FALSE POSITIVE",34.84,2.050435466,1278.0,0.8250,5440.00,1
11547869,"K03749.01",,"CANDIDATE",12.85,10.72725536,307.0,0.2680,3324.00,1
7700590,"K03750.01",,"FALSE POSITIVE",39.32,1.507101452,1573.0,0.8760,5884.00,1
9053086,"K03751.01",,"FALSE POSITIVE",63.68,1.274841686,2025.0,1.2810,6211.00,1
3128552,"K02055.02","Kepler-1073 c","CONFIRMED",1.79,4.02582434,1169.0,1.1160,5509.00,2
5467113,"K03825.01",,"FALSE POSITIVE",135.99,2.845746618,1667.0,1.7760,5641.00,1
8240123,"K03826.01",,"FALSE POSITIVE",28.64,2.30120705,1254.0,0.8500,5641.00,1
5114623,"K03827.01",,"FALSE POSITIVE",37.23,337.377514,271.0,0.9980,6029.00,
5114623,"K03827.02",,"FALSE POSITIVE",,389.28075044,,,,
10031907,"K03828.01",,"FALSE POSITIVE",27.86,8.58965725,828.0,0.8920,5697.00,1
6525946,"K02093.02",,"CANDIDATE",12.28,2.508116,3662.0,8.7690,5096.00,2
5480736,"K03904.01",,"FALSE POSITIVE",23.05,8.56751264,972.0,1.0540,6212.00,1
8487748,"K03905.01",,"FALSE POSITIVE",15.14,1.061934313,1104.0,0.5660,4304.00,1
9892856,"K03906.01",,"FALSE POSITIVE",26.22,2.406574511,1481.0,1.1070,6167.00,1
7137213,"K03907.01",,"FALSE POSITIVE",5.82,28.64338839,871.0,1.7670,6507.00,1
6795089,"K07792.01",,"FALSE POSITIVE",29.26,96.231257,965.0,9.5290,4895.00,1
3340313,"K03677.01",,"FALSE POSITIVE",63.57,30.5528701,685.0,1.1650,6441.00,1
9892816,"K01955.04","Kepler-342 c","CONFIRMED",2.76,26.2347447,754.0,1.3690,6297.00,4
4150804,"K03678.01","Kepler-1513 b","CONFIRMED",9.09,160.88451966,346.0,1.0440,5650.00,1
5021174,"K03679.01",,"FALSE POSITIVE",67.94,4.04506346,1143.0,1.0000,5780.00,1
9025971,"K03680.01","Kepler-1657 b","CONFIRMED",11.49,141.2415405,352.0,1.0170,5705.00,1
2581316,"K03681.01","Kepler-1514 b","CONFIRMED",11.17,217.83184293,343.0,1.1670,6259.00,1
9973109,"K02018.02",,"CANDIDATE",1.14,16.0988294,705.0,0.9110,5657.00,2
6314185,"K03752.01",,"FALSE POSITIVE",5.67,1.433262145,1769.0,1.0680,5977.00,1
8620561,"K03753.01",,"FALSE POSITIVE",43.07,0.782046543,1372.0,0.5910,4768.00,1
8937019,"K03754.01",,"FALSE POSITIVE",54.55,5.663604992,1021.0,1.0000,5780.00,1
9896435,"K03755.01",,"FALSE POSITIVE",39.16,18.076610347,533.0,0.7640,4848.00,1
10352938,"K03756.01",,"FALSE POSITIVE",13.68,6.47173281,1338.0,1.6850,6318.00,1
10676927,"K03830.01",,"FALSE POSITIVE",27.35,1.031100362,1584.0,0.7520,5666.00,1
5649836,"K03831.01",,"FALSE POSITIVE",63.46,0.597933142,2161.0,1.0000,5780.00,1
7620660,"K03832.01",,"FALSE POSITIVE",7.97,5.36652724,982.0,0.8490,5858.00,1
3836399,"K03834.01",,"FALSE POSITIVE",17.63,1.540392098,1210.0,0.7240,4911.00,1
2581554,"K03835.01","Kepler-1521 b","CONFIRMED",2.58,47.1484324,391.0,0.7340,4975.00,1
3128552,"K02055.03","Kepler-1073 d","CONFIRMED",1.48,2.50475282,1369.0,1.1160,5509.00,3
10363115,"K03908.01","Kepler-1929 b","CONFIRMED",2.23,59.3627946,566.0,1.4710,5786.00,1
5966810,"K03909.01",,"CANDIDATE",4.74,247.891041,367.0,1.5360,6121.00,1
10491062,"K03910.01",,"FALSE POSITIVE",21.72,2.199076661,1179.0,0.7910,5310.00,1
9761615,"K03911.01","Kepler-1528 b","CONFIRMED",1.29,1.79110997,1549.0,0.9990,6040.00,1
4058881,"K03912.01",,"FALSE POSITIVE",1.69,7.77241144,938.0,0.9930,6014.00,1
6863158,"K07793.01",,"CANDIDATE",0.46,1.99469354,758.0,0.5100,3799.00,1
2581316,"K03681.02","Kepler-1514 c","CONFIRMED",1.25,10.51421162,943.0,1.1670,6259.00,2
8621353,"K03682.01",,"FALSE POSITIVE",62.52,11.344347453,810.0,1.0000,5780.00,1
10795103,"K03683.01","Kepler-1515 b","CONFIRMED",9.17,214.3120439,380.0,1.3570,6471.00,1
9394601,"K03684.01",,"FALSE POSITIVE",37.24,0.876826336,2042.0,0.9620,6344.00,1
8494410,"K03685.01",,"FALSE POSITIVE",29.95,208.86909724,316.0,0.9870,5914.00,1
8494410,"K03685.02","Kepler-1516 b","CONFIRMED",1.57,7.2593226,967.0,0.9870,5914.00,2
6863161,"K03757.01",,"FALSE POSITIVE",134.5,1.98663794,3234.0,2.6190,9191.00,1
7840035,"K03758.01",,"FALSE POSITIVE",26.65,13.54208867,727.0,0.9270,5496.00,1
8543279,"K03759.01",,"FALSE POSITIVE",34.45,7.549303633,794.0,0.8150,5402.00,1
8047283,"K03760.01",,"FALSE POSITIVE",35.53,0.77544539,1883.0,0.8650,5861.00,1
8308347,"K03761.01",,"CANDIDATE",11.23,164.950399,252.0,0.6640,5001.00,2
7090867,"K07810.01",,"FALSE POSITIVE",18.98,308.255238,576.0,7.7970,4852.00,1
7612691,"K03836.01",,"FALSE POSITIVE",2.52,3.46724809,841.0,0.5430,4969.00,1
9761573,"K03837.01",,"FALSE POSITIVE",43.5,7.4413445,1136.0,1.1830,6540.00,1
8042789,"K03838.01",,"FALSE POSITIVE",25.43,4.618309224,947.0,0.8150,5452.00,1
10095484,"K03839.01",,"FALSE POSITIVE",22.15,0.677761275,1906.0,0.8530,5699.00,1
5467102,"K03840.01",,"FALSE POSITIVE",44.7,2.845739012,1294.0,0.9600,5982.00,1
6780367,"K07789.01",,"FALSE POSITIVE",2.9,175.358905,420.0,2.0200,5109.00,1
10281221,"K03913.01",,"CANDIDATE",5.87,0.582895412,2347.0,1.0090,6263.00,1
6525946,"K02093.03",,"CANDIDATE",10,0.496069986,6285.0,8.7690,5096.00,3
5471496,"K03914.01",,"FALSE POSITIVE",3.48,12.42618005,551.0,0.6840,4624.00,1
4544620,"K03915.01",,"FALSE POSITIVE",23.25,2.189090653,1185.0,0.7770,5401.00,1
5784777,"K03916.01","Kepler-1529 b","CONFIRMED",1.9,5.33905606,817.0,0.7040,5057.00,1
6863187,"K07794.01",,"FALSE POSITIVE",0.94,1.99492332,1451.0,0.9710,5957.00,1
6949061,"K01960.02","Kepler-343 c","CONFIRMED",2.42,23.2218115,746.0,1.3740,5808.00,2
9719636,"K03686.01",,"FALSE POSITIVE",24.15,3.351573993,1282.0,1.0330,5984.00,1
2452440,"K03687.01",,"FALSE POSITIVE",24.01,8.097050622,891.0,0.8940,5753.00,1
5020034,"K03688.01",,"FALSE POSITIVE",77.23,2.119107262,1851.0,1.4230,6381.00,1
7017372,"K03689.01",,"CANDIDATE",12.74,5.24088367,1320.0,1.3050,6452.00,1
6974867,"K07800.01",,"FALSE POSITIVE",1.53,0.887691177,2709.0,2.4910,5500.00,1
7102316,"K02028.03","Kepler-351 d","CONFIRMED",2.52,142.545,318.0,0.8460,5642.00,3
11518142,"K03762.01","Kepler-1519 b","CONFIRMED",10.31,240.7990472,342.0,1.3850,5758.00,1
3114667,"K03763.01",,"FALSE POSITIVE",43.7,0.888584158,1211.0,0.6160,4324.00,1
12109845,"K03765.01",,"FALSE POSITIVE",144.5,0.865959015,1162.0,0.4690,4561.00,1
3954227,"K03766.01",,"FALSE POSITIVE",266.99,0.594276199,1564.0,0.6670,4756.00,1
8651551,"K03841.01",,"FALSE POSITIVE",27.85,1.527491117,988.0,0.5950,4273.00,1
7115550,"K07811.01",,"FALSE POSITIVE",0.56,0.566814046,2039.0,0.8270,5724.00,1
9532637,"K03842.01",,"FALSE POSITIVE",44.79,0.61496383,1460.0,0.6630,4509.00,3
5305451,"K03843.01",,"FALSE POSITIVE",4.98,161.253747,295.0,0.8030,5570.00,1
7174349,"K03844.01",,"FALSE POSITIVE",34.74,2.974163938,1266.0,1.0000,5780.00,1
11824218,"K03845.01",,"FALSE POSITIVE",670.04,15.84131693,2252.0,19.6950,4993.00,1
3128552,"K02055.04",,"CANDIDATE",1.26,6.13074243,916.0,0.8330,5741.00,
10788461,"K03925.01","Kepler-1530 d","CONFIRMED",5.5,9.2075634,972.0,1.3030,5678.00,1
10788461,"K03925.02","Kepler-1530 b","CONFIRMED",2.55,2.5903958,1484.0,1.3030,5678.00,2
10788461,"K03925.03","Kepler-1530 c","CONFIRMED",2.69,5.3235335,1167.0,1.3030,5678.00,3
11667548,"K03926.01",,"FALSE POSITIVE",41.62,0.831741499,2198.0,1.1400,6343.00,1
8868649,"K03927.01",,"FALSE POSITIVE",2.06,4.44737112,1068.0,0.9810,5472.00,1
9715939,"K03690.01",,"FALSE POSITIVE",62.52,12.893018017,1004.0,1.4080,6387.00,1
6887030,"K07795.01",,"CANDIDATE",0.97,5.44085762,892.0,0.7620,5519.00,1
4751083,"K03691.01",,"FALSE POSITIVE",62.25,4.532416322,1328.0,1.2810,6306.00,1
4751083,"K03691.02",,"FALSE POSITIVE",,2.26631937,,,,
5903301,"K03692.01",,"FALSE POSITIVE",60.47,1.160153553,2183.0,1.3820,6200.00,1
7695087,"K03693.01",,"FALSE POSITIVE",378.61,4.032760214,2582.0,9.4330,4969.00,1
6200709,"K03694.01",,"FALSE POSITIVE",18.83,3.723552982,1176.0,0.8900,6063.00,1
8323764,"K03767.01",,"CANDIDATE",14.78,6.714247798,809.0,0.8000,5159.00,1
7013923,"K07801.01",,"FALSE POSITIVE",0.87,2.21396079,1123.0,0.8230,4922.00,1
5360082,"K03768.01",,"FALSE POSITIVE",8,11.35501209,534.0,0.5670,4594.00,1
6543683,"K03769.01",,"FALSE POSITIVE",49.33,1.195515251,1959.0,1.1550,6040.00,1
5008245,"K03770.01",,"CANDIDATE",7.31,2.60720833,1561.0,1.2360,6366.00,1
10555365,"K03771.01",,"FALSE POSITIVE",14,5.80184753,989.0,0.9210,5687.00,1
5481426,"K03772.01",,"FALSE POSITIVE",66.14,2.38404983,1363.0,1.0000,5780.00,1
7983756,"K03846.01",,"FALSE POSITIVE",24.73,5.24078259,1080.0,0.9170,6192.00,1
7289165,"K03847.01",,"FALSE POSITIVE",2.62,5.26641416,1421.0,1.6020,6338.00,1
12784167,"K03848.01","Kepler-1522 b","CONFIRMED",1.51,1.847892736,1374.0,0.8420,5763.00,1
8949316,"K03849.01",,"FALSE POSITIVE",23.28,0.604358764,997.0,0.4270,3569.00,1
8912730,"K03850.01",,"FALSE POSITIVE",82.26,11.3775281,1177.0,1.6600,6943.00,1
9784230,"K03851.01",,"FALSE POSITIVE",62.38,0.7981968,1963.0,1.0000,5780.00,2
11466960,"K03917.01",,"FALSE POSITIVE",2.58,0.695954898,2740.0,1.4250,6737.00,1
3124420,"K03918.01",,"FALSE POSITIVE",115.31,0.948951607,1853.0,1.0000,5780.00,1
4649440,"K03919.01",,"FALSE POSITIVE",108.54,19.37070781,1180.0,4.3350,5321.00,1
2437488,"K03920.01",,"FALSE POSITIVE",85.84,14.46993942,1713.0,9.0430,4735.00,1
10083623,"K03921.01",,"FALSE POSITIVE",5.19,1.278555003,1515.0,0.8270,5636.00,1
11253711,"K01972.02","Kepler-1031 b","CONFIRMED",1,1.226223959,2024.0,1.3400,5855.00,2
8043052,"K03695.01",,"FALSE POSITIVE",27.47,2.244600029,1190.0,0.8020,5256.00,1
5435816,"K03696.01",,"FALSE POSITIVE",46.38,181.8521773,333.0,1.0120,6063.00,1
8559589,"K03697.01",,"FALSE POSITIVE",46.33,223.1127475,332.0,1.0560,6211.00,1
4372765,"K03698.01",,"FALSE POSITIVE",77.18,15.64064161,921.0,1.3740,6517.00,1
9489524,"K02029.03","Kepler-352 d","CONFIRMED",0.72,6.8873113,788.0,0.7720,5208.00,3
10268903,"K03773.01",,"FALSE POSITIVE",,1.103978,,,,1
7017437,"K07802.01",,"FALSE POSITIVE",21.42,43.8496474,1286.0,10.3630,4893.00,1
7220320,"K03775.01",,"FALSE POSITIVE",106.66,0.752158047,2869.0,2.2210,5770.00,1
9291378,"K03776.01",,"FALSE POSITIVE",40.83,3.796488133,1233.0,1.0180,6137.00,1
4075067,"K03777.01",,"CANDIDATE",146.63,17.7476059,1998.0,4.8320,8992.00,1
4949524,"K03852.01",,"FALSE POSITIVE",31.39,1.233076007,1513.0,0.8170,5602.00,1
2697935,"K03853.01",,"FALSE POSITIVE",534.47,21.5135234,1006.0,3.3180,5088.00,1
6531143,"K07784.01",,"FALSE POSITIVE",1.53,19.4444573,749.0,1.0810,6278.00,1
3550434,"K03854.01",,"FALSE POSITIVE",22.76,1.1910489,1348.0,0.6930,5089.00,1
2558370,"K03855.01",,"FALSE POSITIVE",54.23,0.546248198,2227.0,1.0000,5780.00,1
12301181,"K02059.02",,"CANDIDATE",0.44,2.18565886,1087.0,0.7460,4997.00,2
5397166,"K03856.01",,"FALSE POSITIVE",95.19,1.811966339,2573.0,3.3480,5904.00,1
7024530,"K03922.01",,"FALSE POSITIVE",9.69,66.1539783,468.0,0.9990,6077.00,1
5015459,"K03923.01",,"FALSE POSITIVE",25.41,158.3226379,211.0,0.5720,4340.00,1
11709124,"K00435.04","Kepler-154 e","CONFIRMED",1.5,3.93276627,1140.0,0.9710,5688.00,4
8505920,"K02094.02","Kepler-1090 b","CONFIRMED",2.79,198.680859,297.0,1.0130,5330.00,2
1433980,"K03924.01",,"FALSE POSITIVE",100.2,1.592634161,2255.0,1.7680,6574.00,1
2438490,"K03699.01",,"FALSE POSITIVE",27.77,3.31577795,1104.0,0.8490,5528.00,1
3838496,"K03700.01",,"FALSE POSITIVE",89.85,2.990252395,1264.0,1.0000,5780.00,1
6470521,"K03701.01",,"FALSE POSITIVE",510.48,2.08043378,1629.0,1.1190,6377.00,1
2449090,"K03702.01",,"FALSE POSITIVE",54.29,4.944046127,1069.0,1.0000,5780.00,1
5652260,"K03703.01",,"FALSE POSITIVE",43.21,4.464565251,1024.0,0.8530,5743.00,1
2569494,"K03704.01",,"FALSE POSITIVE",38.95,1.523298835,1404.0,0.8660,5311.00,1
12405950,"K03778.01",,"FALSE POSITIVE",39.34,3.539631353,2214.0,2.6290,7021.00,1
5206233,"K03779.01",,"FALSE POSITIVE",215.89,6.195861785,883.0,0.8130,5608.00,1
7031066,"K07803.01",,"FALSE POSITIVE",0.82,0.566805514,1920.0,0.9170,5115.00,1
6775985,"K03780.01",,"FALSE POSITIVE",21.5,27.961084,796.0,1.3610,6770.00,1
11357192,"K03782.01",,"FALSE POSITIVE",37.5,186.5168116,452.0,2.9900,5018.00,1
9533489,"K03783.01",,"FALSE POSITIVE",72.16,197.1455327,498.0,1.9350,7214.00,1
11825057,"K03857.01",,"FALSE POSITIVE",74.83,0.532087933,2247.0,1.0000,5780.00,1
12306699,"K03858.01",,"FALSE POSITIVE",23.55,3.204222652,979.0,0.7410,5139.00,1
9692336,"K03859.01",,"FALSE POSITIVE",55.58,0.687898282,2062.0,1.0000,5780.00,1
9641008,"K03860.01",,"FALSE POSITIVE",19.46,2.178154774,1180.0,0.7120,5515.00,1
8588377,"K03861.01",,"FALSE POSITIVE",31.84,0.99466172,1898.0,1.0210,5750.00,1
3644601,"K03862.01",,"FALSE POSITIVE",28.57,359.00688,237.0,0.8340,5715.00,1
4242692,"K03928.01","Kepler-1531 b","CONFIRMED",1.45,1.138548215,2537.0,1.7130,6520.00,1
8781480,"K03929.01",,"FALSE POSITIVE",1680.99,121.0598037,1792.0,60.6880,3942.00,1
6783732,"K07790.01",,"FALSE POSITIVE",0.54,0.721335207,2162.0,0.9480,6328.00,1
11607176,"K03930.01",,"FALSE POSITIVE",1.85,3.28274272,1136.0,0.8200,5741.00,1
10661718,"K03931.01",,"FALSE POSITIVE",2.93,1.231361934,1839.0,1.0160,6095.00,1
6105462,"K02098.02","Kepler-1093 c","CONFIRMED",2.21,89.7224125,508.0,1.2620,6429.00,2
8257205,"K01986.02","Kepler-1038 c","CONFIRMED",1.21,7.12766417,784.0,0.8210,5159.00,2
6470516,"K03705.01",,"FALSE POSITIVE",345.7,2.080431782,2719.0,2.1150,8344.00,1
6891124,"K07796.01",,"CANDIDATE",0.94,3.52364689,1330.0,1.0850,6269.00,1
7770471,"K03706.01",,"FALSE POSITIVE",118.11,1.157804607,2255.0,1.4250,6510.00,1
5130380,"K03707.01",,"FALSE POSITIVE",22.98,19.979098,739.0,1.1260,5907.00,1
6314173,"K03708.01",,"FALSE POSITIVE",136.47,1.433262401,2691.0,1.9590,7311.00,1
5688997,"K03784.01",,"FALSE POSITIVE",49.6,23.8706941,711.0,1.1660,6022.00,1
9489524,"K02029.04",,"CANDIDATE",0.63,4.78850084,889.0,0.7720,5208.00,4
7031340,"K07804.01",,"FALSE POSITIVE",1.06,0.566769068,2661.0,1.5330,5496.00,1
4073730,"K03785.01",,"FALSE POSITIVE",23.76,6.2820426,2021.0,3.7980,6635.00,1
2854948,"K03786.01",,"FALSE POSITIVE",37.62,0.97430309,1643.0,0.7860,5688.00,2
7813039,"K03787.01",,"CANDIDATE",10.3,141.73403059,329.0,0.9180,5606.00,1
3644601,"K03862.02",,"FALSE POSITIVE",23,119.686505,341.0,0.8340,5715.00,3
8459354,"K03863.01",,"FALSE POSITIVE",26.31,53.556625,1076.0,3.6180,7643.00,1
6531617,"K07785.01",,"CANDIDATE",2.07,433.220461,203.0,0.7770,5232.00,1
4164922,"K03864.01","Kepler-1698 b","CONFIRMED",0.99,1.210693626,1351.0,0.7560,5014.00,1
12061969,"K02061.02","Kepler-2001 b","CONFIRMED",1.04,1.090011003,1402.0,0.7700,5081.00,2
4164922,"K03864.02",,"CANDIDATE",0.94,18.2572722,547.0,0.7560,5014.00,2
10328393,"K01905.03","Kepler-332 d","CONFIRMED",1.15,34.2115022,427.0,0.7210,4955.00,3
10259029,"K03630.01",,"FALSE POSITIVE",43.71,7.061149921,842.0,0.7980,5585.00,1
8299947,"K03631.01",,"FALSE POSITIVE",70.67,2.682767439,1310.0,1.0000,5780.00,1
3335813,"K03632.01",,"FALSE POSITIVE",46.24,3.711012492,1310.0,1.1170,6141.00,1
11858741,"K03633.01",,"FALSE POSITIVE",60.45,1.780982447,1502.0,1.0000,5780.00,1
6363494,"K03634.01",,"FALSE POSITIVE",108.78,1.815632406,3429.0,2.4080,9954.00,1
2576107,"K03709.01",,"FALSE POSITIVE",42.69,205.5833309,323.0,0.9150,6328.00,1
9532421,"K03710.01",,"FALSE POSITIVE",101.41,4.309067482,882.0,0.7890,4897.00,1
6936966,"K07797.01",,"FALSE POSITIVE",0.7,36.4721523,527.0,0.8950,5853.00,1
5653849,"K03711.01",,"FALSE POSITIVE",8.6,111.0396205,335.0,0.7770,5470.00,1
2437060,"K03712.01",,"FALSE POSITIVE",928.96,3.187087241,4037.0,23.6730,4599.00,1
8127648,"K03713.01",,"FALSE POSITIVE",100.39,1.023470248,1807.0,1.0000,5780.00,1
11564013,"K03714.01",,"FALSE POSITIVE",39.19,0.875267982,1910.0,0.8980,5821.00,1
9405541,"K03788.01",,"FALSE POSITIVE",2674.69,5.55260695,6436.0,116.9650,3306.00,1
8906045,"K03789.01",,"FALSE POSITIVE",60.5,2.347479696,1502.0,1.1380,5891.00,1
7031638,"K07805.01",,"FALSE POSITIVE",0.49,1.13353095,2006.0,1.1210,6318.00,1
7296094,"K03790.01",,"FALSE POSITIVE",36.92,0.890745373,1892.0,1.0000,5780.00,1
5437945,"K03791.01","Kepler-460 b","CONFIRMED",7.23,440.7843755,308.0,1.3930,6340.00,1
12009347,"K03792.01",,"FALSE POSITIVE",7.13,2.723858181,900.0,0.7330,4416.00,1
4037163,"K03793.01",,"FALSE POSITIVE",56.3,0.635441862,2118.0,1.0000,5780.00,2
5535890,"K03865.01",,"FALSE POSITIVE",1.39,3.255189932,1390.0,1.2560,5807.00,1
5215980,"K03866.01",,"FALSE POSITIVE",32.12,2.531140101,1100.0,0.7500,5325.00,1
9353742,"K03867.01","Kepler-1523 b","CONFIRMED",1.46,0.938750221,1676.0,0.8860,5497.00,1
9178185,"K03868.01",,"FALSE POSITIVE",7.86,2.992704682,2328.0,3.9150,5908.00,1
6290382,"K03869.01",,"FALSE POSITIVE",39.52,6.12810722,1513.0,1.6670,7245.00,1
3327992,"K03635.01",,"FALSE POSITIVE",36.16,2.115511511,897.0,0.6610,4188.00,1
5649206,"K03636.01",,"FALSE POSITIVE",71.52,2.446736567,1351.0,1.0000,5780.00,1
5193384,"K03637.01",,"FALSE POSITIVE",173.18,21.3779536,1062.0,3.4840,4905.00,1
5181804,"K03638.01",,"FALSE POSITIVE",533.08,4.350460215,1472.0,1.4160,6585.00,1
10491544,"K03639.01",,"FALSE POSITIVE",251.93,22.77194512,1254.0,4.6100,5073.00,1
9101496,"K01915.02","Kepler-335 c","CONFIRMED",2.65,67.844689,592.0,1.8120,5878.00,2
11450414,"K01992.02","Kepler-347 c","CONFIRMED",3.61,27.3214242,705.0,1.4510,5592.00,2
4937143,"K03715.01",,"FALSE POSITIVE",63.42,9.84883968,1134.0,1.3100,6938.00,2
8719324,"K03716.01",,"FALSE POSITIVE",,10.23335969,,,,2
11241814,"K03717.01",,"FALSE POSITIVE",44.24,227.6625222,319.0,1.0070,6124.00,1
5036537,"K03718.01",,"FALSE POSITIVE",9.14,1.06100873,1568.0,0.9470,5080.00,1
9837083,"K03719.01",,"FALSE POSITIVE",28.21,0.623393802,1379.0,0.6390,4330.00,1
12557548,"K03794.01","Kepler-1520 b","CONFIRMED",22.95,0.65355361,1437.0,0.6600,4550.00,1
3657758,"K02034.02","Kepler-1065 c","CONFIRMED",1.29,2.3702932,1256.0,0.8680,5668.00,2
7031726,"K07806.01",,"FALSE POSITIVE",122.64,0.566793534,14667.0,138.0560,3420.00,1
3338660,"K03795.01",,"FALSE POSITIVE",89.79,1.873380717,1669.0,1.1710,5992.00,1
3338674,"K03796.01",,"FALSE POSITIVE",51.11,1.87337894,2925.0,5.7210,4740.00,1
5546277,"K03797.01",,"FALSE POSITIVE",21.06,7.50023955,901.0,0.9190,5849.00,1
8258160,"K03870.01",,"FALSE POSITIVE",21.71,23.6270348,560.0,0.8570,5305.00,1
9752982,"K03871.01",,"FALSE POSITIVE",66.73,0.716709897,3124.0,2.7420,5173.00,1
4666008,"K03872.01",,"FALSE POSITIVE",30.38,2.248063246,1566.0,1.1120,6325.00,1
8430105,"K03873.01",,"FALSE POSITIVE",54.17,63.3278636,896.0,5.1980,4919.00,3
9517393,"K02076.02","Kepler-1085 b","CONFIRMED",6.11,219.3215562,313.0,1.0120,6063.00,1
8052474,"K03640.01",,"FALSE POSITIVE",19.17,245.4382021,289.0,0.9900,5637.00,1
3534118,"K03641.01",,"FALSE POSITIVE",33.24,178.4129899,361.0,1.1480,6078.00,1
3534118,"K03641.02",,"FALSE POSITIVE",,178.44973004,,,,2
2441161,"K03642.01",,"FALSE POSITIVE",37.56,2.192004364,1118.0,0.6870,5306.00,1
3231120,"K03643.01",,"FALSE POSITIVE",40.37,3.900109346,1160.0,0.9690,5791.00,1
12216706,"K03644.01",,"FALSE POSITIVE",165.15,1.471060209,3693.0,2.9110,8749.00,1
12216706,"K03644.02",,"FALSE POSITIVE",,0.73553763,,,,
10735331,"K03720.01",,"FALSE POSITIVE",35.2,213.3990406,468.0,1.8300,6960.00,1
7763269,"K03721.01",,"FALSE POSITIVE",51.44,6.40802979,1157.0,1.1940,6261.00,1
8365739,"K03722.01",,"CANDIDATE",,2.38920105,,,,1
5471606,"K03723.01",,"FALSE POSITIVE",458.02,0.962835804,7100.0,32.2440,3982.00,1
11200405,"K03724.01",,"FALSE POSITIVE",19.96,4.639602084,1285.0,1.1940,6078.00,1
5475736,"K03798.01",,"FALSE POSITIVE",3.94,2.991885335,1209.0,0.8390,5750.00,1
9049673,"K03799.01",,"FALSE POSITIVE",7.08,1.327471395,1395.0,0.7770,5232.00,1
7031898,"K07807.01",,"FALSE POSITIVE",0.5,0.566792595,2548.0,1.1210,6277.00,1
9593759,"K03800.01",,"FALSE POSITIVE",26042.9,1.247156944,4120.0,9.6700,4770.00,1
8827930,"K03801.01",,"CANDIDATE",13.21,288.3128666,300.0,1.2200,5672.00,1
5020044,"K03802.01",,"FALSE POSITIVE",34.34,2.119100054,1571.0,1.0780,6292.00,1
11560037,"K03874.01",,"FALSE POSITIVE",4.28,1.466535757,1671.0,1.0200,5888.00,1
11911561,"K03875.01",,"FALSE POSITIVE",39.46,8.870415578,1151.0,1.5140,6022.00,1
6547322,"K07786.01",,"FALSE POSITIVE",1.26,1.49131759,2475.0,2.4290,6014.00,1
3440118,"K03876.01","Kepler-1928 b","CONFIRMED",1.96,19.57783279,621.0,0.8840,5620.00,1
9159265,"K03877.01",,"FALSE POSITIVE",15.7,3.04476607,1126.0,0.8180,5627.00,1
4472818,"K03878.01","Kepler-1524 b","CONFIRMED",2.84,70.9672087,438.0,0.9860,5818.00,1
5816806,"K03645.01",,"FALSE POSITIVE",51.69,4.45543346,1106.0,1.0000,5780.00,1
6531496,"K03646.01",,"FALSE POSITIVE",45.93,14.323889947,720.0,0.8950,5853.00,1
9661869,"K03647.01",,"FALSE POSITIVE",601.32,20.427232317,749.0,1.1210,6167.00,1
6790592,"K07791.01",,"CANDIDATE",231.85,106.18732,2660.0,152.9690,3287.00,1
9411166,"K01922.03","Kepler-1016 c","CONFIRMED",4.22,105.6552651,407.0,1.1360,5741.00,2
3097352,"K03648.01",,"FALSE POSITIVE",47.58,4.029803201,1233.0,1.0780,6024.00,1
6066379,"K03649.01",,"FALSE POSITIVE",73.29,1.303858554,2080.0,1.3430,6282.00,1
6508221,"K00416.03",,"CANDIDATE",0.78,9.74765878,679.0,0.7380,5176.00,3
12154526,"K02004.02","Kepler-1047 c","CONFIRMED",0.98,3.18899015,1309.0,1.1760,5700.00,2
6952971,"K07798.01",,"CANDIDATE",2.15,309.89103,314.0,1.1550,6450.00,1
3459199,"K03725.01",,"FALSE POSITIVE",450.76,1.570518376,4106.0,11.8200,5314.00,1
6973796,"K03726.01",,"FALSE POSITIVE",13.66,115.9943364,265.0,0.7350,4530.00,1
12023089,"K03727.01",,"FALSE POSITIVE",29.19,0.623441636,1711.0,0.6540,5319.00,1
6286155,"K03803.01",,"FALSE POSITIVE",163.25,14.5417471,1494.0,5.9220,5032.00,1
7831363,"K03804.01",,"FALSE POSITIVE",52.91,2.81753381,1494.0,1.0980,6313.00,1
8804845,"K02039.02","Kepler-1067 b","CONFIRMED",0.75,0.762132307,1872.0,0.9340,5594.00,2
4663185,"K03805.01",,"FALSE POSITIVE",539.16,56.6993107,1261.0,13.5470,4727.00,1
5305471,"K03806.01",,"FALSE POSITIVE",4.49,161.252247,303.0,0.8110,5555.00,1
5560830,"K03879.01",,"FALSE POSITIVE",37.79,0.867719291,2106.0,1.0560,6220.00,1
4147444,"K03880.01",,"CANDIDATE",1,1.803697292,1783.0,1.1660,6438.00,1
8211824,"K03881.01",,"FALSE POSITIVE",39.34,0.84112187,1514.0,0.7070,5048.00,
5980800,"K03882.01",,"FALSE POSITIVE",49.67,0.828326025,1845.0,0.9780,5400.00,
9592850,"K03883.01",,"FALSE POSITIVE",60.62,1.219324537,1569.0,0.8970,5455.00,1
6227560,"K03650.01",,"FALSE POSITIVE",268.75,2.401751509,888.0,0.5570,4577.00,1
5866104,"K03651.01",,"FALSE POSITIVE",59.66,36.97709537,546.0,1.0000,5780.00,1
8256044,"K03652.01",,"FALSE POSITIVE",70.73,16.371883638,840.0,1.4150,5642.00,1
8780968,"K03653.01",,"FALSE POSITIVE",162.67,2.617284592,2013.0,2.6490,5510.00,1
6960446,"K03654.01",,"FALSE POSITIVE",71.11,10.14873521,1045.0,1.2960,6366.00,1
8264097,"K03655.01",,"FALSE POSITIVE",64.69,2.897436854,1277.0,1.0000,5780.00,1
7515679,"K03728.01","Kepler-1517 b","CONFIRMED",22.27,5.546083089,2336.0,4.0370,7358.00,1
9674592,"K03729.01",,"FALSE POSITIVE",12.01,6.87366398,859.0,0.8050,5662.00,2
9674592,"K03729.02",,"FALSE POSITIVE",,6.87366412,,,,1
10879213,"K03730.01",,"FALSE POSITIVE",138.76,0.668483494,2082.0,1.0000,5780.00,1
5650314,"K03731.01",,"FALSE POSITIVE",28.73,1.070272827,1224.0,0.6530,4628.00,1
6962901,"K07799.01",,"FALSE POSITIVE",5.08,0.977170246,3226.0,3.9380,5596.00,1
8302302,"K03732.01",,"FALSE POSITIVE",52.05,1.135930136,1836.0,0.9540,6247.00,1
10581918,"K03807.01",,"FALSE POSITIVE",145.36,1.801863222,2721.0,2.3240,7479.00,2
3851949,"K03808.01",,"FALSE POSITIVE",34.32,54.77145968,777.0,3.8660,5145.00,1
9097892,"K03809.01",,"FALSE POSITIVE",29.78,1.674690886,1813.0,1.1570,6397.00,1
5769943,"K03810.01",,"CANDIDATE",18.59,1.013774136,827.0,0.3890,3644.00,1
4638237,"K03811.01",,"CANDIDATE",11.58,290.1401717,304.0,1.2630,5631.00,1
9351316,"K02078.02","Kepler-1086 c","CONFIRMED",2.88,161.515617,211.0,0.6410,4243.00,2
4579313,"K03884.01",,"FALSE POSITIVE",19.01,2.112405306,1225.0,0.7560,5562.00,1
11614528,"K03885.01",,"FALSE POSITIVE",26.1,1.870990236,1668.0,1.0860,6384.00,1
8848288,"K03886.01",,"FALSE POSITIVE",43.67,5.56648691,2618.0,12.7010,4694.00,1
6590307,"K07787.01",,"FALSE POSITIVE",0.64,1.33253834,1453.0,0.8180,5520.00,1
5308419,"K03887.01",,"FALSE POSITIVE",27.25,1.241483276,1847.0,1.0530,6140.00,1
6312521,"K03656.01",,"FALSE POSITIVE",155.81,3.01551943,1837.0,2.7610,5299.00,1
4579321,"K03657.01",,"FALSE POSITIVE",115.26,2.112395777,1419.0,1.0000,5780.00,1
5202905,"K01932.02","Kepler-340 b","CONFIRMED",2.49,14.8444836,1092.0,1.8460,6642.00,2
1575690,"K03658.01",,"FALSE POSITIVE",27.09,2.252417903,782.0,0.5440,3979.00,1
4386047,"K03659.01",,"FALSE POSITIVE",38.63,2.900613144,1289.0,0.9310,5977.00,1
5103998,"K03660.01",,"FALSE POSITIVE",38.79,174.7697122,294.0,0.8040,5704.00,1
9655858,"K03733.01",,"FALSE POSITIVE",57.21,31.43284649,577.0,1.0000,5780.00,1
12154526,"K02004.03",,"CANDIDATE",0.7,1.72110057,1607.0,1.1760,5700.00,3
10275880,"K03734.01",,"FALSE POSITIVE",995.22,9.72675447,1363.0,2.4330,6327.00,1
2166200,"K03735.01",,"FALSE POSITIVE",68.48,8.096939227,1194.0,1.4180,6572.00,1
3547315,"K03736.01",,"FALSE POSITIVE",25.76,0.64234865,1829.0,0.7910,5441.00,1
6933781,"K03737.01",,"FALSE POSITIVE",57.51,130.4194187,473.0,1.6850,5770.00,1
6148271,"K03812.01",,"FALSE POSITIVE",41.19,1.78526527,1815.0,1.2280,6505.00,1
5386904,"K03813.01",,"FALSE POSITIVE",6.9,4.8591441,1303.0,1.2070,6586.00,1
2997178,"K03814.01",,"FALSE POSITIVE",32.26,5.95077813,2366.0,9.8280,5122.00,1
8956206,"K02048.02",,"FALSE POSITIVE",576.14,99.673478,262.0,0.4920,4932.00,2
6507433,"K03815.01",,"CANDIDATE",7.27,4.7425521,1159.0,1.0530,6161.00,1
8260198,"K03888.01",,"FALSE POSITIVE",18.16,0.955297055,1550.0,0.7340,5319.00,1
10733174,"K03889.01",,"FALSE POSITIVE",3.16,280.476576,268.0,0.8920,5869.00,1
8564976,"K03890.01",,"FALSE POSITIVE",34.85,152.8255989,734.0,7.5060,4991.00,1
8765560,"K03891.01",,"CANDIDATE",78.98,47.1096306,751.0,2.7800,5258.00,1
11760860,"K03892.01","Kepler-1525 b","CONFIRMED",0.92,2.41660149,1343.0,1.0260,5705.00,1
7910148,"K03661.01",,"FALSE POSITIVE",33.14,4.252082243,1064.0,0.7940,5802.00,1
12459731,"K03662.01",,"FALSE POSITIVE",62.41,14.180228311,873.0,1.1420,6289.00,1
12735740,"K03663.01","Kepler-86 b","CONFIRMED",8.98,282.5253558,264.0,0.9130,5725.00,1
4678875,"K03664.01",,"FALSE POSITIVE",148.25,1.87887673,1846.0,1.2350,6569.00,1
7812175,"K03665.01",,"FALSE POSITIVE",33.3,17.79391159,697.0,1.0000,5780.00,1
7708193,"K03666.01",,"FALSE POSITIVE",219.02,7.942583252,1285.0,2.1780,5516.00,1
5478083,"K03738.01",,"FALSE POSITIVE",679.44,15.85231085,725.0,1.0000,5780.00,1
10857342,"K03739.01",,"FALSE POSITIVE",300.82,2.415925551,3329.0,3.2780,8796.00,1
5215700,"K03740.01",,"FALSE POSITIVE",112.77,0.656201038,2157.0,0.9990,6025.00,1
8780959,"K03741.01",,"FALSE POSITIVE",395.94,2.617280959,1689.0,1.3450,6432.00,1
8780959,"K03741.02",,"CANDIDATE",1.36,18.577903,879.0,1.3450,6432.00,4
5565486,"K03742.01",,"FALSE POSITIVE",68.92,1.412524016,1978.0,1.1740,6690.00,1
8453214,"K01776.01",,"FALSE POSITIVE",26.2,5.77676732,670.0,0.6450,4401.00,1
8552719,"K01792.01","Kepler-953 b","CONFIRMED",4.55,88.40678718,410.0,1.0730,5611.00,1
8556077,"K02027.01",,"FALSE POSITIVE",1.23,3.635723653,1478.0,1.2950,6422.00,1
7757698,"K07848.01",,"FALSE POSITIVE",2.6,369.181947,245.0,0.8590,5959.00,1
8625821,"K01859.01",,"FALSE POSITIVE",21.23,45.3968385,437.0,0.7050,5649.00,1
8652999,"K01953.01",,"FALSE POSITIVE",2.09,15.160166,821.0,1.1910,5940.00,1
12164770,"K02088.01",,"FALSE POSITIVE",25.55,2.63009438,1480.0,1.0910,6338.00,1
9541322,"K02089.01",,"FALSE POSITIVE",25.39,9.40527028,938.0,0.9960,6347.00,1
10470616,"K02112.01",,"FALSE POSITIVE",1.17,4.15713766,1401.0,1.3240,6470.00,1
10362031,"K02118.01",,"FALSE POSITIVE",1.22,3.2136904,1591.0,1.5790,6184.00,1
6373680,"K02127.01",,"FALSE POSITIVE",1.72,2.87066026,1196.0,0.7960,5910.00,1
10963242,"K01312.02",,"FALSE POSITIVE",,31.24611088,,,,
9150827,"K01408.02",,"FALSE POSITIVE",,82.37208458,,,,
9957351,"K03964.01",,"FALSE POSITIVE",36.87,0.991105114,1257.0,0.5780,4769.00,1
5385575,"K03965.01",,"FALSE POSITIVE",21.34,12.425580393,563.0,0.7430,4594.00,1
3732035,"K03966.01","Kepler-1535 b","CONFIRMED",2.57,138.944022,384.0,1.1150,6014.00,1
5385697,"K03967.01",,"FALSE POSITIVE",2.64,12.4260454,706.0,0.8170,5645.00,1
5385697,"K03967.02",,"FALSE POSITIVE",2.39,12.4260002,706.0,0.8170,5645.00,2
8823833,"K03968.01",,"FALSE POSITIVE",0.8,1.50650136,1562.0,0.9480,5607.00,1
5008501,"K01666.01",,"CANDIDATE",1.78,0.968026356,2167.0,1.1930,6469.00,1
5015913,"K01667.01",,"FALSE POSITIVE",120.02,1.179969562,2960.0,3.8990,5500.00,1
5103942,"K01668.01",,"FALSE POSITIVE",26.09,10.10176739,829.0,0.8670,6058.00,1
5184709,"K01670.01",,"CANDIDATE",2.03,10.57910009,929.0,1.0930,6323.00,1
5195172,"K01671.01","Kepler-1763 b","CONFIRMED",0.97,1.480283464,1822.0,1.2590,5897.00,1
8678664,"K01782.01",,"FALSE POSITIVE",16.62,15.420409367,661.0,0.8800,5468.00,1
8832512,"K01821.01","Kepler-963 b","CONFIRMED",2.85,9.97682072,802.0,0.9280,5500.00,1
8892721,"K01844.01",,"FALSE POSITIVE",4.57,61.4913415,323.0,0.5980,4796.00,1
7778664,"K07849.01",,"CANDIDATE",0.84,5.0263815,1065.0,0.9620,5783.00,1
9042357,"K01993.01",,"FALSE POSITIVE",18.01,16.00351679,586.0,0.6950,5283.00,1
9115681,"K01865.01",,"FALSE POSITIVE",77.99,1.86390886,2902.0,3.3810,6689.00,1
10481045,"K02320.01",,"FALSE POSITIVE",0.82,2.03743942,1299.0,0.7740,5751.00,1
8107034,"K02322.01",,"FALSE POSITIVE",2.55,332.74984,302.0,1.1120,6372.00,
3962751,"K02326.01",,"FALSE POSITIVE",,45.60304785,,,,
8582291,"K02330.01",,"FALSE POSITIVE",1.22,2.4681015,1244.0,0.8720,5516.00,1
5110683,"K02334.01",,"FALSE POSITIVE",,12.53449909,,,,
7967861,"K02349.01",,"FALSE POSITIVE",1.36,215.15218,287.0,0.8280,5914.00,
8179325,"K02359.01",,"FALSE POSITIVE",1.27,3.17275711,966.0,0.7390,5058.00,1
5211199,"K02158.02",,"CANDIDATE",2.09,6.68231249,1350.0,2.5060,5343.00,2
5475494,"K03969.01",,"FALSE POSITIVE",1.84,0.73619448,2268.0,1.0900,6355.00,1
9412445,"K03970.01",,"FALSE POSITIVE",0.95,10.18670759,477.0,0.5550,3995.00,1
7866914,"K03971.01",,"FALSE POSITIVE",2.87,365.994154,263.0,0.9650,6074.00,1
6057684,"K03972.01",,"FALSE POSITIVE",21.45,0.54028956,2279.0,0.9930,5997.00,1
5271608,"K01673.01",,"FALSE POSITIVE",1.53,2.49047468,1413.0,0.9970,6067.00,1
5357470,"K01674.01",,"FALSE POSITIVE",13.55,2.17257963,1518.0,0.9710,6038.00,1
5443775,"K01676.01",,"FALSE POSITIVE",3.87,3.307669761,1840.0,2.3820,5959.00,1
5527172,"K01678.01",,"FALSE POSITIVE",37.22,3.183961388,1615.0,1.7600,5716.00,1
7386391,"K07837.01",,"FALSE POSITIVE",2.06,48.507991,511.0,0.9660,6031.00,1
5529643,"K01679.01",,"FALSE POSITIVE",29.02,0.759766456,2128.0,1.0260,6174.00,1
9366989,"K01785.01",,"FALSE POSITIVE",9.82,1.219034472,1845.0,1.1920,5833.00,1
9468717,"K01954.01",,"FALSE POSITIVE",13.73,7.37339245,1098.0,1.0930,6484.00,1
9528420,"K01742.01",,"FALSE POSITIVE",19.58,4.70847097,1202.0,1.0610,6214.00,1
9529744,"K01806.01",,"FALSE POSITIVE",4.69,2.404556949,1958.0,1.7750,6426.00,1
7834712,"K07850.01",,"CANDIDATE",3,66.119119,452.0,1.0280,5828.00,1
9574614,"K01745.01",,"CANDIDATE",29.95,0.982090079,1568.0,0.7420,5472.00,1
9674608,"K01795.01",,"FALSE POSITIVE",24.74,2.972047661,881.0,0.7110,4491.00,1
8495415,"K02362.01",,"FALSE POSITIVE",1.75,2.237180102,1134.0,0.7930,5080.00,1
10341905,"K02391.01",,"FALSE POSITIVE",18.29,0.93374232,1638.0,0.8060,5553.00,1
10336927,"K02394.01",,"FALSE POSITIVE",,134.76308997,,,,
12115188,"K02396.01",,"FALSE POSITIVE",1.57,0.495434094,2151.0,0.9360,5529.00,1
9850957,"K02446.01",,"FALSE POSITIVE",2.74,8.48031302,1510.0,2.4300,6541.00,1
12470954,"K00439.02",,"FALSE POSITIVE",,5.40534383,,,,
8189801,"K02480.01",,"CANDIDATE",1.49,0.66682654,1183.0,0.5540,3993.00,1
11568224,"K03973.01",,"FALSE POSITIVE",8.13,0.882131829,1963.0,0.9110,6168.00,1
7938883,"K03974.01",,"FALSE POSITIVE",37.47,0.489682339,1251.0,0.5300,3898.00,1
9280239,"K03975.01","Kepler-1536 b","CONFIRMED",2.89,364.751562,166.0,0.6300,4386.00,1
4544571,"K03976.01",,"FALSE POSITIVE",29.7,2.189098506,1288.0,0.8590,5681.00,1
3245661,"K03977.01",,"FALSE POSITIVE",41.08,0.7088055,2035.0,0.9080,5989.00,1
5618071,"K01682.01",,"FALSE POSITIVE",234.99,88.821421,634.0,3.3650,5081.00,
6312534,"K01689.01",,"FALSE POSITIVE",31.77,1.507761203,1301.0,0.8180,5069.00,1
6470917,"K01690.01",,"FALSE POSITIVE",1.08,1.506019633,1628.0,0.8960,6065.00,1
7431709,"K07838.01",,"FALSE POSITIVE",0.52,0.572513875,1779.0,0.7600,5171.00,1
6611330,"K01691.01",,"FALSE POSITIVE",32.5,35.14578122,480.0,0.7830,5437.00,1
6699368,"K01694.01",,"FALSE POSITIVE",20.23,3.690317047,1280.0,1.0540,6120.00,1
9886255,"K01846.01","Kepler-976 b","CONFIRMED",3.79,105.9566815,324.0,0.8000,5327.00,1
9973855,"K01966.01",,"FALSE POSITIVE",0.81,2.95600563,1211.0,0.9160,5668.00,1
10019399,"K01796.01",,"FALSE POSITIVE",18.48,11.805707539,1153.0,1.8910,6065.00,1
7841368,"K07851.01",,"FALSE POSITIVE",1.43,25.3710555,779.0,1.4940,6029.00,1
10028352,"K01957.01",,"CANDIDATE",29.33,1.38680229,2530.0,2.0370,6823.00,1
10031707,"K01827.01",,"FALSE POSITIVE",155.18,8.58966893,4900.0,80.3070,3837.00,1
10092312,"K01823.01",,"FALSE POSITIVE",24.81,4.468456599,1081.0,0.9420,5869.00,1
10407054,"K02500.01",,"FALSE POSITIVE",1.48,0.933754669,2475.0,1.4570,6443.00,1
10880007,"K02502.01",,"FALSE POSITIVE",,86.79876649,,,,
8418129,"K02515.01",,"FALSE POSITIVE",,164.57506747,,,,
6525185,"K02568.01",,"FALSE POSITIVE",1.32,1.71030803,1449.0,0.9000,5790.00,1
10812504,"K02570.01",,"FALSE POSITIVE",1.81,79.9201319,217.0,0.4760,3812.00,1
8107115,"K02575.01",,"FALSE POSITIVE",1.64,199.3113,278.0,0.7890,5662.00,
10663411,"K02584.01",,"FALSE POSITIVE",1.59,157.82131,377.0,1.1470,6082.00,
10090219,"K03978.01",,"FALSE POSITIVE",22.63,2.28612573,1433.0,1.0120,6063.00,1
9205938,"K02162.02","Kepler-1126 c","CONFIRMED",1.45,199.66876,305.0,0.9210,5678.00,2
9899217,"K03979.01",,"FALSE POSITIVE",1.36,1.33254971,1782.0,1.0040,6150.00,1
6750902,"K03980.01",,"FALSE POSITIVE",2.4,0.469334634,2432.0,1.0080,5888.00,1
5895588,"K03981.01",,"FALSE POSITIVE",20.11,0.849277809,1781.0,0.8530,5743.00,1
6803855,"K01695.01","Kepler-930 b","CONFIRMED",2.19,71.4523167,561.0,1.4880,6148.00,1
6891366,"K01696.01",,"FALSE POSITIVE",1.38,1.752564549,1741.0,1.1800,6221.00,1
7448023,"K07839.01",,"FALSE POSITIVE",0.68,0.566816802,1585.0,0.7040,4665.00,1
6891637,"K01697.01",,"FALSE POSITIVE",1.06,1.752553762,933.0,0.5290,4408.00,1
6975615,"K01698.01",,"FALSE POSITIVE",1.03,2.065351521,1196.0,0.7490,5266.00,1
7137725,"K01699.01",,"FALSE POSITIVE",1.7,2.253551793,1812.0,1.4260,6526.00,1
10153855,"K01981.01","Kepler-1037 b","CONFIRMED",1.61,1.06378861,1650.0,1.0020,5265.00,1
10230571,"K01926.01",,"FALSE POSITIVE",,123.11494773,,,,
10294613,"K01896.01",,"FALSE POSITIVE",29.39,1.854493861,1291.0,0.8430,5431.00,1
7879648,"K07852.01",,"FALSE POSITIVE",0.9,1.020713389,1724.0,0.8700,5815.00,1
10491044,"K01763.01",,"FALSE POSITIVE",1.33,2.1990638,1087.0,0.7070,5003.00,1
10614012,"K01807.01",,"FALSE POSITIVE",75.08,132.1331011,809.0,8.1210,5067.00,1
10616415,"K01999.01",,"FALSE POSITIVE",89.35,1.120646438,2783.0,4.0340,4972.00,1
6525193,"K02653.01",,"FALSE POSITIVE",1.57,1.710279417,1524.0,1.0230,5834.00,1
6866251,"K02661.01",,"FALSE POSITIVE",5.18,65.238281,734.0,3.7610,5254.00,
7117710,"K07817.01",,"FALSE POSITIVE",0.46,0.56679641,1940.0,0.8880,5403.00,1
7762723,"K02663.01","Kepler-1867 b","CONFIRMED",0.68,9.88736642,768.0,0.8160,5693.00,1
4178606,"K02728.01","Kepler-1326 b","CONFIRMED",6.3,42.3520039,938.0,2.6320,6864.00,1
5980208,"K02742.01","Kepler-1331 b","CONFIRMED",0.91,0.789160884,1244.0,0.6220,4258.00,1
5303557,"K03982.01",,"FALSE POSITIVE",40.6,2.399081606,1360.0,1.0000,5780.00,1
10227863,"K03983.01",,"FALSE POSITIVE",19.28,5.14072621,1076.0,1.0350,5751.00,1
7281668,"K07829.01",,"FALSE POSITIVE",0.53,0.566798545,2004.0,0.8700,5629.00,1
8036287,"K03984.01","Kepler-1537 b","CONFIRMED",2.03,1.44445234,1800.0,1.4490,5305.00,1
9602562,"K03985.01",,"FALSE POSITIVE",1.7,3.55653637,1272.0,1.1140,5950.00,1
10668665,"K03986.01",,"FALSE POSITIVE",31.99,9.60853601,984.0,1.1580,6377.00,1
10407020,"K03987.01",,"FALSE POSITIVE",2.07,0.933747751,3112.0,2.1870,6985.00,1
7380829,"K01703.01",,"FALSE POSITIVE",9.32,3.17463577,1296.0,0.9960,5999.00,1
7470491,"K07840.01",,"FALSE POSITIVE",48.23,0.902222843,10340.0,89.8060,3705.00,1
7768952,"K01709.01",,"FALSE POSITIVE",20.05,22.4685309,1040.0,3.3010,5461.00,1
8162790,"K01712.01",,"FALSE POSITIVE",2.72,10.16104834,800.0,0.9130,5636.00,1
9655129,"K01714.01",,"FALSE POSITIVE",38.11,2.743978797,1136.0,0.8100,5334.00,1
9899483,"K01719.01",,"FALSE POSITIVE",2.16,1.332561398,2276.0,1.6020,6468.00,1
10917681,"K01963.01",,"CANDIDATE",2.55,12.89623554,783.0,0.9230,6072.00,1
7882360,"K07853.01",,"FALSE POSITIVE",2.2,364.14397,259.0,0.9510,6039.00,1
10965740,"K01887.01",,"FALSE POSITIVE",71.95,21.78769087,1042.0,3.0500,5627.00,1
11187436,"K01804.01","Kepler-957 b","CONFIRMED",5.1,5.90741476,769.0,0.6900,4963.00,1
11285136,"K01774.01",,"FALSE POSITIVE",10.92,2.368173896,1428.0,0.9910,5944.00,1
11298815,"K02015.01",,"FALSE POSITIVE",1.84,5.73865933,535.0,0.5090,3841.00,1
11342573,"K01771.01",,"FALSE POSITIVE",53.1,91.05641908,431.0,1.0460,6142.00,1
7134626,"K07818.01",,"CANDIDATE",1.53,2.52443998,2145.0,2.2250,6461.00,1
9823519,"K02793.01","Kepler-1350 b","CONFIRMED",1.93,4.49686066,535.0,0.4440,3698.00,1
11246161,"K02796.01",,"CANDIDATE",0.96,0.5374094,2208.0,0.9880,5749.00,1
7047824,"K02806.01","Kepler-1353 b","CONFIRMED",2.1,24.7543849,491.0,0.8040,4852.00,1
4479633,"K02814.01",,"FALSE POSITIVE",1.03,0.475068516,2372.0,0.9550,6045.00,1
4952341,"K02818.01",,"FALSE POSITIVE",3.37,1.79683793,2397.0,1.7140,7592.00,1
8176019,"K02843.01",,"FALSE POSITIVE",,187.51251276,,,,
5385491,"K03988.01",,"FALSE POSITIVE",1.55,12.425484,773.0,1.0170,5478.00,2
11358389,"K02163.02","Kepler-365 c","CONFIRMED",1.6,17.7838298,729.0,1.0210,6014.00,2
5551504,"K03989.01",,"FALSE POSITIVE",1.4,1.204529346,1968.0,1.5040,5340.00,1
6421503,"K03990.01",,"FALSE POSITIVE",14.28,2.15839583,1103.0,0.6620,5272.00,1
10352333,"K03991.01",,"CANDIDATE",1.37,1.570592397,1480.0,0.9210,5519.00,1
7538434,"K07841.01",,"FALSE POSITIVE",2.07,371.1495,245.0,0.8360,5988.00,1
10487119,"K01635.01",,"FALSE POSITIVE",49.25,3.374684854,1163.0,0.9430,5754.00,1
10621666,"K01636.01",,"FALSE POSITIVE",1.12,2.61841046,1245.0,0.8200,5912.00,1
10747439,"K01638.01",,"FALSE POSITIVE",8.85,4.593594819,1125.0,0.9690,6075.00,1
10749128,"K01639.01",,"FALSE POSITIVE",1.2,125.0426,416.0,1.1390,6273.00,
10813841,"K01640.01",,"FALSE POSITIVE",2.17,6.17039154,1029.0,0.9630,6137.00,1
10879656,"K01642.01",,"FALSE POSITIVE",0.68,0.364860478,1993.0,0.6420,5220.00,1
12253474,"K01947.01",,"CANDIDATE",1.66,6.422943288,1034.0,1.0160,6102.00,1
12691412,"K01983.01",,"FALSE POSITIVE",4.54,6.90522317,1343.0,1.7210,6596.00,1
5024482,"K02041.01",,"FALSE POSITIVE",2.63,1.5259105,2545.0,2.0990,6640.00,1
8175131,"K02139.01",,"FALSE POSITIVE",2.17,4.27121961,802.0,0.6700,4702.00,1
3764879,"K02141.01",,"CANDIDATE",18.33,1.306984786,1754.0,1.0260,6102.00,1
7177766,"K07819.01",,"FALSE POSITIVE",1.93,0.769358923,2928.0,2.9350,5267.00,1
5513897,"K02591.01",,"FALSE POSITIVE",0.85,0.755109106,1733.0,0.8150,5452.00,1
10664416,"K02599.01",,"FALSE POSITIVE",19.02,25.3239215,484.0,0.6680,5128.00,1
9602613,"K02612.01","Kepler-1994 b","CONFIRMED",0.51,4.61225043,1032.0,0.9610,5495.00,1
5807769,"K02614.01","Kepler-1289 b","CONFIRMED",1.97,7.99022379,1113.0,1.5420,5689.00,1
11495766,"K02630.01",,"FALSE POSITIVE",0.61,4.1749166,1116.0,0.9400,5910.00,
7282154,"K07830.01",,"FALSE POSITIVE",0.63,0.56678694,1920.0,0.8080,5341.00,1
3228988,"K03992.01",,"FALSE POSITIVE",15.83,0.73094701,1870.0,0.8370,5767.00,1
2970804,"K03993.01",,"FALSE POSITIVE",35.3,0.686994057,2063.0,1.0000,5780.00,1
7552701,"K03994.01",,"FALSE POSITIVE",1.3,1.324247867,2140.0,1.4060,6557.00,1
7418173,"K03995.01",,"FALSE POSITIVE",79.67,0.780632043,2714.0,2.1800,5354.00,1
3228804,"K03996.01",,"FALSE POSITIVE",14.43,0.730947169,1777.0,0.8260,5514.00,1
11045383,"K01645.01",,"FALSE POSITIVE",17.82,41.16676097,446.0,0.8050,5193.00,1
11391667,"K01652.01",,"FALSE POSITIVE",237.84,1.083736642,3641.0,5.6180,5591.00,1
11392017,"K01653.01",,"FALSE POSITIVE",55.95,2.45570369,1891.0,2.3140,5148.00,1
3446451,"K01735.01",,"FALSE POSITIVE",2.78,0.64234875,3813.0,2.5840,7089.00,1
6603756,"K01729.01",,"FALSE POSITIVE",16,5.204286663,934.0,0.8600,5332.00,1
8460600,"K01730.01",,"FALSE POSITIVE",18.9,6.352090869,772.0,0.6930,5089.00,1
12121470,"K02142.01",,"FALSE POSITIVE",1.46,1.877350712,1650.0,1.0590,6382.00,1
3327993,"K02157.01",,"FALSE POSITIVE",21.43,2.11552348,1398.0,0.9510,5900.00,1
5467124,"K02161.01",,"FALSE POSITIVE",3.63,2.84573962,1829.0,2.3720,5557.00,1
7906739,"K02165.01",,"FALSE POSITIVE",1.02,7.01476115,928.0,0.8700,5912.00,1
2860114,"K02170.01",,"FALSE POSITIVE",2.29,0.941603153,1608.0,0.8370,5237.00,1
8501062,"K02176.01",,"FALSE POSITIVE",,24.40213373,,,,
7199644,"K07821.01",,"FALSE POSITIVE",0.59,1.13357304,1836.0,0.9540,6147.00,1
11966253,"K02772.01",,"FALSE POSITIVE",0.88,0.643468999,2001.0,0.8430,5670.00,1
10275805,"K02782.01",,"FALSE POSITIVE",35.36,112.645961,377.0,0.9910,5895.00,1
5709889,"K02783.01",,"FALSE POSITIVE",0.58,0.526887517,1238.0,0.5190,3945.00,1
3119256,"K02784.01",,"FALSE POSITIVE",1.82,4.14244748,1907.0,2.1240,6785.00,1
9943435,"K02788.01",,"FALSE POSITIVE",0.95,0.777663575,1816.0,0.8120,5769.00,1
2442359,"K03997.01",,"FALSE POSITIVE",18.09,0.552834211,3107.0,2.6480,5132.00,1
7707742,"K03998.01",,"FALSE POSITIVE",149.44,0.758354475,3123.0,1.8300,7131.00,1
6041734,"K02167.03","Kepler-1129 c","CONFIRMED",3.73,76.5369531,503.0,1.4660,5596.00,2
2010191,"K03999.01",,"FALSE POSITIVE",25.43,3.43525124,1579.0,1.7420,5854.00,1
5471675,"K04000.01",,"FALSE POSITIVE",40.82,0.962828092,3553.0,3.4400,6552.00,1
7601665,"K07842.01",,"CANDIDATE",0.7,3.11141514,1530.0,1.2730,6450.00,1
8845574,"K01734.01",,"FALSE POSITIVE",2.51,1.878156188,1141.0,0.6700,5075.00,1
2021440,"K01987.01",,"FALSE POSITIVE",23.56,7.81153999,718.0,0.7100,5150.00,1
3122985,"K01949.01",,"FALSE POSITIVE",17.9,0.993488979,1914.0,0.9980,5811.00,1
3248019,"K01759.01",,"FALSE POSITIVE",44.9,1.334104585,1880.0,1.0830,6319.00,1
3328026,"K01994.01",,"FALSE POSITIVE",25.84,2.115498574,1432.0,1.0000,5917.00,1
7116024,"K07812.01",,"FALSE POSITIVE",0.69,3.40076682,1540.0,1.4960,6134.00,1
2014991,"K02178.01",,"FALSE POSITIVE",3.74,6.49676881,1761.0,3.0490,6418.00,1
12885212,"K02184.01",,"FALSE POSITIVE",1.27,2.057499811,1037.0,0.7360,4620.00,1
5894073,"K02187.01",,"FALSE POSITIVE",1.49,10.5856758,912.0,1.0920,6246.00,1
10518424,"K02188.01",,"FALSE POSITIVE",15.78,2.69633621,1334.0,0.9230,6106.00,1
4245933,"K02190.01",,"FALSE POSITIVE",2.14,11.2580745,497.0,0.5860,4257.00,1
7199724,"K07822.01",,"FALSE POSITIVE",0.66,0.566795586,2296.0,0.9970,6108.00,1
12935144,"K02847.01",,"FALSE POSITIVE",1.37,1.099291188,1414.0,0.8430,4878.00,1
6185496,"K02858.01",,"FALSE POSITIVE",1.43,0.47462889,1840.0,0.7860,4904.00,1
6606438,"K02860.01","Kepler-1883 b","CONFIRMED",3.16,103.4269873,416.0,1.0240,6208.00,1
9149789,"K02874.01",,"CANDIDATE",1,0.352515897,2194.0,0.7660,5465.00,1
12170648,"K02875.01",,"FALSE POSITIVE",2.03,0.299697755,2246.0,0.7820,5180.00,1
7051984,"K02879.01",,"CANDIDATE",2.09,0.339069751,3653.0,2.1830,5653.00,1
7282168,"K07831.01",,"FALSE POSITIVE",0.42,0.56681727,1832.0,0.7080,5481.00,1
9851943,"K04001.01",,"FALSE POSITIVE",0.99,1.081935491,1364.0,0.7180,4938.00,1
5773121,"K04002.01","Kepler-1932 b","CONFIRMED",1.27,0.524175803,1891.0,0.8150,5278.00,1
2708420,"K04003.01",,"FALSE POSITIVE",0.86,1.89129881,1414.0,0.8930,5806.00,1
4814502,"K04004.01","Kepler-1933 b","CONFIRMED",1.41,4.94330596,1058.0,1.0080,5661.00,1
8142787,"K04005.01","Kepler-439 b","CONFIRMED",2.25,178.139072,291.0,0.8790,5431.00,1
7613620,"K07843.01",,"CANDIDATE",0.79,0.619023176,1885.0,0.8910,5395.00,1
3345675,"K01772.01",,"CANDIDATE",15.08,120.00336404,240.0,0.6680,4315.00,1
3654950,"K01766.01",,"FALSE POSITIVE",68.81,4.067371428,978.0,0.7500,5385.00,1
3836453,"K01903.01",,"FALSE POSITIVE",0.94,1.540395781,1211.0,0.7350,4955.00,1
3952651,"K01912.01",,"FALSE POSITIVE",28.34,32.9045733,568.0,1.0000,5780.00,1
3966262,"K01811.01",,"FALSE POSITIVE",21.49,2.46353343,1171.0,0.7770,5541.00,1
4144231,"K01791.01",,"FALSE POSITIVE",24.11,22.91339043,510.0,0.6000,5451.00,1
9964670,"K02192.01",,"FALSE POSITIVE",1.5,1.541350116,1273.0,0.7840,5150.00,1
6209798,"K02196.01",,"FALSE POSITIVE",12.6,1.205412526,1988.0,1.1220,6292.00,1
6525249,"K02197.01",,"FALSE POSITIVE",23.38,1.710316235,1647.0,1.0960,6147.00,1
11075429,"K02198.01","Kepler-1137 b","CONFIRMED",3.01,23.9210408,1020.0,1.9720,7121.00,1
11705004,"K02199.01","Kepler-1806 b","CONFIRMED",1.96,9.03326435,729.0,0.7880,5311.00,1
6137681,"K03932.01",,"FALSE POSITIVE",28.27,356.535835,220.0,0.7500,5385.00,1
11244682,"K03933.01","Kepler-1699 b","CONFIRMED",1.32,3.490785878,1010.0,0.7250,5496.00,1
9655419,"K03934.01",,"FALSE POSITIVE",79.14,1.92149487,2382.0,2.2470,6831.00,1
5895158,"K03935.01","Kepler-1532 b","CONFIRMED",1.29,1.093665854,1681.0,0.8740,5845.00,1
4947556,"K03936.01",,"CANDIDATE",2.98,141.608555,290.0,0.8440,5083.00,1
7287028,"K07832.01",,"CANDIDATE",0.68,3.6092231,1192.0,0.9290,6032.00,1
5471690,"K04006.01",,"FALSE POSITIVE",1.47,12.4247333,1284.0,2.1930,6632.00,2
8376848,"K04007.01",,"CANDIDATE",25.01,11.4927112,858.0,1.0050,6198.00,1
5350447,"K04008.01",,"FALSE POSITIVE",27.74,70.7511986,441.0,0.9360,5771.00,1
4173026,"K02172.02","Kepler-1801 c","CONFIRMED",2.91,116.583183,371.0,0.9810,5738.00,2
8934103,"K04009.01","Kepler-1538 b","CONFIRMED",3.06,175.13892,346.0,1.2410,5497.00,1
7618364,"K07844.01",,"FALSE POSITIVE",92.86,1.302061421,3345.0,2.7830,7757.00,1
4150390,"K01768.01",,"FALSE POSITIVE",27.32,55.25178622,444.0,0.8320,5793.00,1
4851464,"K01757.01",,"FALSE POSITIVE",21.49,5.548250634,1088.0,1.0280,6124.00,1
4913000,"K01775.01",,"FALSE POSITIVE",3.98,4.442520831,1392.0,1.3300,6496.00,1
4945877,"K01936.01",,"FALSE POSITIVE",1.27,1.339670241,3448.0,2.2450,8867.00,1
5110423,"K01777.01",,"FALSE POSITIVE",28.98,2.685223546,1111.0,0.7190,5552.00,1
2581191,"K02203.01",,"FALSE POSITIVE",1.17,1.99042642,1539.0,1.0050,6198.00,1
7379385,"K02207.01",,"FALSE POSITIVE",2.44,67.230028,482.0,1.0160,6157.00,1
6199702,"K02211.01",,"FALSE POSITIVE",1.93,0.805259637,2115.0,1.0220,6257.00,1
6307083,"K02050.01",,"FALSE POSITIVE",1.6,75.3787816,360.0,0.8410,5061.00,1
6780158,"K02231.01",,"FALSE POSITIVE",36.93,2.464160779,1709.0,1.8830,5238.00,1
7199756,"K07823.01",,"FALSE POSITIVE",0.54,0.566781152,1090.0,0.4600,3725.00,1
4947556,"K03936.02","Kepler-1930 b","CONFIRMED",2.08,13.0267964,643.0,0.8440,5083.00,2
7362696,"K03937.01",,"FALSE POSITIVE",21.42,4.93129874,944.0,0.7790,5457.00,1
3865595,"K03938.01",,"FALSE POSITIVE",104.18,5.59187448,4793.0,58.3250,3915.00,1
9593528,"K03939.01",,"FALSE POSITIVE",43.81,1.88665445,1794.0,1.2490,6296.00,1
5195945,"K03940.01",,"FALSE POSITIVE",73.15,14.53682228,1596.0,5.8550,4946.00,1
7300182,"K07833.01",,"CANDIDATE",2.22,172.820248,338.0,0.9390,6174.00,1
5288577,"K04010.01",,"FALSE POSITIVE",2.43,1.72853003,2492.0,2.2370,6701.00,1
11969988,"K04011.01",,"FALSE POSITIVE",1.68,2.19068738,2017.0,1.9750,6208.00,1
8483258,"K04012.01",,"FALSE POSITIVE",5.68,372.16478,279.0,1.1290,6194.00,
4832225,"K04013.01",,"FALSE POSITIVE",2.82,0.947730124,3914.0,2.1840,9464.00,2
9009953,"K04014.01","Kepler-1700 b","CONFIRMED",3.41,234.240739,329.0,1.2480,5814.00,1
7664272,"K07845.01",,"FALSE POSITIVE",1.72,341.01495,234.0,0.8960,5327.00,1
5302006,"K01755.01",,"FALSE POSITIVE",4.79,6.14631207,1260.0,1.3100,6726.00,1
5306720,"K01991.01",,"FALSE POSITIVE",39.49,27.36432337,659.0,1.1070,6167.00,1
5389540,"K01836.01",,"FALSE POSITIVE",1.98,10.26231992,509.0,0.5400,4316.00,1
5444384,"K01778.01",,"FALSE POSITIVE",11.12,1.519529227,1653.0,1.0460,6033.00,1
5450814,"K01780.01",,"FALSE POSITIVE",21.23,6.487525901,593.0,0.4850,4481.00,1
7116519,"K07813.01",,"FALSE POSITIVE",0.92,0.56676437,2267.0,1.0050,6039.00,1
9635510,"K02234.01",,"FALSE POSITIVE",21.19,2.35197616,1444.0,1.0030,6147.00,1
8076630,"K02235.01",,"FALSE POSITIVE",1.88,0.861643331,1613.0,0.6880,5506.00,1
4077901,"K02239.01",,"FALSE POSITIVE",1.09,12.1097626,681.0,0.7390,5437.00,1
10271691,"K02240.01",,"FALSE POSITIVE",0.76,63.909601,351.0,0.6430,5227.00,
10544677,"K02244.01",,"FALSE POSITIVE",49.24,19.7352868,743.0,1.0450,6329.00,1
7199883,"K07824.01",,"FALSE POSITIVE",0.56,0.566799125,2299.0,1.0040,6063.00,1
9904006,"K02135.02",,"CANDIDATE",1.39,20.1890396,794.0,1.2670,6178.00,3
8552587,"K03941.01",,"FALSE POSITIVE",24.17,1.061935973,1961.0,1.0620,6274.00,1
6019872,"K03942.01",,"FALSE POSITIVE",14.96,1.485898163,1272.0,0.7270,5088.00,1
7679812,"K03943.01","Kepler-1931 b","CONFIRMED",2.05,38.5763483,619.0,1.2210,6167.00,1
4864734,"K03944.01",,"FALSE POSITIVE",77.83,1.845610523,2502.0,2.9780,5974.00,1
7366501,"K07834.01",,"CANDIDATE",1,7.3812344,944.0,0.9230,6072.00,1
8282846,"K04015.01","Kepler-1539 b","CONFIRMED",2.67,133.303247,301.0,0.8640,5064.00,1
5938970,"K04016.01","Kepler-1540 b","CONFIRMED",3.14,125.4132302,266.0,0.7470,4641.00,1
8381693,"K04017.01",,"FALSE POSITIVE",29.53,21.5702917,888.0,1.6280,6070.00,1
4929299,"K04018.01",,"FALSE POSITIVE",1.87,0.868723418,1998.0,1.0460,5761.00,1
7375348,"K00266.01","Kepler-508 b","CONFIRMED",1.77,25.30893566,710.0,1.2920,5949.00,1
10223615,"K00065.01",,"FALSE POSITIVE",,27.25471993,,,,
3342463,"K00383.01",,"FALSE POSITIVE",,34.10787519,,,,
6680177,"K00860.01",,"FALSE POSITIVE",,16.61474421,,,,
5565497,"K01789.01",,"FALSE POSITIVE",36.77,1.412526202,3001.0,1.9100,8468.00,1
5730389,"K01956.01",,"FALSE POSITIVE",6.42,2.759573341,1198.0,0.8630,5640.00,1
5802478,"K01834.01",,"FALSE POSITIVE",1.95,3.79188234,1201.0,0.9100,6171.00,1
5942093,"K01995.01",,"FALSE POSITIVE",29.24,14.38724729,725.0,0.8590,5830.00,1
5992270,"K01855.01",,"FALSE POSITIVE",3.45,58.4302648,300.0,0.6090,4338.00,1
7117126,"K07814.01",,"FALSE POSITIVE",0.43,0.566717263,2096.0,0.9570,5544.00,1
4761060,"K02249.01",,"FALSE POSITIVE",6.65,13.37935853,1395.0,2.7020,6739.00,1
5479802,"K02251.01",,"FALSE POSITIVE",3.55,13.26255423,766.0,0.9350,5973.00,1
5607631,"K02254.01",,"FALSE POSITIVE",28.96,20.5696575,650.0,0.8380,6098.00,1
4951249,"K02258.01",,"FALSE POSITIVE",1.7,4.52342256,1195.0,1.0580,6211.00,1
9156585,"K02054.01",,"FALSE POSITIVE",4.56,22.32423657,611.0,0.9120,5648.00,1
3121340,"K03945.01",,"FALSE POSITIVE",52.16,0.723947772,3192.0,2.8970,5160.00,1
8636434,"K03946.01","Kepler-1533 b","CONFIRMED",3.28,308.544422,330.0,1.3490,6325.00,1
5952366,"K03947.01",,"FALSE POSITIVE",35.74,0.905679492,1882.0,1.0000,5780.00,1
5952366,"K03947.02",,"FALSE POSITIVE",5.07,22.735911,643.0,1.0000,5780.00,2
6045250,"K03948.01",,"FALSE POSITIVE",48.79,0.909310626,2130.0,1.1060,6370.00,1
5598595,"K03949.01",,"FALSE POSITIVE",1.08,0.648774274,1659.0,0.7290,5026.00,1
6681233,"K00562.01",,"FALSE POSITIVE",,32.63286247,,,,
7296438,"K00364.01",,"CANDIDATE",,173.92851338,,,,
7351237,"K00879.01",,"FALSE POSITIVE",,25.64384513,,,,
7436215,"K00885.01",,"FALSE POSITIVE",,25.58546721,,,,
9763754,"K00589.01",,"FALSE POSITIVE",0.93,17.47702,676.0,0.7820,6116.00,
10216045,"K00594.01",,"FALSE POSITIVE",,16.88954693,,,,
8846163,"K00962.01",,"FALSE POSITIVE",,26.77891391,,,,
12366681,"K00973.01",,"FALSE POSITIVE",,13.33386985,,,,
1996399,"K01026.01",,"FALSE POSITIVE",,94.10628163,,,,
2697169,"K01027.01",,"FALSE POSITIVE",,14.71266408,,,,
8435247,"K01131.01",,"FALSE POSITIVE",28.44,0.696125302,1645.0,0.6740,5245.00,1
8332986,"K01137.01",,"FALSE POSITIVE",40.73,302.38867822,238.0,0.8570,5328.00,1
9425139,"K01411.01",,"CANDIDATE",7.82,305.0762469,284.0,1.1550,5716.00,1
6364327,"K01744.01",,"FALSE POSITIVE",20.41,5.24372504,1017.0,0.8670,5772.00,1
6762829,"K01740.01",,"FALSE POSITIVE",30.77,18.795269797,899.0,1.8410,5623.00,1
7369865,"K01918.01",,"FALSE POSITIVE",12.62,42.2625935,855.0,3.5810,5432.00,1
7593110,"K01748.01",,"FALSE POSITIVE",24.15,3.549386251,1142.0,0.8920,5759.00,1
7810483,"K01943.01","Kepler-1676 b","CONFIRMED",3.09,29.92208104,782.0,1.6370,6127.00,1
7117147,"K07815.01",,"FALSE POSITIVE",0.71,0.566812588,3089.0,1.7180,6194.00,1
6634133,"K02262.01",,"FALSE POSITIVE",19.64,9.94221873,754.0,0.9170,5213.00,1
7021534,"K02267.01",,"FALSE POSITIVE",1.46,9.06557317,880.0,0.9160,6075.00,1
9277210,"K02268.01",,"FALSE POSITIVE",1.21,4.9432827,1739.0,2.2360,6701.00,
9728465,"K02270.01",,"FALSE POSITIVE",2.29,7.35390869,1483.0,2.3270,6385.00,1
7124026,"K02275.01",,"FALSE POSITIVE",1.41,15.7455586,743.0,0.9500,6089.00,1
7200485,"K07825.01",,"FALSE POSITIVE",0.59,0.566796615,2077.0,0.8490,5858.00,1
9904006,"K02135.03","Kepler-361 b","CONFIRMED",1.34,8.48651582,1060.0,1.2670,6178.00,2
4544572,"K03950.01",,"FALSE POSITIVE",33.45,2.189092892,1446.0,0.9660,6106.00,1
5738634,"K03951.01",,"FALSE POSITIVE",3.05,2.40435335,2454.0,3.3580,6103.00,1
10152836,"K03952.01",,"FALSE POSITIVE",5.24,220.9290121,299.0,0.9410,5893.00,1
10651816,"K03953.01",,"FALSE POSITIVE",19.66,3.1877519,1141.0,0.8960,5532.00,1
7367164,"K07835.01",,"CANDIDATE",0.87,3.76565247,1108.0,0.8770,5815.00,1
6964043,"K01351.01",,"FALSE POSITIVE",39.84,10.72396374,783.0,0.9050,5582.00,2
3644523,"K01195.01",,"FALSE POSITIVE",36.8,119.67747,379.0,0.9690,6075.00,1
11909686,"K01483.01",,"FALSE POSITIVE",50.98,185.9526325,343.0,1.1640,5813.00,1
6678383,"K00111.04",,"FALSE POSITIVE",,103.62650922,,,,
12644769,"K01611.01",,"FALSE POSITIVE",23.2,41.077590334,346.0,0.6200,4451.00,1
6233890,"K01624.01",,"FALSE POSITIVE",65.37,2.99540439,2195.0,3.0900,6106.00,1
7671950,"K07846.01",,"CANDIDATE",1.28,10.5994606,896.0,1.0690,6194.00,1
7918172,"K01817.01",,"FALSE POSITIVE",44.59,63.934965,525.0,1.5950,5209.00,2
8009496,"K01869.01",,"FALSE POSITIVE",4.79,38.4769457,814.0,2.1630,6079.00,3
8081187,"K01951.01","Kepler-1025 b","CONFIRMED",35.34,37.3228722,1654.0,19.5300,4907.00,1
8111919,"K02030.01",,"FALSE POSITIVE",3.68,1.664980224,1921.0,1.5670,5792.00,1
8127586,"K01752.01",,"FALSE POSITIVE",1.82,16.6094904,766.0,1.0500,6047.00,1
7117485,"K07816.01",,"FALSE POSITIVE",3.37,0.566789505,2038.0,0.7840,5894.00,1
2860793,"K02277.01",,"FALSE POSITIVE",17.88,2.62982665,1968.0,1.8460,6712.00,1
3851130,"K02284.01",,"FALSE POSITIVE",1.5,2.69787749,1512.0,1.3480,5609.00,1
7257363,"K02292.01",,"FALSE POSITIVE",1.15,5.23340265,851.0,0.7410,5266.00,1
11922722,"K02301.01",,"FALSE POSITIVE",1.12,3.51289168,1161.0,0.9810,5523.00,1
12061969,"K02061.01","Kepler-2001 c","CONFIRMED",1.82,14.092583189,597.0,0.7700,5081.00,1
7203326,"K07826.01",,"FALSE POSITIVE",1.37,9.087508013,987.0,1.1190,6078.00,1
8030339,"K03954.01",,"FALSE POSITIVE",2.17,0.65244373,1969.0,0.8830,5638.00,1
9899414,"K03955.01",,"FALSE POSITIVE",30.04,1.332564704,1692.0,0.9720,6046.00,1
5471059,"K03956.01",,"FALSE POSITIVE",49.84,2.636899795,1179.0,0.8470,5524.00,1
7458309,"K03957.01",,"FALSE POSITIVE",17.38,0.660629055,2032.0,0.8490,6024.00,1
7777372,"K03958.01",,"FALSE POSITIVE",1.14,0.885123683,1961.0,0.9980,5979.00,1
7377200,"K07836.01",,"FALSE POSITIVE",4.11,471.65421,313.0,1.6530,6061.00,1
6312314,"K01625.01",,"FALSE POSITIVE",1.1,1.221204888,1772.0,0.9970,5874.00,1
6387969,"K01617.01",,"FALSE POSITIVE",,135.90795753,,,,
6468337,"K01620.01",,"FALSE POSITIVE",1.3,0.959853772,2468.0,1.6530,6061.00,1
9084778,"K01631.01",,"CANDIDATE",6.77,0.592243731,1551.0,0.5910,4920.00,1
10357040,"K01634.01",,"FALSE POSITIVE",1.91,46.882525,513.0,0.9550,6045.00,
10514429,"K01614.01",,"FALSE POSITIVE",1.85,20.7191626,790.0,1.3660,5837.00,1
7747103,"K07847.01",,"CANDIDATE",3.93,399.37587,326.0,1.6180,6098.00,1
8127607,"K01919.01",,"FALSE POSITIVE",6.64,16.60973843,579.0,0.7520,5238.00,1
8129042,"K01743.01",,"FALSE POSITIVE",5.06,54.323118,706.0,1.6700,6988.00,
8180020,"K01741.01",,"FALSE POSITIVE",19.04,5.803127153,886.0,0.7950,5533.00,1
8223328,"K01767.01",,"FALSE POSITIVE",719.49,35.51619219,504.0,0.8710,5514.00,1
8444552,"K01769.01",,"FALSE POSITIVE",39.51,0.589049151,1959.0,0.7710,5592.00,1
6342333,"K02065.01","Kepler-1789 b","CONFIRMED",3.24,80.2321467,380.0,0.8880,5436.00,1
10674871,"K02068.01",,"CANDIDATE",32.16,41.88970036,515.0,0.9070,5952.00,1
6032517,"K02070.01",,"FALSE POSITIVE",4.51,1.791406261,1579.0,1.0280,6092.00,1
4768846,"K02077.01",,"FALSE POSITIVE",2.89,1.25483232,2748.0,2.5720,6168.00,1
8260234,"K02085.01",,"FALSE POSITIVE",1.26,5.71483873,842.0,0.7550,5193.00,1
7210749,"K07828.01",,"FALSE POSITIVE",2.24,17.5859472,700.0,1.0000,5780.00,1
9282769,"K03959.01",,"FALSE POSITIVE",27.36,1.332567005,2007.0,1.2230,6388.00,1
10404582,"K02147.02","Kepler-362 b","CONFIRMED",1.25,10.32736351,838.0,1.0170,5757.00,2
7777416,"K03960.01",,"FALSE POSITIVE",1.97,2.54557259,1234.0,0.8630,5718.00,1
7597005,"K03961.01",,"FALSE POSITIVE",1.72,0.704541784,2121.0,1.0120,6063.00,1
5479717,"K03962.01",,"FALSE POSITIVE",28.06,0.697996932,1604.0,0.6950,5176.00,1
3764714,"K03963.01",,"FALSE POSITIVE",85.25,6.63449721,1719.0,2.8170,6487.00,1
11392618,"K01623.01",,"FALSE POSITIVE",3.71,110.9215892,443.0,1.3840,5725.00,1
4474645,"K01657.01",,"FALSE POSITIVE",21.04,3.88673217,1050.0,0.7670,5798.00,1
4570949,"K01658.01","Kepler-76 b","CONFIRMED",13.43,1.544928892,1997.0,1.4120,6309.00,1
4927315,"K01663.01",,"FALSE POSITIVE",3.12,11.76921923,868.0,1.0520,6215.00,1
4928119,"K01664.01",,"FALSE POSITIVE",50.33,44.638983058,551.0,1.0350,6197.00,1
11518201,"K03104.01",,"CANDIDATE",1.75,1.236866732,1569.0,0.8790,5621.00,1
10861608,"K03118.01",,"FALSE POSITIVE",,174.95980475,,,,
10934313,"K03121.01",,"FALSE POSITIVE",1.31,1.926888595,1619.0,1.1000,6268.00,1
11497958,"K01422.05","Kepler-296 e","CONFIRMED",1.06,34.1420506,248.0,0.3830,3526.00,4
7516809,"K03133.01",,"FALSE POSITIVE",1.16,0.241842544,2689.0,0.7970,5834.00,
6115516,"K03134.01",,"FALSE POSITIVE",1.53,0.865759153,2100.0,1.0760,6249.00,1
9758032,"K03137.01",,"CANDIDATE",0.85,1.332035996,1365.0,0.7300,5376.00,1
6444896,"K03138.01","Kepler-1649 b","CONFIRMED",0.49,8.68910764,211.0,0.1180,2703.00,1
5640511,"K03139.01",,"FALSE POSITIVE",,0.63624396,,,,
7336093,"K03143.01",,"FALSE POSITIVE",,4.4040248,,,,
10196493,"K03149.01",,"FALSE POSITIVE",,9.81101738,,,,
11442793,"K00351.05","Kepler-90 c","CONFIRMED",1.53,8.71980135,987.0,1.2000,5970.00,7
11442793,"K00351.06","Kepler-90 b","CONFIRMED",1.29,7.00821787,1062.0,1.2000,5970.00,6
7812455,"K02881.01",,"FALSE POSITIVE",33.18,0.903583394,2162.0,1.1010,6455.00,1
9520443,"K02893.01",,"FALSE POSITIVE",1.34,0.99014722,1433.0,0.7470,5072.00,1
10601465,"K02902.01",,"FALSE POSITIVE",,138.61227705,,,,
7461307,"K02909.01",,"FALSE POSITIVE",0.82,0.77359329,1890.0,0.9070,5747.00,1
7269881,"K02916.01",,"FALSE POSITIVE",0.82,0.306937807,2142.0,0.7410,5088.00,1
6974658,"K02925.01",,"CANDIDATE",1.11,0.716531851,2034.0,1.0300,5552.00,1
10964265,"K02934.01",,"FALSE POSITIVE",1.75,0.637487312,2334.0,1.0830,6173.00,1
8672910,"K00918.02",,"FALSE POSITIVE",1.41,5.71489488,908.0,0.8330,5552.00,
3233043,"K00966.02",,"FALSE POSITIVE",,7.76967007,,,,
7269493,"K01961.02",,"FALSE POSITIVE",1.36,76.642481,542.0,1.7140,5537.00,
9634821,"K02037.02",,"CANDIDATE",2.17,5.47715718,892.0,0.9300,5029.00,2
8753896,"K02473.02",,"FALSE POSITIVE",,73.45736853,,,,
11074835,"K02533.02",,"FALSE POSITIVE",,9.49361221,,,,
10812504,"K02570.02",,"FALSE POSITIVE",,4.4296786,,,,
9827149,"K02586.02",,"FALSE POSITIVE",1.69,5.9703813,981.0,0.9650,5825.00,
9602613,"K02612.02",,"CANDIDATE",0.53,7.57299816,875.0,0.9610,5495.00,2
7584650,"K02631.02",,"FALSE POSITIVE",,3.95383243,,,,
9758089,"K01871.02","Kepler-1996 b","CONFIRMED",2.26,32.376183,392.0,0.6750,4580.00,2
10005758,"K01783.02","Kepler-1662 c","CONFIRMED",6.36,284.063137,321.0,1.3360,5791.00,2
9823564,"K02940.01",,"FALSE POSITIVE",,129.68366098,,,,
9532424,"K02941.01",,"FALSE POSITIVE",1.62,4.30908594,1172.0,1.0970,5754.00,1
9950316,"K02947.01",,"FALSE POSITIVE",0.98,57.104588,425.0,0.8210,5637.00,
6028860,"K02950.01",,"FALSE POSITIVE",6.69,0.422015793,2136.0,0.7770,5614.00,1
6778019,"K02953.01",,"FALSE POSITIVE",1.14,0.945825494,1989.0,1.0840,6116.00,1
4571536,"K02954.01",,"FALSE POSITIVE",1.29,0.676715927,1735.0,0.7330,5334.00,1
10904004,"K02957.01",,"CANDIDATE",0.76,4.64490141,832.0,0.7700,4786.00,1
3336283,"K02974.01",,"FALSE POSITIVE",0.82,0.576441813,2471.0,1.0380,6459.00,1
5695904,"K02983.01",,"FALSE POSITIVE",0.58,0.423854275,1062.0,0.3680,3553.00,1
1725415,"K02988.01",,"FALSE POSITIVE",,2.43731228,,,,
11304987,"K02993.01",,"FALSE POSITIVE",32.44,0.692693892,2050.0,0.9640,5907.00,1
11709423,"K03001.01",,"FALSE POSITIVE",4.09,0.768934934,1713.0,0.7770,5390.00,1
8758136,"K03006.01",,"FALSE POSITIVE",1.1,0.998212785,1888.0,0.9880,6072.00,1
12405333,"K03009.01","Kepler-1409 b","CONFIRMED",1.04,0.764863517,1733.0,0.8600,5231.00,1
10617638,"K03016.01",,"FALSE POSITIVE",1.16,0.710894157,2098.0,1.0490,5862.00,1
12833566,"K03024.01",,"FALSE POSITIVE",1.49,0.537839241,4061.0,3.0300,6456.00,
9153554,"K03044.01",,"FALSE POSITIVE",2.25,0.373684977,2490.0,0.9080,5970.00,1
8161830,"K03046.01",,"FALSE POSITIVE",,1.10118564,,,,
6461850,"K03054.01",,"FALSE POSITIVE",1.03,0.544962596,1719.0,0.6390,5257.00,1
7613246,"K03062.01",,"FALSE POSITIVE",0.9,0.769127296,1917.0,0.8310,6024.00,1
11551715,"K03076.01",,"FALSE POSITIVE",,225.56791218,,,,
2715695,"K03077.01","Kepler-1899 b","CONFIRMED",1.64,4.09578199,851.0,0.7420,4791.00,1
11442793,"K00351.04","Kepler-90 e","CONFIRMED",2.62,91.9401253,450.0,1.2000,5970.00,4
6312171,"K03079.01",,"FALSE POSITIVE",,92.57337995,,,,
10665043,"K03080.01",,"FALSE POSITIVE",,185.0097245,,,,
12352520,"K03094.01","Kepler-1904 b","CONFIRMED",1.33,4.5770016,567.0,0.4970,3805.00,1
7455981,"K03096.01","Kepler-1425 b","CONFIRMED",0.72,14.4540329,676.0,0.7900,5559.00,1
7107561,"K03100.01",,"FALSE POSITIVE",1.54,0.812587678,2717.0,1.8770,6143.00,1
9605552,"K03102.01",,"CANDIDATE",0.61,9.3210841,394.0,0.3500,3773.00,
11237332,"K03103.01",,"FALSE POSITIVE",1.21,19.3073774,1054.0,2.1420,6131.00,
8669092,"K00068.01",,"FALSE POSITIVE",80.25,1.000840564,3367.0,3.1770,6287.00,3
5474613,"K01599.02","Kepler-1659 b","CONFIRMED",22.29,13.6164547,755.0,0.9720,5823.00,2
9823519,"K02793.02","Kepler-1350 c","CONFIRMED",1.4,1.766789509,730.0,0.4440,3698.00,2
2715695,"K03077.02",,"CANDIDATE",1.46,7.55842923,694.0,0.7420,4791.00,2
10587105,"K00339.03","Kepler-529 d","CONFIRMED",2.44,35.8656484,633.0,1.1890,6078.00,3
8558011,"K00577.02","Kepler-607 b","CONFIRMED",0.91,0.638162933,1874.0,0.8880,5244.00,2
7885494,"K07854.01",,"FALSE POSITIVE",0.86,1.72929014,1497.0,0.9400,5910.00,1
5281714,"K05148.01",,"FALSE POSITIVE",2.38,40.301684,623.0,1.1770,6429.00,1
5283728,"K05149.01",,"CANDIDATE",1.33,43.681309,473.0,0.8290,5726.00,1
5289857,"K05150.01",,"FALSE POSITIVE",2.19,26.524553,695.0,1.7030,4995.00,1
5303185,"K05151.01",,"FALSE POSITIVE",1.47,26.1537851,631.0,0.9670,6091.00,1
5308777,"K05152.01",,"FALSE POSITIVE",37.61,0.944598153,4190.0,9.2140,4877.00,1
5364090,"K05153.01",,"FALSE POSITIVE",0.9,354.63284,152.0,0.5350,4206.00,1
5370944,"K05154.01",,"FALSE POSITIVE",,35.40103336,,,,1
5374838,"K05155.01",,"CANDIDATE",7.57,230.180357,347.0,1.2460,6313.00,1
6364143,"K05272.01",,"FALSE POSITIVE",0.75,5.2433865,1038.0,0.9020,6011.00,1
6364307,"K05273.01",,"FALSE POSITIVE",12.68,5.2435703,890.0,0.7220,5558.00,1
6366559,"K05274.01",,"CANDIDATE",1.59,55.7583803,537.0,1.4030,5413.00,1
6367663,"K05275.01",,"CANDIDATE",1.16,3.781123,1421.0,1.2160,6318.00,1
6368905,"K05276.01",,"CANDIDATE",2,220.720142,235.0,0.6960,5150.00,1
6369548,"K05277.01",,"FALSE POSITIVE",20.5,634.84739,464.0,8.6110,5048.00,1
6372194,"K05278.01",,"CANDIDATE",7.22,281.5921577,225.0,0.7130,5330.00,1
6387557,"K05279.01",,"CANDIDATE",1.95,103.722152,414.0,1.1430,5784.00,1
3098843,"K03376.01",,"FALSE POSITIVE",1.84,29.9756697,591.0,0.9860,5893.00,1
3958301,"K03381.02",,"FALSE POSITIVE",4.02,387.56519,271.0,1.0200,6289.00,2
5353137,"K03447.01",,"FALSE POSITIVE",0.74,31.5073649,253.0,0.3700,3554.00,1
4932689,"K03453.01",,"FALSE POSITIVE",31.25,18.1118457,803.0,1.1380,6434.00,1
5294945,"K03463.01",,"CANDIDATE",1.42,32.5474295,618.0,1.0610,6068.00,1
7742408,"K03478.01","Kepler-1697 b","CONFIRMED",2.97,33.4969115,630.0,1.6880,4928.00,1
3968809,"K05030.01",,"CANDIDATE",2.61,411.8969,279.0,1.1440,6362.00,1
3970397,"K05031.01",,"FALSE POSITIVE",,34.33339948,,,,1
3973549,"K05032.01",,"FALSE POSITIVE",3.39,1.389947459,1665.0,0.9500,5999.00,1
3974928,"K05033.01",,"CANDIDATE",5.52,127.671711,519.0,2.6330,4985.00,1
4058169,"K05034.01",,"FALSE POSITIVE",70.53,282.5363563,360.0,1.4100,6401.00,1
4063943,"K05035.01",,"CANDIDATE",,115.23145073,,,,1
4068391,"K05036.01",,"FALSE POSITIVE",2.87,289.490952,290.0,1.0320,5978.00,1
4071638,"K05037.01",,"CANDIDATE",134.79,349.58811,1351.0,74.3200,3860.00,1
5390913,"K05156.01",,"CANDIDATE",30.88,1.680254289,1996.0,1.2460,6423.00,1
5391911,"K05157.01",,"FALSE POSITIVE",21.02,0.782068488,6169.0,20.2370,4475.00,1
5394585,"K05158.01",,"CANDIDATE",4.41,151.13008,578.0,2.3020,6768.00,1
5397106,"K05159.01",,"FALSE POSITIVE",,440.65087204,,,,1
5425643,"K05160.01",,"CANDIDATE",,258.63797782,,,,1
5425908,"K05161.01",,"FALSE POSITIVE",,289.76961138,,,,1
5428199,"K05162.01",,"CANDIDATE",0.95,628.15844,101.0,0.4230,3697.00,1
5436415,"K05163.01",,"FALSE POSITIVE",8,273.223848,452.0,3.7920,5079.00,1
6387887,"K05280.01",,"FALSE POSITIVE",281.62,0.650701055,6285.0,3.7010,10921.00,2
6425377,"K05281.01",,"CANDIDATE",23.91,263.90141,562.0,6.2470,5094.00,1
6428602,"K05282.01",,"FALSE POSITIVE",16.91,59.742966,1037.0,7.3220,5059.00,1
6442735,"K05283.01",,"CANDIDATE",0.83,18.7821603,681.0,0.9400,5919.00,1
6443093,"K05284.01",,"CANDIDATE",27.61,389.316341,245.0,0.9580,5731.00,1
6447372,"K05285.01",,"FALSE POSITIVE",1.34,405.32064,166.0,0.5740,4694.00,1
6461675,"K05286.01",,"FALSE POSITIVE",10.76,342.830882,530.0,5.2050,4994.00,1
6509282,"K05287.01",,"CANDIDATE",28.1,3.98916186,3293.0,16.1870,4998.00,1
8231667,"K03494.01","Kepler-1926 b","CONFIRMED",2.67,42.8774169,451.0,0.8320,5256.00,1
6697817,"K03508.01",,"CANDIDATE",1.67,190.800788,321.0,0.9860,5993.00,1
3439096,"K03509.01",,"FALSE POSITIVE",164.46,2.97601892,2799.0,7.7460,5140.00,1
3324644,"K03781.01",,"FALSE POSITIVE",399.44,2.882424694,2912.0,8.0580,4705.00,1
5437945,"K03791.02","Kepler-460 c","CONFIRMED",5.94,220.142913,389.0,1.3930,6340.00,2
1161949,"K04920.01",,"FALSE POSITIVE",3.32,473.95103,341.0,1.8100,6513.00,1
4077252,"K05038.01",,"FALSE POSITIVE",2.28,0.534109403,5513.0,2.4320,10747.00,1
4077767,"K05039.01",,"FALSE POSITIVE",2825.04,168.77118,251.0,0.7190,4936.00,1
4135912,"K05040.01",,"CANDIDATE",2.87,29.6094263,789.0,1.7830,6079.00,1
4144238,"K05041.01",,"FALSE POSITIVE",30.24,22.9138322,785.0,1.3340,6154.00,1
4147171,"K05042.01",,"FALSE POSITIVE",2.37,538.36855,237.0,1.0150,6148.00,1
4149060,"K05043.01",,"FALSE POSITIVE",1.79,65.5327181,437.0,0.9230,5755.00,1
4150972,"K05044.01",,"CANDIDATE",1.37,161.537665,400.0,1.3580,6033.00,1
4160006,"K05045.01",,"FALSE POSITIVE",107,1.018360336,2302.0,1.4630,6160.00,1
5436455,"K05164.01",,"CANDIDATE",1.16,209.967521,344.0,1.0420,6437.00,1
5439000,"K05165.01",,"CANDIDATE",1.66,369.73011,274.0,0.9990,6283.00,1
5440435,"K05166.01",,"FALSE POSITIVE",,78.04064906,,,,1
5440472,"K05167.01",,"FALSE POSITIVE",2.39,396.349253,293.0,1.1680,6495.00,1
5440651,"K05168.01",,"FALSE POSITIVE",26.81,0.502807253,1825.0,0.7150,5109.00,1
5443320,"K05169.01",,"CANDIDATE",1.72,21.3684341,551.0,0.7860,5204.00,1
5446961,"K05170.01",,"FALSE POSITIVE",1.69,149.526152,202.0,0.6280,3978.00,1
5467126,"K05171.01",,"FALSE POSITIVE",402.16,2.845736321,3058.0,10.1540,4878.00,1
6511182,"K05288.01",,"CANDIDATE",1.9,29.5632952,527.0,0.8280,5595.00,1
6517064,"K05289.01",,"CANDIDATE",2.04,181.81214,324.0,0.9250,6060.00,1
6517200,"K05290.01",,"CANDIDATE",2.06,435.50635,225.0,0.8820,5750.00,1
6517255,"K05291.01",,"CANDIDATE",12.74,525.560452,359.0,3.7960,4954.00,1
6522124,"K05292.01",,"FALSE POSITIVE",,43.60012467,,,,1
6525196,"K05293.01",,"FALSE POSITIVE",57.97,1.710299164,1638.0,1.0060,6082.00,1
6525398,"K05294.01",,"FALSE POSITIVE",2.49,252.04444,196.0,0.6640,4514.00,1
6526377,"K05295.01",,"FALSE POSITIVE",,1.39508873,,,,1
1164301,"K04921.01",,"CANDIDATE",28.41,95.688682,1046.0,13.0560,5040.00,1
1297263,"K04922.01",,"FALSE POSITIVE",3.09,153.521361,493.0,1.9210,6233.00,1
1429589,"K04923.01",,"CANDIDATE",1.4,38.168652,696.0,1.4650,6164.00,1
1572948,"K04924.01",,"FALSE POSITIVE",4.7,3.0031801,1827.0,1.7680,6606.00,1
1725193,"K04925.01",,"FALSE POSITIVE",43.7,2.96384168,1406.0,1.1580,6095.00,1
1865864,"K04926.01",,"CANDIDATE",1.47,69.089357,332.0,0.6980,4848.00,1
1870398,"K04927.01",,"FALSE POSITIVE",37.88,43.142257,706.0,1.7690,6198.00,1
1873513,"K04928.01","Kepler-1624 b","CONFIRMED",4.91,3.290304098,540.0,0.4270,3386.00,1
4164511,"K05046.01",,"CANDIDATE",1.44,40.9882124,657.0,1.1740,6705.00,1
4179201,"K05047.01",,"FALSE POSITIVE",2.83,326.70552,287.0,0.9980,6036.00,1
4241238,"K05048.01",,"CANDIDATE",6.28,138.333748,488.0,2.5470,4948.00,1
4242806,"K05049.01",,"FALSE POSITIVE",1.27,343.49816,164.0,0.6240,4256.00,1
4245861,"K05050.01",,"FALSE POSITIVE",1.24,11.2582311,667.0,0.7220,5242.00,1
4246343,"K05051.01",,"FALSE POSITIVE",,139.54219147,,,,1
4253860,"K05052.01",,"FALSE POSITIVE",444.08,155.046089,1101.0,12.6130,6513.00,1
4274816,"K05053.01",,"FALSE POSITIVE",0.98,14.3641542,795.0,1.0330,5925.00,1
5470851,"K05172.01",,"FALSE POSITIVE",1.14,12.4276185,768.0,0.9420,5869.00,1
5471108,"K05173.01",,"FALSE POSITIVE",0.82,12.427076,870.0,1.1930,5841.00,1
5524229,"K05174.01",,"CANDIDATE",6.04,22.4932751,1183.0,4.9800,5186.00,1
5525484,"K05175.01",,"FALSE POSITIVE",19.71,315.502534,565.0,7.7520,4970.00,1
5529385,"K05176.01",,"CANDIDATE",1.26,215.732414,292.0,0.8560,5790.00,1
5547424,"K05177.01",,"FALSE POSITIVE",,276.54167976,,,,1
5551240,"K05178.01","Kepler-1626 b","CONFIRMED",1.24,4.13960513,1352.0,1.1810,6535.00,1
6527229,"K05296.01",,"FALSE POSITIVE",48.77,200.79976002,303.0,0.9160,5896.00,1
6543192,"K05297.01",,"CANDIDATE",0.8,8.0906952,811.0,0.9020,5374.00,1
6543674,"K05298.01",,"FALSE POSITIVE",156.91,1.195515364,2640.0,2.2640,6047.00,1
6548429,"K05299.01",,"FALSE POSITIVE",2.04,210.971635,293.0,0.8970,5838.00,1
6594945,"K05300.01",,"CANDIDATE",2.46,188.954072,468.0,1.8990,6392.00,1
6599305,"K05301.01",,"FALSE POSITIVE",1.5,42.02646,561.0,1.0160,6158.00,1
6600515,"K05302.01",,"FALSE POSITIVE",2.7,372.04697,271.0,1.0410,6173.00,1
6608090,"K05303.01",,"FALSE POSITIVE",1.36,438.81524,202.0,0.7550,5324.00,1
2010607,"K04929.01",,"FALSE POSITIVE",20.83,18.622214,1101.0,2.4710,6235.00,1
2015013,"K04930.01",,"FALSE POSITIVE",2.1,27.8923345,807.0,1.7800,5873.00,1
2019199,"K04931.01",,"CANDIDATE",2.71,579.81521,218.0,0.9690,5822.00,1
2158460,"K04932.01",,"CANDIDATE",,19.12788374,,,,1
2163226,"K04933.01",,"FALSE POSITIVE",2.08,452.10093,254.0,0.9560,6276.00,1
2165352,"K04934.01",,"FALSE POSITIVE",17.97,0.7906069,1503.0,0.7200,4994.00,1
2305255,"K04935.01",,"FALSE POSITIVE",3.04,24.5714867,637.0,0.9560,5977.00,1
2305543,"K04936.01",,"FALSE POSITIVE",45.75,0.681137796,2025.0,0.8640,5872.00,1
4276114,"K05054.01",,"FALSE POSITIVE",144.2,3.722404453,1082.0,0.7990,5747.00,1
4281023,"K05055.01",,"FALSE POSITIVE",10.13,230.385488,522.0,4.3310,5024.00,1
4281700,"K05056.01",,"FALSE POSITIVE",,222.84909312,,,,1
4346339,"K05057.01",,"CANDIDATE",7.15,493.74242,358.0,3.2430,5015.00,1
4365461,"K05058.01",,"FALSE POSITIVE",116.92,1.714414962,2042.0,1.6130,6351.00,1
4366923,"K05059.01",,"FALSE POSITIVE",43.47,646.28789332,304.0,1.7770,6582.00,1
4449752,"K05060.01",,"FALSE POSITIVE",1.11,290.438547,235.0,0.7750,5392.00,1
4455763,"K05061.01",,"FALSE POSITIVE",15.64,0.766298172,2163.0,0.9960,6267.00,1
5563057,"K05179.01",,"FALSE POSITIVE",0.84,1.049468616,2808.0,1.6670,7479.00,1
5565261,"K05180.01",,"FALSE POSITIVE",89.55,2.362348096,2104.0,3.2930,5088.00,1
5602409,"K05181.01",,"FALSE POSITIVE",17.22,136.830243,764.0,8.0380,5096.00,1
5603270,"K05182.01",,"FALSE POSITIVE",1.96,103.284757,583.0,2.1010,6185.00,1
5612111,"K05183.01",,"FALSE POSITIVE",1.69,36.1904638,592.0,1.0330,6210.00,1
5616628,"K05184.01",,"FALSE POSITIVE",2.82,419.75224,257.0,1.0160,6137.00,1
5623137,"K05185.01",,"FALSE POSITIVE",1.53,419.95929,266.0,1.0680,5953.00,1
6611779,"K05304.01",,"FALSE POSITIVE",2.36,206.309658,361.0,1.2670,6028.00,1
6612411,"K05305.01",,"FALSE POSITIVE",4.92,8.46184728,1511.0,1.9130,7663.00,1
6612973,"K05306.01",,"FALSE POSITIVE",1.69,681.01756,274.0,1.4350,6295.00,1
6615600,"K05307.01",,"FALSE POSITIVE",1.32,2.19509634,1324.0,0.8780,5799.00,1
6634112,"K05308.01",,"CANDIDATE",22.15,9.942228056,740.0,0.8430,5268.00,1
6635813,"K05309.01",,"FALSE POSITIVE",,141.00582791,,,,1
6675757,"K05310.01",,"CANDIDATE",1.13,22.2903562,632.0,1.0000,5597.00,1
6677415,"K05311.01",,"FALSE POSITIVE",1.64,73.9239955,325.0,0.6580,5040.00,1
2309910,"K04937.01",,"FALSE POSITIVE",25.26,1.8437362,1628.0,1.1140,6032.00,1
2310993,"K04938.01",,"CANDIDATE",2.37,55.180772,531.0,1.0760,6306.00,1
2437209,"K04939.01",,"FALSE POSITIVE",56.94,281.36926,507.0,5.3030,4818.00,1
2437653,"K04940.01",,"CANDIDATE",1.72,84.6405853,271.0,0.6300,4386.00,1
2438406,"K04941.01",,"FALSE POSITIVE",3.69,262.71162,272.0,0.9900,5398.00,1
2452289,"K04942.01",,"FALSE POSITIVE",1.88,6.0353643,1852.0,2.5520,7377.00,1
2555080,"K04943.01",,"CANDIDATE",113.97,15.2024426,2955.0,41.3670,3984.00,1
2569488,"K04944.01",,"FALSE POSITIVE",22.88,1.52327807,3461.0,7.9120,4477.00,1
4459503,"K05062.01",,"FALSE POSITIVE",,260.31119904,,,,1
4464689,"K05063.01",,"FALSE POSITIVE",3.11,574.37064,350.0,1.9050,6749.00,1
4469825,"K05064.01",,"FALSE POSITIVE",1.81,253.87706,334.0,1.0860,6553.00,1
4470888,"K05065.01",,"FALSE POSITIVE",17.45,523.36921,240.0,0.9130,6397.00,1
4471313,"K05066.01",,"CANDIDATE",2.4,110.089267,322.0,0.7500,5465.00,1
4478142,"K05067.01",,"CANDIDATE",2.3,219.931324,279.0,0.9120,5557.00,1
4484179,"K05068.01",,"CANDIDATE",1.57,385.29212,290.0,1.0530,6440.00,1
5623839,"K05186.01",,"FALSE POSITIVE",1.33,80.292171,459.0,1.0490,6188.00,1
5650420,"K05187.01",,"FALSE POSITIVE",27.45,1.049406508,4913.0,13.4170,4745.00,1
5650930,"K05188.01",,"CANDIDATE",2.09,455.195496,290.0,1.2090,6478.00,1
5653152,"K05189.01",,"FALSE POSITIVE",2.49,3.58957045,862.0,0.7460,4608.00,1
5653163,"K05190.01",,"FALSE POSITIVE",24.16,2.40435325,1359.0,1.0000,5780.00,1
5685113,"K05191.01",,"FALSE POSITIVE",0.8,37.078668,419.0,0.6500,5120.00,1
5697395,"K05192.01",,"CANDIDATE",0.94,50.55398,367.0,0.6870,4895.00,1
5698524,"K05193.01",,"FALSE POSITIVE",1.42,228.196872,353.0,1.1380,6425.00,1
6784887,"K05328.01",,"FALSE POSITIVE",50.54,44.714450094,533.0,0.9410,6185.00,1
6805414,"K05329.01",,"CANDIDATE",10.99,200.2350497,325.0,0.9970,6108.00,1
6864891,"K05330.01",,"FALSE POSITIVE",0.92,40.8801539,265.0,0.4690,3746.00,1
6869373,"K05331.01",,"CANDIDATE",1.17,31.5034587,484.0,0.8230,5269.00,1
6875342,"K05332.01",,"CANDIDATE",1.09,22.2381062,702.0,1.0550,6192.00,1
6879183,"K05333.01",,"CANDIDATE",1.67,20.5477769,690.0,1.0570,5922.00,1
7891264,"K07855.01",,"FALSE POSITIVE",2.72,25.166806,483.0,0.7040,5013.00,1
6880123,"K05334.01",,"FALSE POSITIVE",2.96,323.972022,307.0,1.3020,6002.00,1
6891512,"K05335.01",,"FALSE POSITIVE",124.23,1.752562808,2018.0,1.7950,5853.00,1
2569516,"K04945.01",,"FALSE POSITIVE",2.42,45.5827119,957.0,2.7150,7266.00,1
2570432,"K04946.01",,"FALSE POSITIVE",25.67,1.89140138,1377.0,0.9520,5504.00,1
2574543,"K04947.01",,"FALSE POSITIVE",403.01,6.70258007,2635.0,13.6520,4799.00,1
2578811,"K04948.01",,"FALSE POSITIVE",30.47,6.2095391,4585.0,46.1690,3861.00,1
7897936,"K07856.01",,"FALSE POSITIVE",9.82,363.17077,810.0,4.8420,10134.00,1
2582800,"K04949.01",,"FALSE POSITIVE",4.48,615.16033,430.0,2.7110,7937.00,1
2707916,"K04950.01",,"FALSE POSITIVE",1.2,1.89124738,989.0,0.5890,4615.00,1
2708270,"K04951.01",,"FALSE POSITIVE",23.6,1.89125883,4480.0,14.8940,4449.00,1
4540508,"K05069.01",,"FALSE POSITIVE",1.68,362.1273,132.0,0.5130,3734.00,1
4565943,"K05070.01",,"FALSE POSITIVE",2.6,353.36705,701.0,4.3500,8892.00,1
4566848,"K05071.01",,"CANDIDATE",8.86,180.4118581,329.0,0.9730,6032.00,1
4570555,"K05072.01",,"FALSE POSITIVE",12.35,4.750256809,2090.0,5.7530,5161.00,1
4586482,"K05073.01",,"FALSE POSITIVE",66.64,623.005238,229.0,1.2070,5689.00,2
4647949,"K05074.01",,"FALSE POSITIVE",,45.41810604,,,,1
4678873,"K05075.01",,"FALSE POSITIVE",109.55,1.878877205,2523.0,1.9990,7542.00,1
4732015,"K05076.01",,"FALSE POSITIVE",1148.7,0.938857507,6867.0,27.6760,4217.00,1
5709014,"K05194.01",,"FALSE POSITIVE",,287.46579664,,,,1
5732636,"K05195.01",,"FALSE POSITIVE",1.18,32.245486,683.0,1.2080,6197.00,1
5734702,"K05196.01",,"CANDIDATE",5.46,392.47291,442.0,2.7040,6626.00,1
5779606,"K05197.01",,"FALSE POSITIVE",,142.20400109,,,,1
5780194,"K05198.01",,"FALSE POSITIVE",2.22,149.237142,299.0,0.8120,5492.00,1
5781991,"K05199.01",,"FALSE POSITIVE",1.99,501.51698,224.0,0.9060,5796.00,1
5784803,"K05200.01",,"FALSE POSITIVE",1.42,357.77096,249.0,0.9810,5523.00,1
5791713,"K05201.01",,"FALSE POSITIVE",2.67,531.33282,239.0,1.0220,6163.00,1
6681473,"K05312.01",,"FALSE POSITIVE",13.52,396.048721,370.0,2.8820,5327.00,1
6688318,"K05313.01",,"FALSE POSITIVE",22.6,326.370361,615.0,9.3430,5188.00,1
6690523,"K05314.01",,"FALSE POSITIVE",6.81,148.666527,559.0,3.8700,5155.00,1
6692742,"K05315.01",,"FALSE POSITIVE",2.58,163.104677,337.0,1.0400,5766.00,1
6695801,"K05316.01",,"FALSE POSITIVE",1.09,1.10656965,1988.0,1.1650,6237.00,1
6699562,"K05317.01",,"FALSE POSITIVE",35.98,46.270524872,572.0,1.0720,6357.00,1
6707260,"K05318.01",,"FALSE POSITIVE",1.66,13.4256161,987.0,1.3320,6686.00,1
6718474,"K05319.01",,"FALSE POSITIVE",1.62,590.44065,291.0,1.4170,6782.00,1
2710101,"K04952.01",,"FALSE POSITIVE",,28.88008607,,,,1
2711123,"K04953.01",,"FALSE POSITIVE",515.07,2.858879267,3638.0,16.2740,4893.00,1
2833632,"K04954.01",,"FALSE POSITIVE",1.88,241.647602,300.0,0.9890,5962.00,1
2836076,"K04955.01",,"FALSE POSITIVE",,528.07962334,,,,1
2850321,"K04956.01",,"FALSE POSITIVE",,25.2218929,,,,1
2861126,"K04957.01",,"FALSE POSITIVE",,105.52127462,,,,1
2861298,"K04958.01",,"CANDIDATE",2.74,581.729006,308.0,2.0050,5765.00,1
2987433,"K04959.01",,"FALSE POSITIVE",62.76,420.92920358,293.0,1.1970,6461.00,1
4732137,"K05077.01",,"FALSE POSITIVE",18.07,393.946106,440.0,4.6220,4888.00,1
4736439,"K05078.01",,"FALSE POSITIVE",8.98,194.896925,575.0,3.7060,5269.00,1
4737848,"K05079.01",,"CANDIDATE",1.54,56.001782,584.0,1.3320,6116.00,1
4740375,"K05080.01",,"FALSE POSITIVE",,471.95076253,,,,1
4741777,"K05081.01",,"FALSE POSITIVE",1.7,101.928291,391.0,1.1100,5489.00,1
4750406,"K05082.01",,"FALSE POSITIVE",1.67,379.63135,168.0,0.5270,4847.00,1
4750962,"K05083.01",,"CANDIDATE",8.25,69.932459,812.0,5.1830,5207.00,1
4760478,"K05084.01","Kepler-1625 b","CONFIRMED",11.67,287.377314,350.0,1.7930,5548.00,1
5793275,"K05202.01",,"CANDIDATE",1.83,535.93723,227.0,0.9580,6014.00,1
5794687,"K05203.01",,"FALSE POSITIVE",1.96,367.72767,184.0,0.6570,4869.00,1
5817712,"K05204.01",,"FALSE POSITIVE",0.82,4.20601251,1004.0,0.7900,5514.00,1
5857656,"K05205.01",,"CANDIDATE",2.91,313.051405,310.0,1.1850,6218.00,1
5858519,"K05206.01",,"FALSE POSITIVE",69.37,4.18236124,1303.0,1.1660,6188.00,1
5859725,"K05207.01",,"CANDIDATE",0.72,18.9828305,707.0,1.0350,5962.00,1
5869272,"K05208.01",,"FALSE POSITIVE",2.66,186.59466,338.0,1.0130,6163.00,1
5905728,"K05209.01",,"FALSE POSITIVE",0.54,7.87173698,862.0,0.9400,5428.00,1
6719052,"K05320.01",,"CANDIDATE",3.13,357.437578,422.0,1.8620,7610.00,1
6721603,"K05321.01",,"CANDIDATE",1.92,215.634356,404.0,1.5680,6163.00,1
6756369,"K05322.01",,"CANDIDATE",8.1,30.928898,1051.0,5.1270,5029.00,1
6762188,"K05323.01",,"FALSE POSITIVE",48.93,7.155547398,2049.0,8.0520,4992.00,1
6765563,"K05324.01",,"CANDIDATE",6.84,293.392635,428.0,3.0550,5203.00,1
6766583,"K05325.01",,"FALSE POSITIVE",1.5,63.024229,424.0,0.8870,5691.00,1
6767337,"K05326.01",,"FALSE POSITIVE",1.8,506.771836,275.0,1.2830,6035.00,1
6776555,"K05327.01",,"CANDIDATE",2.09,5.43361347,548.0,0.5660,3694.00,1
2992634,"K04960.01",,"CANDIDATE",,47.82278681,,,,1
3001955,"K04961.01",,"CANDIDATE",2.04,348.96347,198.0,0.7920,4823.00,1
3003673,"K04962.01",,"FALSE POSITIVE",1.82,57.1143966,523.0,1.1060,6136.00,1
3101178,"K04963.01",,"CANDIDATE",1.65,59.4037839,570.0,1.2090,6373.00,1
3117115,"K04964.01",,"FALSE POSITIVE",3.61,485.91276,230.0,0.9370,5957.00,1
3120397,"K04965.01",,"FALSE POSITIVE",1.39,20.5311708,568.0,0.8050,5398.00,1
3222680,"K04966.01",,"FALSE POSITIVE",39.73,2.31164074,4074.0,18.4270,4883.00,1
3239171,"K04967.01",,"CANDIDATE",1.94,43.581043,558.0,1.0310,6225.00,1
4761427,"K05085.01",,"CANDIDATE",2.82,327.063,248.0,0.8820,5750.00,1
4769799,"K05086.01",,"FALSE POSITIVE",65.97,21.92866538,983.0,3.0280,5001.00,1
4770798,"K05087.01",,"CANDIDATE",1.55,651.07431,234.0,1.2610,5696.00,1
4813750,"K05088.01",,"CANDIDATE",1.79,49.1782244,468.0,0.8390,5674.00,1
4814168,"K05089.01",,"FALSE POSITIVE",2.01,545.54618,296.0,1.4760,6432.00,1
4815612,"K05090.01",,"FALSE POSITIVE",79.4,1.928420823,1882.0,1.3260,6615.00,1
4819158,"K05091.01",,"FALSE POSITIVE",2.23,328.84846,219.0,0.7240,5382.00,1
4833409,"K05092.01",,"CANDIDATE",2.38,271.790292,354.0,1.3200,6484.00,1
5942112,"K05210.01",,"FALSE POSITIVE",,125.95781975,,,,1
5946568,"K05211.01",,"CANDIDATE",0.6,3.5645249,1029.0,0.8240,5435.00,1
5949765,"K05212.01",,"FALSE POSITIVE",1.33,426.34444,314.0,1.3940,6395.00,1
5954894,"K05213.01",,"CANDIDATE",0.64,48.2455501,449.0,0.8270,5441.00,1
5956038,"K05214.01",,"FALSE POSITIVE",46743.4,256.846143,506.0,4.3290,5208.00,1
5963591,"K05215.01",,"FALSE POSITIVE",2.89,146.931518,395.0,1.1350,6237.00,1
5965629,"K05216.01",,"CANDIDATE",2.56,377.311149,243.0,0.8910,5897.00,1
6934045,"K05336.01",,"CANDIDATE",3.24,265.741374,413.0,1.8590,6537.00,1
6939913,"K05337.01",,"CANDIDATE",2.99,470.65357,238.0,0.9510,6039.00,1
6947062,"K05338.01",,"FALSE POSITIVE",3.07,309.19347,236.0,0.8190,5504.00,1
6948815,"K05339.01",,"FALSE POSITIVE",115.49,1.541530919,2689.0,1.9370,7631.00,1
6952570,"K05340.01",,"FALSE POSITIVE",1.79,122.713036,393.0,1.0090,6244.00,1
7009548,"K05341.01",,"CANDIDATE",2.26,15.18575582,922.0,1.3390,6311.00,1
7011044,"K05342.01",,"FALSE POSITIVE",,25.50236699,,,,1
7013635,"K05343.01",,"FALSE POSITIVE",2.86,290.625016,375.0,2.4090,5195.00,1
3240049,"K04968.01",,"FALSE POSITIVE",38.32,2.945414866,3531.0,12.9270,4403.00,1
3242039,"K04969.01",,"CANDIDATE",,59.14382117,,,,1
3245638,"K04970.01",,"FALSE POSITIVE",48.88,232.822285,305.0,0.9660,6106.00,1
3329985,"K04971.01",,"FALSE POSITIVE",0.82,146.355097,135.0,0.2900,3401.00,1
3340165,"K04972.01",,"CANDIDATE",1.35,26.092284,717.0,1.2140,6346.00,1
3341760,"K04973.01",,"FALSE POSITIVE",1.82,0.523493764,3565.0,2.4550,6122.00,1
3341982,"K04974.01",,"FALSE POSITIVE",2.98,514.14221,198.0,0.7800,5524.00,1
3355104,"K04975.01",,"CANDIDATE",4.1,47.0628978,483.0,0.8970,5838.00,1
4840327,"K05093.01",,"FALSE POSITIVE",29.28,26.737139497,655.0,1.1550,5794.00,1
4843751,"K05094.01",,"FALSE POSITIVE",3.04,310.61299,279.0,1.0010,6063.00,1
4856592,"K05095.01",,"FALSE POSITIVE",7.1,461.1417,410.0,3.6980,5071.00,1
4863260,"K05096.01",,"FALSE POSITIVE",2.43,0.987069622,2232.0,1.2230,6602.00,1
4902673,"K05097.01",,"FALSE POSITIVE",1.39,329.71491,232.0,0.7580,5576.00,1
4912650,"K05098.01",,"CANDIDATE",1.57,100.345648,325.0,0.8000,5180.00,1
4914221,"K05099.01",,"CANDIDATE",1.51,111.187116,440.0,1.2810,5806.00,1
4914399,"K05100.01",,"FALSE POSITIVE",36.31,1.23708565,2174.0,1.3240,6556.00,1
5967194,"K05217.01",,"FALSE POSITIVE",14.02,498.24938,441.0,6.3340,4949.00,1
5980354,"K05218.01",,"FALSE POSITIVE",31.6,1.573020098,2113.0,1.4490,6770.00,1
5981058,"K05219.01",,"CANDIDATE",1.2,27.765596,605.0,0.9990,5897.00,1
5986270,"K05220.01",,"FALSE POSITIVE",18.39,1.534679933,3570.0,8.8340,4965.00,1
5989391,"K05221.01",,"FALSE POSITIVE",4.49,71.59889,645.0,1.6620,6637.00,1
6021840,"K05222.01",,"CANDIDATE",2.77,367.6758,271.0,1.0480,6140.00,1
6023571,"K05223.01",,"CANDIDATE",8.41,354.21154,363.0,3.0350,4842.00,1
6025174,"K05224.01",,"CANDIDATE",2.49,171.028691,376.0,1.2520,6123.00,1
3356156,"K04976.01",,"CANDIDATE",2.77,624.90338,320.0,1.7290,7089.00,1
3425363,"K04977.01",,"CANDIDATE",1.18,25.5338535,410.0,0.6350,4445.00,1
3428127,"K04978.01",,"CANDIDATE",2.75,339.18998,253.0,0.9660,5544.00,1
3428359,"K04979.01",,"FALSE POSITIVE",,77.66967809,,,,1
3439031,"K04980.01",,"FALSE POSITIVE",79.99,2.976012511,1476.0,1.0800,6572.00,1
3441795,"K04981.01",,"CANDIDATE",2.32,349.73652,216.0,0.7960,5310.00,1
3449540,"K04982.01",,"FALSE POSITIVE",360.08,1.606003121,3359.0,5.0590,5297.00,1
3449870,"K04983.01",,"FALSE POSITIVE",14.79,61.438007,1020.0,8.5270,5080.00,1
4915582,"K05101.01",,"CANDIDATE",1.64,436.18813,331.0,1.4970,6499.00,1
4917357,"K05102.01",,"FALSE POSITIVE",2.03,147.863607,305.0,0.8670,5485.00,1
4917658,"K05103.01",,"FALSE POSITIVE",,586.91711807,,,,1
4918303,"K05104.01",,"CANDIDATE",1.63,21.1579573,682.0,1.0120,6063.00,1
4927738,"K05105.01",,"FALSE POSITIVE",0.76,19.545185,790.0,1.1600,6273.00,1
4937140,"K05106.01",,"FALSE POSITIVE",1.89,215.044269,306.0,1.0200,5651.00,1
4940376,"K05107.01",,"CANDIDATE",16.68,169.330666,698.0,7.0520,5106.00,1
4945035,"K05108.01",,"FALSE POSITIVE",3.06,1.174683069,1901.0,1.1430,5974.00,1
6033602,"K05225.01",,"FALSE POSITIVE",1.46,33.2948005,600.0,0.9890,6217.00,1
6034379,"K05226.01",,"CANDIDATE",4.42,249.35154,289.0,1.0000,5780.00,1
6034834,"K05227.01",,"CANDIDATE",1.89,371.56492,259.0,0.9720,5735.00,1
6036286,"K05228.01",,"CANDIDATE",1.03,546.53309,94.0,0.3600,3434.00,1
6038152,"K05229.01",,"CANDIDATE",2.06,364.63189,298.0,1.1550,6446.00,1
6043490,"K05230.01",,"CANDIDATE",4.42,330.738115,375.0,2.4530,5458.00,1
6045404,"K05231.01",,"CANDIDATE",2.03,78.876125,427.0,0.9270,6046.00,1
6047853,"K05232.01",,"FALSE POSITIVE",1.82,476.39752,261.0,1.0640,6300.00,1
3459529,"K04984.01",,"FALSE POSITIVE",2.45,231.364508,202.0,0.6040,4691.00,1
3532510,"K04985.01",,"FALSE POSITIVE",1.94,106.779168,555.0,1.4940,7158.00,1
3540873,"K04986.01",,"CANDIDATE",1.48,444.04257,211.0,0.7260,5776.00,1
3542117,"K04987.01",,"FALSE POSITIVE",1.03,12.5748872,349.0,0.3870,3552.00,1
3542928,"K04988.01",,"FALSE POSITIVE",2.38,484.172005,235.0,1.0400,5858.00,1
3545749,"K04989.01",,"FALSE POSITIVE",2.48,277.77499,216.0,0.7300,4949.00,1
3546821,"K04990.01",,"FALSE POSITIVE",1.93,561.08191,255.0,1.2580,6014.00,1
3548645,"K04991.01",,"CANDIDATE",2.09,211.330867,300.0,0.9110,5941.00,1
4946581,"K05109.01",,"FALSE POSITIVE",1.69,28.615014,783.0,1.9870,5562.00,1
4953262,"K05110.01",,"CANDIDATE",8.16,105.5904748,670.0,4.3830,4869.00,1
4996558,"K05111.01",,"FALSE POSITIVE",38.71,3.017155419,1486.0,1.3020,5893.00,1
5006817,"K05112.01",,"FALSE POSITIVE",,94.818136,,,,1
5008775,"K05113.01",,"FALSE POSITIVE",1.64,52.6727624,521.0,1.0380,6184.00,1
5015027,"K05114.01",,"FALSE POSITIVE",0.71,34.4886903,524.0,0.8860,5629.00,1
5016163,"K05115.01",,"FALSE POSITIVE",70.62,2.6228301,1403.0,0.9880,6233.00,1
5024476,"K05116.01",,"FALSE POSITIVE",29.97,222.068928,782.0,12.0420,5221.00,1
6058896,"K05233.01",,"FALSE POSITIVE",30.51,0.56493398,2206.0,0.8980,5808.00,1
6062298,"K05234.01",,"FALSE POSITIVE",7233.87,246.12174,291.0,1.0000,5780.00,1
6065010,"K05235.01",,"FALSE POSITIVE",1.54,159.05846,376.0,1.0330,6365.00,1
6067545,"K05236.01",,"CANDIDATE",2.06,550.86514,238.0,1.1150,5912.00,1
6115356,"K05237.01",,"CANDIDATE",1.84,380.39474,224.0,0.7450,5772.00,1
6116605,"K05238.01",,"FALSE POSITIVE",5.06,419.21314,243.0,1.0000,5780.00,1
6118840,"K05239.01",,"FALSE POSITIVE",1.97,350.98474,228.0,0.8160,5473.00,1
6129632,"K05240.01",,"FALSE POSITIVE",11.33,298.4688,554.0,6.4910,5189.00,1
3553900,"K04992.01",,"CANDIDATE",1.45,12.5747207,693.0,0.7740,5654.00,1
3554819,"K04993.01",,"FALSE POSITIVE",,43.22793081,,,,1
3555178,"K04994.01",,"FALSE POSITIVE",0.77,528.10984,201.0,0.8110,5618.00,1
3632330,"K04995.01",,"FALSE POSITIVE",,63.12379762,,,,1
3641216,"K04996.01",,"FALSE POSITIVE",,358.54455552,,,,1
3644399,"K04997.01",,"FALSE POSITIVE",2.21,119.669671,413.0,1.0590,6382.00,1
3644649,"K04998.01",,"FALSE POSITIVE",1.27,598.31791,173.0,0.7350,5216.00,1
5027859,"K05117.01",,"CANDIDATE",1.95,33.3726538,491.0,0.7960,5504.00,1
5032842,"K05118.01",,"FALSE POSITIVE",,18.40783671,,,,1
5036052,"K05119.01",,"CANDIDATE",20.03,143.163697,741.0,7.6530,5145.00,1
5037742,"K05120.01",,"FALSE POSITIVE",2.1,250.4858,246.0,0.8140,5377.00,1
5039053,"K05121.01",,"FALSE POSITIVE",2.04,401.38712,303.0,1.4980,5858.00,1
5080565,"K05122.01",,"FALSE POSITIVE",2.84,49.312677,342.0,0.6660,4541.00,1
5091808,"K05123.01",,"FALSE POSITIVE",1.05,288.94276,265.0,0.8270,5786.00,1
6139220,"K05241.01",,"FALSE POSITIVE",37.15,273.6857427,367.0,1.6500,6033.00,1
6143819,"K05242.01",,"FALSE POSITIVE",1.19,28.1117095,599.0,1.0000,5780.00,1
6145939,"K05243.01",,"FALSE POSITIVE",116.14,17.745456135,1106.0,2.2160,6337.00,1
6149980,"K05244.01",,"FALSE POSITIVE",2.6,603.3102,250.0,1.1250,6446.00,1
6184894,"K05245.01","Kepler-1627 b","CONFIRMED",3.06,7.20281185,794.0,0.7170,5388.00,1
6195792,"K05246.01",,"FALSE POSITIVE",1.65,36.4772788,427.0,0.7550,4910.00,1
6197658,"K05247.01",,"CANDIDATE",3.22,282.0309,315.0,1.1370,6343.00,1
6198670,"K05248.01",,"CANDIDATE",1.35,179.25465,301.0,0.8200,5692.00,1
3646449,"K04999.01",,"CANDIDATE",2,65.752109,458.0,1.0300,5816.00,1
3646515,"K05000.01",,"FALSE POSITIVE",,249.61377295,,,,1
3647097,"K05001.01",,"CANDIDATE",1.92,59.9655175,481.0,1.1050,5729.00,1
3730176,"K05002.01",,"FALSE POSITIVE",1.39,399.49671,286.0,1.1770,6224.00,1
3748239,"K05003.01",,"CANDIDATE",15.19,112.951287,783.0,6.4280,5215.00,1
3751118,"K05004.01",,"CANDIDATE",2,103.363691,385.0,1.0220,5762.00,1
3755522,"K05005.01",,"FALSE POSITIVE",1.4,251.958533,291.0,0.9850,5870.00,1
5094412,"K05124.01",,"CANDIDATE",11.67,276.879492,260.0,0.9660,5324.00,1
5105886,"K05125.01",,"FALSE POSITIVE",15.36,389.169027,519.0,6.9180,5075.00,1
5110453,"K05126.01",,"CANDIDATE",13.73,418.04355,463.0,5.4690,5110.00,1
5113146,"K05127.01",,"FALSE POSITIVE",44.01,18.78970984,752.0,0.8840,6477.00,1
5130563,"K05128.01",,"FALSE POSITIVE",32.86,0.915782856,2307.0,1.3330,6318.00,1
5131276,"K05129.01",,"FALSE POSITIVE",124.42,0.66882716,13184.0,150.0910,3711.00,1
5166811,"K05130.01",,"CANDIDATE",1.9,370.05918,206.0,0.7510,5228.00,1
5174677,"K05131.01",,"FALSE POSITIVE",17.47,43.5428781,688.0,1.4270,6669.00,1
6203955,"K05249.01",,"CANDIDATE",1.25,19.4534296,744.0,1.0150,6372.00,1
6205384,"K05250.01",,"FALSE POSITIVE",0.52,3.72273683,1104.0,0.8190,5898.00,1
6205405,"K05251.01",,"FALSE POSITIVE",0.46,3.7229369,591.0,0.4800,3724.00,1
6206470,"K05252.01",,"FALSE POSITIVE",0.65,1.80455062,1577.0,1.0190,6006.00,1
6263468,"K05253.01",,"FALSE POSITIVE",1.02,10.1955065,661.0,0.6660,5182.00,1
6266866,"K05254.01",,"CANDIDATE",1.2,232.916142,361.0,1.4960,5807.00,1
6277594,"K05255.01",,"FALSE POSITIVE",0.81,3.66115536,1466.0,1.3080,6356.00,1
9002278,"K00701.04","Kepler-62 f","CONFIRMED",1.43,267.282521,207.0,0.6620,4926.00,4
6026438,"K02045.03","Kepler-354 c","CONFIRMED",1.31,16.9348104,508.0,0.7060,4650.00,3
3229150,"K02150.02",,"CANDIDATE",72.59,44.7055876,509.0,0.9380,5942.00,2
11360805,"K02422.02",,"CANDIDATE",1.88,57.3888262,406.0,0.8560,5242.00,2
3757521,"K05006.01",,"CANDIDATE",,126.51457638,,,,1
3758499,"K05007.01",,"CANDIDATE",1.82,14.5168151,1030.0,1.8850,5934.00,1
3763724,"K05008.01",,"FALSE POSITIVE",,225.43420422,,,,1
3834728,"K05009.01",,"CANDIDATE",1.76,359.98653,200.0,0.6770,5171.00,1
3836450,"K05010.01",,"FALSE POSITIVE",0.58,1.540399732,1312.0,0.7840,5160.00,1
3836509,"K05011.01",,"FALSE POSITIVE",32.54,1.540389045,4379.0,15.1550,4964.00,1
3836522,"K05012.01",,"FALSE POSITIVE",2.17,1.540393027,1502.0,0.9460,5466.00,1
3846515,"K05013.01",,"FALSE POSITIVE",2.04,0.888045184,2870.0,2.0870,6316.00,1
5179609,"K05132.01",,"FALSE POSITIVE",58.37,43.9311596,902.0,5.1320,4888.00,1
5181086,"K05133.01",,"FALSE POSITIVE",1.04,494.62409,145.0,0.6040,4302.00,1
5181299,"K05134.01",,"CANDIDATE",6.93,573.23826,338.0,3.2640,5172.00,1
5184144,"K05135.01",,"CANDIDATE",2,314.765374,217.0,0.7550,5228.00,1
5192660,"K05136.01",,"FALSE POSITIVE",,110.75214125,,,,1
5193813,"K05137.01",,"FALSE POSITIVE",,121.1825045,,,,1
5199426,"K05138.01",,"FALSE POSITIVE",34.8,78.60436061,438.0,0.9850,5938.00,1
5211631,"K05139.01",,"FALSE POSITIVE",2.61,294.202469,401.0,1.6350,6897.00,1
6281127,"K05256.01",,"FALSE POSITIVE",1.77,588.10504,231.0,0.9650,6214.00,1
6285906,"K05257.01",,"FALSE POSITIVE",1.68,116.170346,320.0,0.7620,5510.00,1
6287131,"K05258.01",,"FALSE POSITIVE",2.29,452.30053,199.0,0.7660,5396.00,1
6289459,"K05259.01",,"FALSE POSITIVE",1.22,39.5931053,546.0,0.9720,6046.00,1
6289897,"K05260.01",,"FALSE POSITIVE",1.39,1.55935718,2389.0,1.9000,6475.00,1
6290467,"K05261.01",,"FALSE POSITIVE",1.75,100.629443,412.0,0.9210,6351.00,1
6309307,"K05262.01",,"CANDIDATE",32.58,438.98396,599.0,11.7060,5053.00,1
6342980,"K05263.01",,"FALSE POSITIVE",2.8,273.169948,362.0,1.6500,5880.00,1
8753896,"K02473.03","Kepler-389 c","CONFIRMED",2.08,14.5123622,636.0,0.8700,5094.00,2
4150611,"K03156.02",,"FALSE POSITIVE",44.76,1.434200327,2410.0,1.5010,6911.00,5
4150611,"K03156.03",,"FALSE POSITIVE",77.15,8.653098686,1324.0,1.5010,6911.00,1
4909707,"K03175.01",,"FALSE POSITIVE",63.06,2.302365255,1568.0,1.2290,5948.00,2
7919516,"K07857.01",,"FALSE POSITIVE",1.3,0.575445783,3478.0,2.3960,6215.00,1
6850665,"K03244.01",,"FALSE POSITIVE",71.79,214.715417,602.0,5.8260,5022.00,1
4948730,"K03272.01",,"FALSE POSITIVE",20.81,23.0295222,645.0,0.9590,5877.00,1
3848665,"K05014.01",,"FALSE POSITIVE",27.1,359.04147,181.0,0.6960,4596.00,1
3848919,"K05015.01",,"FALSE POSITIVE",52.26,0.52363021,1940.0,0.7450,5407.00,1
3848948,"K05016.01",,"FALSE POSITIVE",1.08,0.523632451,5313.0,3.5180,8277.00,1
3852865,"K05017.01",,"FALSE POSITIVE",1.8,492.25299,224.0,0.9360,5755.00,1
3854101,"K05018.01",,"FALSE POSITIVE",48.59,293.5056071,265.0,1.0060,5455.00,1
3858926,"K05019.01",,"FALSE POSITIVE",1.56,25.95247,946.0,1.6790,7351.00,1
3859890,"K05020.01",,"FALSE POSITIVE",0.86,4.34573349,1151.0,0.9760,5967.00,1
3863877,"K05021.01",,"CANDIDATE",3.01,288.07937,269.0,0.9650,5825.00,1
5213005,"K05140.01",,"FALSE POSITIVE",,484.58335927,,,,1
5213811,"K05141.01",,"FALSE POSITIVE",2.2,288.285213,312.0,1.1270,6171.00,1
5255259,"K05142.01",,"CANDIDATE",3.33,198.895864,264.0,0.8080,5184.00,1
5260419,"K05143.01",,"FALSE POSITIVE",,19.93826636,,,,1
5262539,"K05144.01",,"FALSE POSITIVE",1.86,491.08027,241.0,0.9970,5931.00,1
5263802,"K05145.01",,"FALSE POSITIVE",1447.13,3.350209754,1656.0,1.5010,6657.00,1
5265982,"K05146.01",,"FALSE POSITIVE",6.99,628.592314,323.0,3.1170,5058.00,1
5271637,"K05147.01",,"FALSE POSITIVE",1.31,471.37787,267.0,1.3050,5831.00,1
6346894,"K05264.01",,"CANDIDATE",,52.69092296,,,,1
6347434,"K05265.01",,"FALSE POSITIVE",1.4,425.22927,125.0,0.4920,3803.00,1
6347890,"K05266.01",,"CANDIDATE",,37.71508287,,,,1
6350031,"K05267.01",,"CANDIDATE",2.93,5.1779065,1636.0,2.5890,5921.00,1
6359881,"K05268.01",,"CANDIDATE",2,474.22897,225.0,0.9250,5818.00,1
6359929,"K05269.01",,"CANDIDATE",2.88,371.50631,242.0,0.9240,5696.00,1
6363560,"K05270.01",,"FALSE POSITIVE",,606.91488768,,,,1
6364064,"K05271.01",,"FALSE POSITIVE",0.83,5.24331899,875.0,0.7350,5430.00,1
11177676,"K03281.01","Kepler-1454 b","CONFIRMED",1.98,47.0320478,492.0,1.0550,5370.00,1
4936990,"K03290.01",,"FALSE POSITIVE",29.6,10.31453308,885.0,0.8370,6335.00,1
7130418,"K03317.01",,"FALSE POSITIVE",1.96,15.52861675,685.0,0.8820,5750.00,1
12208887,"K03333.01",,"FALSE POSITIVE",55.23,53.501860974,409.0,0.7480,5436.00,1
10711551,"K03359.01",,"FALSE POSITIVE",65.42,10.692230094,836.0,0.9410,6022.00,1
7919867,"K07858.01",,"FALSE POSITIVE",0.82,1.60375114,1688.0,1.1160,5818.00,1
11081512,"K03364.01",,"FALSE POSITIVE",1.18,15.7397651,536.0,0.7230,4733.00,1
3865815,"K05022.01",,"CANDIDATE",,117.26808432,,,,1
3867593,"K05023.01",,"FALSE POSITIVE",73.06,73.3377984,601.0,1.3210,7276.00,1
3941219,"K05024.01",,"FALSE POSITIVE",3.09,282.159571,443.0,2.1080,6677.00,1
3953106,"K05025.01",,"FALSE POSITIVE",58.09,6.58729511,1152.0,1.4060,5619.00,1
3953212,"K05026.01",,"FALSE POSITIVE",2.64,459.23193,265.0,1.1160,6067.00,1
3955444,"K05027.01",,"CANDIDATE",6.15,62.312419,838.0,5.6150,4999.00,1
3962728,"K05028.01",,"FALSE POSITIVE",1.04,25.9493253,409.0,0.5260,4835.00,1
3965326,"K05029.01",,"FALSE POSITIVE",1.08,212.76701,354.0,1.2450,6098.00,1
9265521,"K05646.01",,"FALSE POSITIVE",1.44,386.62189,267.0,1.0330,6085.00,1
9268456,"K05647.01",,"FALSE POSITIVE",34.61,84.644104,1254.0,15.5170,5229.00,1
9271739,"K05648.01",,"FALSE POSITIVE",2.92,575.95408,194.0,0.8540,5398.00,1
9274092,"K05649.01",,"CANDIDATE",2.32,426.942225,187.0,0.6690,5126.00,1
9274431,"K05650.01",,"FALSE POSITIVE",2.52,117.844963,308.0,0.7690,5317.00,1
9282853,"K05651.01",,"CANDIDATE",1.72,83.499618,343.0,0.7730,5141.00,1
9292100,"K05652.01",,"CANDIDATE",1.43,91.507044,302.0,0.6260,5040.00,1
9300066,"K05653.01",,"CANDIDATE",2.02,188.664098,232.0,0.6720,4788.00,1
10186761,"K05772.01",,"CANDIDATE",1.32,75.636309,447.0,0.9940,6072.00,1
10189542,"K05773.01",,"FALSE POSITIVE",1.28,24.614775,574.0,0.8490,5654.00,1
10191056,"K05774.01",,"FALSE POSITIVE",96.19,1.21374744,2441.0,1.6190,6791.00,1
10191449,"K05775.01",,"CANDIDATE",2.19,492.23808,209.0,0.8540,5609.00,1
10199984,"K05776.01",,"CANDIDATE",4.6,198.6004,458.0,2.5220,5357.00,1
10201891,"K05777.01",,"FALSE POSITIVE",2.09,372.30881,249.0,0.9040,5966.00,1
10208477,"K05778.01",,"FALSE POSITIVE",2.93,454.244158,356.0,1.8740,6446.00,1
10222603,"K05779.01",,"FALSE POSITIVE",1.37,112.48226,386.0,0.9500,6089.00,1
7581535,"K05400.01",,"FALSE POSITIVE",,218.56734012,,,,1
7592339,"K05401.01",,"FALSE POSITIVE",1.09,229.948531,301.0,0.8610,6225.00,1
7598326,"K05402.01",,"FALSE POSITIVE",,403.5637828,,,,1
7599004,"K05403.01",,"FALSE POSITIVE",50.53,2.41172358,1706.0,1.3320,6363.00,1
7618231,"K05404.01",,"FALSE POSITIVE",,92.9314146,,,,1
7619667,"K05405.01",,"FALSE POSITIVE",,103.22293786,,,,1
7625138,"K05406.01",,"CANDIDATE",0.82,5.71966537,1479.0,1.8650,6356.00,1
8507073,"K05527.01",,"FALSE POSITIVE",72.26,209.06299275,329.0,1.0240,6130.00,1
8507586,"K05528.01",,"CANDIDATE",2.02,201.621794,309.0,0.9230,5919.00,1
8509781,"K05529.01",,"FALSE POSITIVE",29.56,70.335879746,455.0,0.9660,6081.00,1
8510197,"K05530.01",,"FALSE POSITIVE",2.2,591.37382,289.0,1.3910,6609.00,1
8516349,"K05531.01",,"FALSE POSITIVE",2.54,559.28332,150.0,0.7090,4386.00,1
8525101,"K05532.01",,"CANDIDATE",6.04,24.6777128,1176.0,5.0580,4995.00,1
8525286,"K05533.01",,"CANDIDATE",,113.05980069,,,,1
8542879,"K05534.01",,"FALSE POSITIVE",1.42,136.355967,380.0,1.0580,6077.00,1
9304976,"K05654.01",,"CANDIDATE",3.28,54.6957124,405.0,0.7570,5299.00,1
9306677,"K05655.01",,"FALSE POSITIVE",4.68,532.9307,498.0,3.3730,7872.00,1
9330740,"K05656.01",,"CANDIDATE",,169.84787744,,,,1
9334027,"K05657.01",,"CANDIDATE",2,284.699924,293.0,1.0280,6054.00,1
9357578,"K05658.01",,"FALSE POSITIVE",39.78,171.69799,878.0,13.6790,5033.00,1
9362842,"K05659.01",,"FALSE POSITIVE",4.7,444.89411,386.0,2.4390,6195.00,1
9363944,"K05660.01",,"CANDIDATE",10.03,402.20969,452.0,4.6490,4961.00,1
9368524,"K05661.01",,"FALSE POSITIVE",9.57,229.86928,466.0,2.3440,6065.00,1
10227881,"K05780.01",,"FALSE POSITIVE",25.74,5.14108479,1038.0,0.9410,5893.00,1
10266852,"K05781.01",,"FALSE POSITIVE",,179.27230765,,,,1
10272858,"K05782.01",,"CANDIDATE",6.69,584.55603,354.0,3.6200,5208.00,1
10292000,"K05783.01",,"FALSE POSITIVE",,200.83849979,,,,1
10319341,"K05784.01",,"FALSE POSITIVE",1.5,40.1043796,591.0,1.0890,6174.00,1
10319834,"K05785.01",,"CANDIDATE",,70.31252504,,,,1
10320341,"K05786.01",,"FALSE POSITIVE",56.45,30.114681501,639.0,1.0440,6273.00,1
10339000,"K05787.01",,"CANDIDATE",1.19,69.775633,480.0,0.9830,6224.00,1
7625143,"K05407.01",,"CANDIDATE",1.54,58.5029431,611.0,1.4120,6525.00,1
7631138,"K05408.01",,"CANDIDATE",3.24,415.748785,283.0,1.5340,5324.00,1
7658229,"K05409.01",,"FALSE POSITIVE",56.41,36.1826854,635.0,1.3210,5696.00,1
7662502,"K05410.01",,"CANDIDATE",0.97,24.1527864,701.0,1.0950,6223.00,1
7672215,"K05411.01",,"CANDIDATE",1.4,11.1734401,1279.0,1.7520,7372.00,1
7674050,"K05412.01",,"FALSE POSITIVE",48.18,472.2265706,217.0,0.8420,5763.00,1
7690782,"K05413.01",,"CANDIDATE",2,428.379308,236.0,0.9530,5574.00,1
7700561,"K05414.01",,"FALSE POSITIVE",26.56,1.507099289,1448.0,0.8010,5762.00,1
8546464,"K05535.01",,"FALSE POSITIVE",1169.79,253.652263,159.0,0.5370,3960.00,1
8547213,"K05536.01",,"CANDIDATE",1.85,392.72811,226.0,0.8150,5701.00,1
8547366,"K05537.01",,"FALSE POSITIVE",,128.66825288,,,,1
8547525,"K05538.01",,"FALSE POSITIVE",2.18,485.57785,187.0,0.7270,5255.00,1
8547537,"K05539.01",,"CANDIDATE",2.34,374.05697,209.0,0.7710,5302.00,1
8548403,"K05540.01",,"FALSE POSITIVE",2.03,643.4528,192.0,0.8450,5649.00,1
8548454,"K05541.01",,"CANDIDATE",2.04,339.633833,250.0,0.9010,5823.00,1
8552607,"K05542.01",,"FALSE POSITIVE",18.7,1.061934307,1696.0,0.8680,5853.00,1
9390655,"K05662.01",,"FALSE POSITIVE",1.45,9.5497037,456.0,0.5690,3705.00,1
9391817,"K05663.01",,"CANDIDATE",1.52,140.884533,392.0,1.2130,5960.00,1
9394762,"K05664.01",,"FALSE POSITIVE",3.39,77.138911,406.0,0.9110,5778.00,1
9394953,"K05665.01",,"CANDIDATE",1.33,100.494129,523.0,1.7500,6018.00,1
9397862,"K05666.01",,"CANDIDATE",1.26,182.453195,332.0,0.9270,6164.00,1
9402670,"K05667.01",,"FALSE POSITIVE",12.88,0.536551592,2377.0,1.0270,6140.00,1
9402859,"K05668.01",,"FALSE POSITIVE",,68.54443156,,,,1
9407689,"K05669.01",,"FALSE POSITIVE",1.32,130.110715,343.0,0.8280,5960.00,1
10356840,"K05788.01",,"FALSE POSITIVE",1.58,242.484764,283.0,0.8290,6068.00,1
10387792,"K05789.01",,"CANDIDATE",1.57,383.26217,203.0,0.7610,5074.00,1
10394802,"K05790.01",,"CANDIDATE",3.71,178.266978,241.0,0.7130,4899.00,1
10399137,"K05791.01",,"FALSE POSITIVE",2.37,385.593209,311.0,1.3580,6205.00,1
10416390,"K05792.01",,"FALSE POSITIVE",8.71,215.737826,231.0,0.7240,4889.00,1
10419108,"K05793.01",,"FALSE POSITIVE",1.22,507.48249,189.0,0.7440,5227.00,1
10453009,"K05794.01",,"CANDIDATE",4.3,30.9771151,950.0,3.7840,5197.00,1
10459749,"K05795.01",,"CANDIDATE",,19.11280242,,,,1
7701809,"K05415.01",,"FALSE POSITIVE",4.44,30.2111162,1033.0,4.7320,5132.00,1
7731281,"K05416.01","Kepler-1628 b","CONFIRMED",6.28,76.377855,240.0,0.5840,3869.00,1
7743464,"K05417.01",,"FALSE POSITIVE",60.79,55.249007325,496.0,1.0120,6063.00,1
7747091,"K05418.01",,"CANDIDATE",1.21,14.2673439,657.0,0.8370,5475.00,1
7747197,"K05419.01",,"FALSE POSITIVE",1.39,22.52907,532.0,0.7690,5284.00,1
7750342,"K05420.01",,"FALSE POSITIVE",16.67,66.247851,925.0,6.5190,5214.00,1
7751133,"K05421.01",,"FALSE POSITIVE",1.74,370.91308,266.0,1.0540,5892.00,1
7757620,"K05422.01",,"CANDIDATE",,360.64485255,,,,1
8560475,"K05543.01",,"FALSE POSITIVE",91.09,7.41505161,2815.0,18.2660,4989.00,1
8561192,"K05544.01",,"FALSE POSITIVE",176.4,2.742590902,1960.0,1.7050,7072.00,1
8570210,"K05545.01",,"CANDIDATE",1.08,541.04472,206.0,0.8020,5829.00,1
8571421,"K05546.01",,"CANDIDATE",3.01,514.271499,258.0,1.1370,6343.00,1
8574794,"K05547.01",,"CANDIDATE",2.22,571.14302,210.0,0.9430,5751.00,1
8575061,"K05548.01",,"FALSE POSITIVE",2.91,216.453511,274.0,0.8780,5385.00,1
8612291,"K05549.01",,"FALSE POSITIVE",,37.0488669,,,,1
8613769,"K05550.01",,"CANDIDATE",3.63,540.39267,206.0,0.8560,5693.00,1
9412267,"K05670.01",,"FALSE POSITIVE",,542.16158927,,,,1
9417931,"K05671.01",,"CANDIDATE",1.73,190.905243,356.0,1.1310,6098.00,1
9418508,"K05672.01",,"FALSE POSITIVE",65.27,11.0153889,1047.0,1.6780,5515.00,1
9449320,"K05673.01",,"FALSE POSITIVE",,28.34230575,,,,1
9451521,"K05674.01",,"FALSE POSITIVE",1.96,231.521608,274.0,0.8720,5695.00,1
9455322,"K05675.01",,"FALSE POSITIVE",2.47,180.890384,480.0,1.6830,7037.00,1
9455526,"K05676.01",,"FALSE POSITIVE",5.24,60.0546149,694.0,2.9170,5242.00,1
9456887,"K05677.01",,"CANDIDATE",1.14,20.5142642,598.0,0.9360,5221.00,1
10470779,"K05796.01",,"CANDIDATE",2.41,495.854189,230.0,1.0440,5613.00,1
10480952,"K05797.01",,"FALSE POSITIVE",136.3,2.037453129,2220.0,2.0560,6456.00,1
10487228,"K05798.01",,"CANDIDATE",2.03,318.25858,212.0,0.7590,5108.00,1
10519727,"K05799.01",,"CANDIDATE",2.82,184.883155,393.0,1.6210,5620.00,1
10525077,"K05800.01",,"CANDIDATE",1.34,11.006795,874.0,1.0470,6091.00,1
10535708,"K05801.01",,"CANDIDATE",1.96,177.37583,314.0,0.9190,5849.00,1
10547378,"K05802.01",,"FALSE POSITIVE",62.03,35.164087,756.0,2.0870,5485.00,1
10548411,"K05803.01",,"FALSE POSITIVE",,107.11003503,,,,1
7762153,"K05423.01",,"CANDIDATE",2.63,366.55705,266.0,1.1000,5857.00,1
7762717,"K05424.01",,"FALSE POSITIVE",,462.26052152,,,,1
7767781,"K05425.01",,"CANDIDATE",,39.42516213,,,,1
7770901,"K05426.01",,"CANDIDATE",1.78,124.887214,435.0,1.2340,6103.00,1
7800285,"K05427.01",,"FALSE POSITIVE",40.94,0.533000886,2429.0,1.0640,5934.00,1
7804128,"K05428.01",,"FALSE POSITIVE",,200.35091012,,,,1
7809049,"K05429.01",,"FALSE POSITIVE",,114.32859485,,,,1
7811057,"K05430.01",,"FALSE POSITIVE",1.84,99.97889,463.0,1.7250,5229.00,1
8622875,"K05551.01",,"FALSE POSITIVE",5.56,374.71687,259.0,1.0090,5768.00,1
8644545,"K05552.01",,"CANDIDATE",2.1,295.958914,265.0,0.9920,5505.00,1
8644911,"K05553.01",,"CANDIDATE",2.32,120.938669,333.0,0.8430,5456.00,1
8652997,"K05554.01",,"CANDIDATE",0.96,362.22202,312.0,1.2770,6113.00,1
8655076,"K05555.01",,"FALSE POSITIVE",1.82,42.070868,469.0,0.9380,5197.00,1
8656535,"K05556.01",,"CANDIDATE",1.86,631.99116,210.0,1.0060,5594.00,1
8671707,"K05557.01",,"FALSE POSITIVE",2.88,401.73243,307.0,1.5040,5938.00,1
8676061,"K05558.01",,"FALSE POSITIVE",2.18,428.1186,260.0,1.0310,6225.00,1
9457533,"K05678.01",,"FALSE POSITIVE",10.58,37.3683802,1075.0,6.4220,5101.00,1
9463329,"K05679.01",,"FALSE POSITIVE",1.24,615.81928,221.0,0.9550,6120.00,1
9466486,"K05680.01",,"CANDIDATE",2.97,557.92882,300.0,1.8440,5553.00,1
9472328,"K05681.01",,"CANDIDATE",28199.3,77.51257,702.0,3.6300,5261.00,1
9472341,"K05682.01",,"CANDIDATE",7.45,46.969389,638.0,1.7170,5401.00,1
9474485,"K05683.01",,"FALSE POSITIVE",42.41,0.512581525,1541.0,0.6040,4612.00,1
9475697,"K05684.01",,"CANDIDATE",24.34,206.801125,675.0,8.6110,5048.00,1
9481235,"K05685.01",,"CANDIDATE",17.96,14.0019064,1646.0,6.5020,4883.00,1
10551346,"K05804.01",,"FALSE POSITIVE",39.76,1.42796645,1637.0,0.9190,6099.00,1
10552151,"K05805.01",,"CANDIDATE",11.07,525.757041,372.0,3.9310,5277.00,1
10552263,"K05806.01",,"CANDIDATE",1.26,313.82752,272.0,0.9730,5914.00,1
10554421,"K05807.01",,"CANDIDATE",,236.09799849,,,,1
10556891,"K05808.01",,"FALSE POSITIVE",,70.61977122,,,,1
10579570,"K05809.01",,"FALSE POSITIVE",,216.10910854,,,,1
10581308,"K05810.01",,"CANDIDATE",2.25,425.593391,278.0,1.4410,5458.00,1
10591578,"K05811.01",,"FALSE POSITIVE",,44.51439331,,,,1
7812990,"K05431.01",,"CANDIDATE",,43.08410127,,,,1
7819520,"K05432.01",,"FALSE POSITIVE",,230.80401566,,,,1
7829836,"K05433.01",,"CANDIDATE",2.55,237.819002,302.0,1.0350,5878.00,1
7830953,"K05434.01",,"CANDIDATE",2.96,581.87357,218.0,0.9920,5897.00,1
7836096,"K05435.01",,"CANDIDATE",1.71,15.9961296,560.0,0.7770,4949.00,1
7837526,"K05436.01",,"FALSE POSITIVE",54.15,28.297207229,713.0,1.1510,6327.00,1
7881464,"K05437.01",,"CANDIDATE",,213.63312404,,,,1
7884986,"K05438.01",,"FALSE POSITIVE",21.53,412.227551,529.0,7.6840,5079.00,1
8677186,"K05559.01",,"FALSE POSITIVE",1.18,586.63177,189.0,0.8540,5228.00,1
8678345,"K05560.01",,"FALSE POSITIVE",3.69,364.95068,241.0,0.8840,5574.00,1
8682751,"K05561.01",,"FALSE POSITIVE",,44.36123319,,,,1
8715564,"K05562.01",,"FALSE POSITIVE",0.73,438.00974,197.0,0.7170,5260.00,1
8715589,"K05563.01",,"CANDIDATE",3.8,7.62210397,1422.0,3.1620,5222.00,1
8718273,"K05564.01",,"FALSE POSITIVE",444.46,3.479508244,3167.0,12.6230,4630.00,1
8737343,"K05565.01",,"FALSE POSITIVE",1.85,406.29695,315.0,1.5660,6031.00,1
8741367,"K05566.01",,"CANDIDATE",3.18,0.9886684,3183.0,2.7730,6456.00,1
9489348,"K05686.01",,"FALSE POSITIVE",1.17,3.34465934,1559.0,1.5510,5966.00,1
9517242,"K05687.01",,"FALSE POSITIVE",1.3,513.14417,208.0,0.8370,5709.00,1
9532603,"K05688.01",,"CANDIDATE",2.03,14.5555096,594.0,0.7380,5176.00,1
9534832,"K05689.01",,"CANDIDATE",2.76,114.12716,295.0,0.8230,4816.00,1
9536727,"K05690.01",,"CANDIDATE",45.89,17.0497376,1971.0,14.9540,5039.00,1
9543302,"K05691.01",,"FALSE POSITIVE",2.23,13.0366377,1047.0,1.6770,6084.00,1
9575728,"K05692.01",,"CANDIDATE",0.59,2.64181261,834.0,0.6830,4147.00,1
10799291,"K05828.01",,"FALSE POSITIVE",11761.1,270.98477,594.0,1.5550,11068.00,1
10802364,"K05829.01",,"CANDIDATE",1.97,583.8531,196.0,0.8600,5591.00,1
10809888,"K05830.01",,"CANDIDATE",11.19,72.782432,924.0,7.3170,5099.00,1
10813078,"K05831.01",,"CANDIDATE",1.75,10.552241908,485.0,0.5850,4031.00,1
10817600,"K05832.01",,"FALSE POSITIVE",61.97,2.74703312,2917.0,3.1340,8237.00,1
10850327,"K05833.01",,"CANDIDATE",5.97,440.171272,334.0,1.6790,6261.00,1
10855545,"K05834.01",,"CANDIDATE",1.77,37.537859,583.0,1.0820,6095.00,1
10858504,"K05835.01",,"CANDIDATE",2.44,474.96952,249.0,0.9620,6287.00,1
7885558,"K05439.01",,"FALSE POSITIVE",0.69,0.864651455,1720.0,0.8510,5587.00,1
7888863,"K05440.01",,"CANDIDATE",1.75,74.624063,448.0,0.9370,6187.00,1
7900450,"K05441.01",,"FALSE POSITIVE",1.25,25.4805211,659.0,0.9860,6250.00,1
7900695,"K05442.01",,"FALSE POSITIVE",1.47,512.11636,198.0,0.8120,5492.00,1
7900727,"K05443.01",,"FALSE POSITIVE",2.4,348.61891,253.0,0.9140,5911.00,1
7902719,"K05444.01",,"FALSE POSITIVE",2.87,368.70839,267.0,0.8870,6409.00,1
7916058,"K05445.01",,"FALSE POSITIVE",1.08,7.1091096,855.0,0.8200,5665.00,1
7917068,"K05446.01",,"CANDIDATE",7.35,416.9504,377.0,2.6110,5751.00,1
8742270,"K05567.01",,"FALSE POSITIVE",64.56,397.3958488,280.0,1.3620,5544.00,1
8745553,"K05568.01","Kepler-1633 b","CONFIRMED",6.71,62.134919,925.0,4.9120,5889.00,1
8747222,"K05569.01",,"FALSE POSITIVE",15.15,1.667482003,3257.0,6.7200,4678.00,1
8747910,"K05570.01",,"CANDIDATE",2.28,574.65297,196.0,0.8210,5596.00,1
8766285,"K05571.01",,"FALSE POSITIVE",1.49,5.29730786,1044.0,1.0000,5780.00,1
8807988,"K05572.01",,"CANDIDATE",0.78,21.9578446,533.0,0.8020,5192.00,1
8812360,"K05573.01",,"FALSE POSITIVE",6.16,77.395279,646.0,2.9950,5158.00,1
8814872,"K05574.01",,"CANDIDATE",2.55,373.41509,158.0,0.6120,4236.00,1
9579072,"K05693.01",,"FALSE POSITIVE",2.42,612.882452,217.0,0.9560,6029.00,1
9579606,"K05694.01",,"CANDIDATE",1.26,107.904526,337.0,0.8020,5565.00,1
9591728,"K05695.01",,"FALSE POSITIVE",70.42,11.03571773,991.0,1.2300,6201.00,1
9594184,"K05696.01",,"FALSE POSITIVE",2.19,42.093314,407.0,0.7630,4885.00,1
9594992,"K05697.01",,"FALSE POSITIVE",,274.10859251,,,,1
9596820,"K05698.01",,"CANDIDATE",2.33,282.029084,363.0,1.2870,6886.00,1
9598315,"K05699.01",,"FALSE POSITIVE",1.7,339.18109,332.0,1.3440,6407.00,1
9602595,"K05700.01",,"FALSE POSITIVE",283.93,3.55650976,2353.0,2.4330,8105.00,1
10601163,"K05812.01",,"CANDIDATE",1.5,3.1318392,1443.0,1.1590,6070.00,1
10616317,"K05813.01",,"FALSE POSITIVE",,38.27772448,,,,1
10616656,"K05814.01",,"FALSE POSITIVE",69.68,25.285232337,740.0,1.1360,6486.00,1
10618044,"K05815.01",,"CANDIDATE",3.52,207.767894,379.0,1.8490,5210.00,1
10656842,"K05816.01",,"CANDIDATE",14.04,82.508054,878.0,7.7330,4986.00,1
10658177,"K05817.01",,"CANDIDATE",1.59,113.083522,450.0,1.4000,5903.00,1
10661679,"K05818.01",,"FALSE POSITIVE",0.82,1.23138339,1648.0,0.9580,5791.00,1
10663976,"K05819.01",,"CANDIDATE",1.24,381.37504,212.0,0.7290,5513.00,1
7935997,"K05447.01",,"FALSE POSITIVE",,322.55663046,,,,1
7938499,"K05448.01",,"FALSE POSITIVE",0.79,7.2269859,603.0,0.6090,4347.00,1
7941635,"K05449.01",,"FALSE POSITIVE",41.02,0.762724045,1860.0,0.9760,5313.00,1
7948619,"K05450.01",,"FALSE POSITIVE",,206.76425774,,,,1
7950158,"K05451.01",,"CANDIDATE",4.4,529.39169,319.0,2.5040,5283.00,1
7967210,"K05452.01",,"FALSE POSITIVE",2.51,362.49906,277.0,1.0650,6043.00,1
7970194,"K05453.01",,"FALSE POSITIVE",2.54,190.65896,281.0,0.8350,5508.00,1
7978202,"K05454.01","Kepler-1630 b","CONFIRMED",2.62,509.997402,182.0,0.7560,5037.00,1
8823893,"K05575.01",,"FALSE POSITIVE",0.81,1.50650036,1809.0,1.1260,6201.00,1
8836224,"K05576.01",,"FALSE POSITIVE",,194.48732212,,,,1
8841297,"K05577.01",,"CANDIDATE",2.94,495.51899,305.0,1.6340,6043.00,1
8868481,"K05578.01",,"CANDIDATE",3,388.048463,376.0,2.4600,5779.00,1
8888745,"K05579.01",,"CANDIDATE",1.57,34.0269868,455.0,0.8010,4999.00,1
8890417,"K05580.01",,"CANDIDATE",2.41,173.219879,405.0,1.5180,6007.00,1
8891684,"K05581.01","Kepler-1634 b","CONFIRMED",4.27,374.878133,282.0,1.3540,5636.00,1
8904714,"K05582.01",,"FALSE POSITIVE",75.83,5.2362026,1378.0,1.6310,6176.00,1
9645188,"K05701.01",,"FALSE POSITIVE",,48.55059299,,,,1
9659022,"K05702.01",,"CANDIDATE",2.56,511.882,241.0,1.0070,6141.00,1
9662475,"K05703.01",,"FALSE POSITIVE",2.47,247.372131,290.0,1.0000,5780.00,1
9674789,"K05704.01",,"CANDIDATE",1.15,96.16705,313.0,0.7160,5147.00,1
9705620,"K05705.01",,"FALSE POSITIVE",2.2,95.254421,413.0,1.0120,6063.00,1
9715631,"K05706.01","Kepler-1636 b","CONFIRMED",3.2,425.483539,248.0,1.0220,5977.00,1
9723746,"K05707.01",,"CANDIDATE",2.88,208.800733,347.0,1.1680,6208.00,1
9724993,"K05708.01",,"FALSE POSITIVE",22.7,7.863361238,1057.0,1.4000,5615.00,1
10677763,"K05820.01",,"FALSE POSITIVE",,120.16983803,,,,1
10678912,"K05821.01",,"CANDIDATE",,113.71363032,,,,1
10685764,"K05822.01",,"CANDIDATE",1.69,17.634272,842.0,1.9790,4885.00,1
10724569,"K05823.01",,"FALSE POSITIVE",1.29,0.745086745,1654.0,0.7500,5325.00,1
10734441,"K05824.01",,"FALSE POSITIVE",,247.47724314,,,,1
10737437,"K05825.01",,"CANDIDATE",2.05,208.047137,363.0,1.2000,5991.00,1
10747162,"K05826.01",,"CANDIDATE",1.53,30.561533,379.0,0.6640,4294.00,1
10777591,"K05827.01","Kepler-1637 b","CONFIRMED",0.79,6.10968225,1093.0,1.0090,6024.00,1
7979297,"K05455.01",,"CANDIDATE",2.09,292.09809,267.0,0.8830,5955.00,1
7982917,"K05456.01",,"FALSE POSITIVE",0.94,11.8045536,660.0,0.8570,4971.00,1
8005002,"K05457.01",,"CANDIDATE",3.54,578.21623,328.0,3.2440,5166.00,1
8007174,"K05458.01",,"CANDIDATE",2.19,56.648588,377.0,0.7820,5023.00,1
8009811,"K05459.01",,"CANDIDATE",3.1,53.554546,769.0,2.6220,6039.00,1
8016211,"K05460.01",,"FALSE POSITIVE",8.8,3.1748772,1410.0,1.6190,5116.00,1
8016650,"K05461.01",,"CANDIDATE",17.89,119.079642,795.0,8.9840,4849.00,1
8025718,"K05462.01",,"FALSE POSITIVE",2.06,371.18648,291.0,1.1520,6231.00,1
8915379,"K05583.01",,"CANDIDATE",1.31,20.5858591,586.0,0.7530,5523.00,1
8935352,"K05584.01",,"FALSE POSITIVE",149.1,10.90962154,1127.0,2.0640,5323.00,1
8937555,"K05585.01",,"CANDIDATE",3.45,113.573945,496.0,2.2330,5155.00,1
8939211,"K05586.01",,"FALSE POSITIVE",2.03,27.0779813,597.0,0.8500,5906.00,1
8939650,"K05587.01",,"FALSE POSITIVE",42.1,1.827660875,1664.0,1.0720,6352.00,1
8946267,"K05588.01",,"CANDIDATE",2.27,542.91133,199.0,0.8240,5583.00,1
8949512,"K05589.01",,"FALSE POSITIVE",2,376.554588,247.0,0.9130,5926.00,1
8955741,"K05590.01",,"FALSE POSITIVE",3.2,538.4263,322.0,2.0280,5962.00,1
9758615,"K05709.01",,"FALSE POSITIVE",,94.20561159,,,,1
9771920,"K05710.01",,"FALSE POSITIVE",,378.70643955,,,,1
9775475,"K05711.01",,"FALSE POSITIVE",85.77,78.4286313,425.0,1.0000,5780.00,1
9776907,"K05712.01",,"CANDIDATE",3.4,287.75613,215.0,0.7810,4965.00,1
9780149,"K05713.01",,"FALSE POSITIVE",41.44,2.53021,1543.0,1.2960,5780.00,1
9786017,"K05714.01",,"FALSE POSITIVE",59.61,2.249000963,2126.0,2.2930,6025.00,1
9832379,"K05715.01",,"CANDIDATE",1.93,189.961729,260.0,0.7420,5335.00,1
9837659,"K05716.01",,"FALSE POSITIVE",,121.62387378,,,,1
10865043,"K05836.01",,"CANDIDATE",,202.18722766,,,,1
10878117,"K05837.01",,"CANDIDATE",,280.92070688,,,,1
10879247,"K05838.01",,"FALSE POSITIVE",2.39,432.074696,193.0,0.7390,5183.00,1
10879899,"K05839.01",,"CANDIDATE",2.32,169.415073,413.0,1.3780,6362.00,1
10905641,"K05840.01",,"FALSE POSITIVE",4.24,460.77905,387.0,2.7170,6126.00,1
10920086,"K05841.01",,"FALSE POSITIVE",8.24,3.21318517,1710.0,1.5130,6712.00,1
10933306,"K05842.01",,"CANDIDATE",1.85,57.7749373,524.0,1.0970,6277.00,1
10958972,"K05843.01",,"FALSE POSITIVE",,331.78248134,,,,1
8029848,"K05463.01",,"FALSE POSITIVE",44.46,1.20608769,1941.0,1.3550,5657.00,1
8035322,"K05464.01",,"FALSE POSITIVE",2.85,613.82905,307.0,2.3570,5636.00,1
8036863,"K05465.01",,"FALSE POSITIVE",1.12,476.80454,227.0,0.9010,5806.00,1
8037038,"K05466.01","Kepler-1631 b","CONFIRMED",1.75,4.09513876,1122.0,0.9630,5858.00,1
8040308,"K05467.01",,"CANDIDATE",,502.8356901,,,,1
8040457,"K05468.01",,"CANDIDATE",1.65,81.704814,442.0,0.9500,6099.00,1
8043968,"K05469.01",,"FALSE POSITIVE",0.83,0.779615874,1847.0,0.8630,5764.00,1
8044083,"K05470.01",,"CANDIDATE",2.44,578.21805,223.0,0.9500,6089.00,1
8959240,"K05591.01",,"CANDIDATE",4.03,317.009388,345.0,2.2700,5066.00,1
8971044,"K05592.01",,"CANDIDATE",2.3,482.51701,242.0,0.9600,6168.00,1
8975776,"K05593.01",,"FALSE POSITIVE",2.35,224.469892,323.0,1.0910,5911.00,1
8979500,"K05594.01",,"FALSE POSITIVE",6.76,113.556471,651.0,4.1640,4842.00,1
9003126,"K05595.01",,"FALSE POSITIVE",1.04,208.02789,196.0,0.6320,4285.00,1
9008125,"K05596.01",,"FALSE POSITIVE",3.55,308.024953,345.0,1.8870,5220.00,1
9011877,"K05597.01",,"CANDIDATE",0.73,7.77710639,773.0,0.8510,5073.00,1
9838414,"K05717.01",,"FALSE POSITIVE",3.65,1.33261458,1208.0,0.7600,4611.00,1
9838582,"K05718.01",,"CANDIDATE",5.2,233.64574,296.0,1.0000,5780.00,1
9839030,"K05719.01",,"CANDIDATE",2.19,27.285315,678.0,1.0940,6304.00,1
9845362,"K05720.01",,"FALSE POSITIVE",2.69,105.895315,323.0,0.7810,5271.00,1
9845931,"K05721.01",,"FALSE POSITIVE",2.76,61.224558,525.0,1.1400,6343.00,1
9847239,"K05722.01",,"FALSE POSITIVE",27.79,28.507877538,613.0,0.9450,6131.00,1
9848760,"K05723.01",,"FALSE POSITIVE",30.17,444.46522,189.0,0.7460,5134.00,1
9850843,"K05724.01",,"FALSE POSITIVE",1.23,8.48039,969.0,1.0670,6193.00,1
7018210,"K05344.01",,"CANDIDATE",3.66,445.351255,370.0,1.7550,7202.00,1
7019580,"K05345.01",,"FALSE POSITIVE",6.94,72.0153825,783.0,5.0320,5099.00,1
7022603,"K05346.01",,"FALSE POSITIVE",20.93,21.12752693,2349.0,30.8820,4024.00,1
7024045,"K05347.01",,"FALSE POSITIVE",1.03,23.9341825,432.0,0.7150,4415.00,1
7035812,"K05348.01",,"FALSE POSITIVE",2.44,87.775799,409.0,1.0250,5604.00,1
7038988,"K05349.01",,"FALSE POSITIVE",,65.67350728,,,,1
7041972,"K05350.01",,"FALSE POSITIVE",,222.06409878,,,,1
7047299,"K05351.01",,"FALSE POSITIVE",35.21,35.882272887,512.0,0.8120,5840.00,1
8075618,"K05471.01",,"FALSE POSITIVE",52.34,8.780603773,775.0,0.8320,5487.00,1
8076215,"K05472.01",,"CANDIDATE",5.27,97.5137491,630.0,3.1800,5437.00,1
8094942,"K05473.01",,"CANDIDATE",2.64,549.42772,223.0,0.9710,5957.00,1
8099517,"K05474.01",,"CANDIDATE",8.98,284.666844,486.0,4.4130,5248.00,1
8105398,"K05475.01","Kepler-1632 b","CONFIRMED",2.41,224.150923,369.0,1.2860,6072.00,1
8105719,"K05476.01",,"CANDIDATE",2.52,148.179343,367.0,1.1830,5635.00,1
8106139,"K05477.01",,"FALSE POSITIVE",4.89,551.49832,215.0,0.8870,5926.00,1
8108437,"K05478.01",,"FALSE POSITIVE",38.47,351.2878737,252.0,0.9140,5911.00,1
9012244,"K05598.01",,"CANDIDATE",2.13,376.934014,274.0,1.0340,6074.00,1
9016592,"K05599.01",,"FALSE POSITIVE",,46.50446209,,,,1
9018021,"K05600.01",,"CANDIDATE",4.81,17.168095,603.0,1.9070,5053.00,1
9024568,"K05601.01",,"FALSE POSITIVE",1.3,124.091252,305.0,0.7920,5275.00,1
9026007,"K05602.01",,"CANDIDATE",2.49,403.163148,240.0,0.9630,5812.00,1
9026248,"K05603.01",,"CANDIDATE",6.81,341.557931,393.0,3.0980,5138.00,1
9044060,"K05604.01",,"CANDIDATE",2.49,476.91977,321.0,1.7250,6282.00,1
9047416,"K05605.01",,"CANDIDATE",7.04,9.011888,1105.0,1.7350,5627.00,1
9851638,"K05725.01",,"CANDIDATE",2.23,351.25069,186.0,0.6300,4828.00,1
9875101,"K05726.01",,"FALSE POSITIVE",2.84,212.771978,255.0,0.8240,5122.00,1
9881660,"K05727.01",,"CANDIDATE",2.61,65.3558881,337.0,0.7640,4703.00,1
9896438,"K05728.01",,"FALSE POSITIVE",19.47,18.0766788,694.0,1.0000,5780.00,1
9899514,"K05729.01",,"FALSE POSITIVE",0.97,1.33255577,1420.0,0.8810,5122.00,1
9899607,"K05730.01",,"FALSE POSITIVE",0.97,1.33259275,1703.0,0.9670,6091.00,1
9908486,"K05731.01",,"FALSE POSITIVE",52.42,36.6092739,1623.0,16.1140,4770.00,1
9910043,"K05732.01",,"CANDIDATE",1.52,39.399926,499.0,0.7950,5913.00,1
7101726,"K05352.01",,"CANDIDATE",,270.1430241,,,,1
7107567,"K05353.01",,"FALSE POSITIVE",25.84,0.812592362,2912.0,1.6400,7117.00,1
7109680,"K05354.01",,"FALSE POSITIVE",1.12,81.871309,480.0,1.1150,6343.00,1
7115671,"K05355.01",,"FALSE POSITIVE",1.25,0.566805859,2858.0,1.4940,6413.00,1
7123580,"K05356.01",,"FALSE POSITIVE",,326.36595188,,,,1
7123614,"K05357.01",,"FALSE POSITIVE",1.94,520.58269,244.0,1.0330,6210.00,1
7125794,"K05358.01",,"CANDIDATE",1.54,126.586058,460.0,1.2490,6611.00,1
7130612,"K05359.01",,"CANDIDATE",1.53,2.7200197,713.0,0.5270,3939.00,1
8125917,"K05479.01",,"CANDIDATE",5.65,18.347081,855.0,1.7020,5465.00,1
8129333,"K05480.01",,"CANDIDATE",5.78,57.140035,588.0,1.4600,5936.00,1
8155368,"K05481.01",,"FALSE POSITIVE",50.85,0.718643659,2002.0,0.9340,5853.00,1
8158429,"K05482.01",,"CANDIDATE",2.96,31.707574649,547.0,0.8650,5861.00,1
8179747,"K05483.01",,"FALSE POSITIVE",66.65,17.946328114,845.0,1.7220,5228.00,1
8192427,"K05484.01",,"FALSE POSITIVE",5.18,204.818268,525.0,2.9300,6060.00,1
8197176,"K05485.01",,"CANDIDATE",17.37,9.3589254,1528.0,4.5210,5188.00,1
8197406,"K05486.01",,"CANDIDATE",23.47,4.15472242,2292.0,3.3590,6996.00,1
9049550,"K05606.01",,"FALSE POSITIVE",63.1,23.81490574,847.0,1.8900,5421.00,1
9049697,"K05607.01",,"FALSE POSITIVE",0.66,1.3274511,1009.0,0.6100,4137.00,1
9073549,"K05608.01",,"CANDIDATE",2.12,87.565484,437.0,1.0690,6064.00,1
9079671,"K05609.01",,"CANDIDATE",2.7,535.1515,258.0,1.4230,5468.00,1
9079767,"K05610.01",,"CANDIDATE",152.21,495.40462,248.0,1.0310,6225.00,1
9087071,"K05611.01",,"FALSE POSITIVE",1.43,209.238576,354.0,1.1350,6302.00,1
9087853,"K05612.01",,"CANDIDATE",2.58,353.65927,223.0,0.8200,5438.00,1
9097470,"K05613.01",,"CANDIDATE",2.41,346.4174,251.0,0.9460,5754.00,1
9911112,"K05733.01",,"FALSE POSITIVE",96.28,1.166835206,3457.0,2.1230,8982.00,1
9933600,"K05734.01",,"FALSE POSITIVE",,230.70578883,,,,1
9934274,"K05735.01",,"FALSE POSITIVE",2.2,4.99471597,1861.0,2.8300,6409.00,1
9935983,"K05736.01",,"CANDIDATE",2.22,161.651504,377.0,1.2890,5725.00,1
9941136,"K05737.01",,"CANDIDATE",1.32,376.24253,254.0,0.9600,5916.00,1
9941387,"K05738.01",,"FALSE POSITIVE",50.7,27.659607786,499.0,0.7680,5310.00,1
9941550,"K05739.01",,"FALSE POSITIVE",23.42,476.727302,530.0,7.4170,5068.00,1
9942658,"K05740.01",,"CANDIDATE",1.01,21.7997515,674.0,0.9640,6122.00,1
7132462,"K05360.01",,"CANDIDATE",2,54.595746,649.0,1.6990,6014.00,1
7138841,"K05361.01",,"FALSE POSITIVE",1.9,22.0495604,912.0,1.5480,6821.00,1
7174911,"K05362.01",,"FALSE POSITIVE",,150.70039392,,,,1
7176424,"K05363.01",,"FALSE POSITIVE",,44.48477463,,,,1
7184556,"K05364.01",,"FALSE POSITIVE",,93.6452481,,,,1
7186436,"K05365.01",,"CANDIDATE",2.2,585.64118,207.0,0.9010,5779.00,1
7189825,"K05366.01",,"FALSE POSITIVE",1.26,574.69029,191.0,0.7640,5503.00,1
7191523,"K05367.01",,"CANDIDATE",,502.98283916,,,,1
8223445,"K05487.01",,"CANDIDATE",2.95,48.8130123,553.0,1.1100,6202.00,1
8223655,"K05488.01",,"FALSE POSITIVE",19.25,280.1604956,237.0,0.7990,5387.00,1
8229361,"K05489.01",,"FALSE POSITIVE",2.03,370.46262,284.0,1.0800,6295.00,1
8234889,"K05490.01",,"FALSE POSITIVE",2.18,116.301793,336.0,0.8420,5593.00,1
8241258,"K05491.01",,"FALSE POSITIVE",1.79,480.19416,235.0,0.9230,6072.00,1
8241736,"K05492.01",,"FALSE POSITIVE",1.86,368.49828,214.0,0.7830,5255.00,1
8242350,"K05493.01",,"FALSE POSITIVE",101.15,6.993576155,1605.0,2.4670,6565.00,1
8244947,"K05494.01",,"FALSE POSITIVE",,223.52131732,,,,1
9101279,"K05614.01",,"FALSE POSITIVE",373.77,1.811461128,3438.0,3.0340,8572.00,1
9108058,"K05615.01",,"FALSE POSITIVE",193.73,2.17491508,2009.0,1.6360,6792.00,1
9114614,"K05616.01",,"CANDIDATE",1.71,441.61919,152.0,0.5920,4351.00,1
9116075,"K05617.01",,"FALSE POSITIVE",0.73,24.5002702,409.0,0.5970,4519.00,1
9116510,"K05618.01",,"CANDIDATE",3.01,318.49078,301.0,1.1760,6026.00,1
9117123,"K05619.01",,"FALSE POSITIVE",,2.16402661,,,,1
9118858,"K05620.01",,"FALSE POSITIVE",,392.89275632,,,,1
9137257,"K05621.01",,"FALSE POSITIVE",1.1,114.734287,296.0,0.7100,5083.00,1
9953491,"K05741.01",,"CANDIDATE",2.12,362.0619,203.0,0.6980,5271.00,1
9954225,"K05742.01",,"FALSE POSITIVE",127.25,1.340649911,2004.0,1.2220,6332.00,1
9957659,"K05743.01",,"FALSE POSITIVE",19.39,30.69537638,662.0,1.1920,6185.00,1
9957668,"K05744.01",,"FALSE POSITIVE",69.4,30.69533113,737.0,1.2860,6335.00,1
9962595,"K05745.01",,"CANDIDATE",22.86,11.374442708,687.0,0.8080,5297.00,1
9967398,"K05746.01",,"FALSE POSITIVE",1.5,49.873958,366.0,0.6290,4979.00,1
9968924,"K05747.01",,"CANDIDATE",2.86,411.447056,342.0,1.6720,6519.00,1
9993683,"K05748.01",,"CANDIDATE",1.19,29.9371143,501.0,0.8660,5115.00,1
7192680,"K05368.01",,"FALSE POSITIVE",,114.25041494,,,,1
7198587,"K05369.01",,"CANDIDATE",14.58,651.358046,411.0,6.2610,5122.00,1
7203858,"K05370.01",,"FALSE POSITIVE",4.63,407.97623,498.0,2.9680,7612.00,1
7204233,"K05371.01",,"CANDIDATE",1.14,33.3037881,422.0,0.7130,4899.00,1
7205717,"K05372.01",,"CANDIDATE",1.64,212.60398,337.0,1.2070,5834.00,1
7206422,"K05373.01",,"CANDIDATE",5,50.550788,790.0,3.8590,5031.00,1
7207081,"K05374.01",,"FALSE POSITIVE",,239.25578975,,,,1
7213311,"K05375.01",,"CANDIDATE",5.94,285.374561,423.0,2.7560,5142.00,1
8255058,"K05495.01",,"FALSE POSITIVE",196.78,6.279888981,1931.0,6.2220,5057.00,1
8265239,"K05496.01",,"FALSE POSITIVE",,37.47695717,,,,1
8279146,"K05497.01",,"CANDIDATE",1.05,93.359737,592.0,1.6730,6809.00,1
8288404,"K05498.01",,"FALSE POSITIVE",40.88,519.80221867,216.0,1.0300,5310.00,1
8294683,"K05499.01",,"CANDIDATE",1.19,122.58481,279.0,0.6690,5003.00,1
8295087,"K05500.01",,"CANDIDATE",1.6,84.934357,531.0,1.3950,6290.00,1
8300828,"K05501.01",,"FALSE POSITIVE",1.71,48.9200563,456.0,0.8990,5375.00,1
8307489,"K05502.01",,"CANDIDATE",2.02,421.98194,334.0,1.5150,6760.00,1
9141355,"K05622.01","Kepler-1635 b","CONFIRMED",3.24,469.61309,200.0,0.7630,5474.00,1
9142225,"K05623.01",,"FALSE POSITIVE",2.65,583.73632,266.0,1.4420,6003.00,1
9142334,"K05624.01",,"FALSE POSITIVE",0.69,502.658,116.0,0.4730,3754.00,1
9147012,"K05625.01",,"CANDIDATE",3.33,116.454312,306.0,0.7360,5197.00,1
9147029,"K05626.01",,"CANDIDATE",6.57,397.499229,293.0,1.2310,6423.00,1
9153246,"K05627.01",,"FALSE POSITIVE",1.35,243.954706,257.0,0.7940,5578.00,1
9157030,"K05628.01",,"CANDIDATE",1.32,24.9093027,452.0,0.6850,4810.00,1
9157523,"K05629.01",,"CANDIDATE",1.93,192.138741,407.0,1.5690,6065.00,1
9994381,"K05749.01",,"CANDIDATE",2.31,281.95332,204.0,0.6920,4864.00,1
10002266,"K05750.01",,"FALSE POSITIVE",1.09,12.71368909,700.0,0.7820,5715.00,1
10004515,"K05751.01",,"FALSE POSITIVE",,25.26363805,,,,1
10004772,"K05752.01",,"FALSE POSITIVE",36.19,1.391716834,8346.0,59.6840,3749.00,1
10006096,"K05753.01",,"FALSE POSITIVE",52.74,70.516233809,390.0,0.7890,5511.00,1
10007492,"K05754.01",,"FALSE POSITIVE",167.05,2.645596805,2452.0,5.4430,4980.00,1
10007916,"K05755.01",,"CANDIDATE",1.49,388.67155,210.0,0.7880,5354.00,1
10018364,"K05756.01",,"FALSE POSITIVE",,105.6327297,,,,1
7255910,"K05376.01",,"FALSE POSITIVE",1.66,274.553579,322.0,1.1180,6267.00,1
7256460,"K05377.01",,"FALSE POSITIVE",,251.02304011,,,,1
7258902,"K05378.01",,"FALSE POSITIVE",5.29,1.80774253,1822.0,1.7790,5164.00,1
7282470,"K05379.01",,"CANDIDATE",7.58,520.655224,401.0,4.3130,5227.00,1
7289139,"K05380.01",,"CANDIDATE",3.24,369.93355,270.0,1.0240,6158.00,1
7345136,"K05381.01",,"FALSE POSITIVE",1.95,28.7369766,550.0,0.8540,5722.00,1
7352727,"K05382.01",,"FALSE POSITIVE",14.14,2.45649061,3440.0,8.5310,4870.00,1
7375100,"K05383.01",,"FALSE POSITIVE",,98.51783198,,,,1
8308639,"K05503.01",,"FALSE POSITIVE",25.18,457.513348,512.0,7.8210,5047.00,1
8313697,"K05504.01",,"FALSE POSITIVE",,224.02589924,,,,1
8351919,"K05505.01",,"FALSE POSITIVE",1.44,323.77153,216.0,0.7840,5196.00,1
8352009,"K05506.01",,"CANDIDATE",1.61,641.60204,230.0,1.0310,6277.00,1
8352016,"K05507.01",,"FALSE POSITIVE",0.95,40.0389613,517.0,0.9030,5701.00,1
8364969,"K05508.01",,"FALSE POSITIVE",46.14,22.571972634,617.0,0.8710,5645.00,1
8378278,"K05509.01",,"CANDIDATE",1.41,28.406342,613.0,0.9360,6085.00,1
8380743,"K05510.01",,"FALSE POSITIVE",93.47,1.018861199,2505.0,1.6720,6225.00,1
9159461,"K05630.01",,"FALSE POSITIVE",1.08,80.519237,476.0,1.1190,6251.00,1
9164003,"K05631.01",,"FALSE POSITIVE",2.92,149.356804,560.0,2.2030,6569.00,1
9166700,"K05632.01",,"CANDIDATE",2.61,264.466625,346.0,1.2360,6551.00,1
9173014,"K05633.01",,"CANDIDATE",4.35,151.77884,616.0,3.1340,6328.00,1
9178502,"K05634.01",,"FALSE POSITIVE",,50.47759052,,,,1
9178894,"K05635.01",,"CANDIDATE",2.23,113.993156,729.0,2.4960,7892.00,1
9180282,"K05636.01",,"FALSE POSITIVE",2.22,2.79123954,1771.0,1.6680,6407.00,1
9181402,"K05637.01",,"FALSE POSITIVE",,223.31769215,,,,1
10023469,"K05757.01",,"FALSE POSITIVE",1.28,44.637111,432.0,0.7800,5222.00,1
10027861,"K05758.01",,"CANDIDATE",2.7,102.493119,317.0,0.7910,5166.00,1
10064591,"K05759.01",,"CANDIDATE",,284.94212784,,,,1
10074700,"K05760.01",,"FALSE POSITIVE",12.75,365.620697,215.0,0.7680,5273.00,1
10083325,"K05761.01",,"CANDIDATE",1.56,6.13292733,1379.0,2.0340,5877.00,1
10090854,"K05762.01",,"CANDIDATE",1.37,12.63063129,689.0,0.7980,5579.00,1
10096697,"K05763.01",,"FALSE POSITIVE",1.59,191.272501,310.0,0.9180,5727.00,1
10098540,"K05764.01",,"CANDIDATE",2.03,286.02266,180.0,0.6370,4368.00,1
7377343,"K05384.01",,"CANDIDATE",9.5,7.95445779,1064.0,1.1960,6217.00,1
7383840,"K05385.01",,"CANDIDATE",6815.75,331.70918,221.0,0.8050,5282.00,1
7386200,"K05386.01",,"FALSE POSITIVE",1.91,575.42002,225.0,0.9490,6025.00,1
7416016,"K05387.01",,"CANDIDATE",1.17,297.78282,167.0,0.5900,4192.00,1
7416306,"K05388.01",,"CANDIDATE",3.38,137.396194,517.0,2.6550,5425.00,1
7416646,"K05389.01",,"CANDIDATE",1.73,365.739893,241.0,0.9530,5420.00,1
7440715,"K05390.01",,"CANDIDATE",5.13,104.198102,497.0,2.0240,5087.00,1
7456380,"K05391.01",,"FALSE POSITIVE",1.55,368.72715,215.0,0.7490,5401.00,1
8395870,"K05511.01",,"CANDIDATE",1.68,74.833577,590.0,1.8070,5933.00,1
8396288,"K05512.01",,"CANDIDATE",3.02,8.5852872,777.0,0.8180,5488.00,1
8414914,"K05513.01",,"FALSE POSITIVE",78.77,100.303613,421.0,1.0460,6060.00,1
8415353,"K05514.01",,"CANDIDATE",2.63,102.100752,551.0,1.8300,6359.00,1
8429817,"K05515.01",,"CANDIDATE",6.46,6.263491873,1180.0,1.1940,6247.00,1
8432034,"K05516.01",,"FALSE POSITIVE",65.64,0.83620025,1932.0,1.0000,5780.00,1
8432249,"K05517.01",,"CANDIDATE",7.12,335.43143,468.0,4.7210,5172.00,1
8439618,"K05518.01",,"CANDIDATE",3.1,558.21886,198.0,0.7940,5679.00,1
9209981,"K05638.01",,"CANDIDATE",1.56,290.02002,321.0,1.1480,6452.00,1
9210738,"K05639.01",,"CANDIDATE",4.92,279.21957,395.0,2.6040,5159.00,1
9214176,"K05640.01",,"CANDIDATE",9.56,348.665961,493.0,4.8900,5183.00,1
9216231,"K05641.01",,"FALSE POSITIVE",2.11,616.34132,131.0,0.5880,4197.00,1
9217583,"K05642.01",,"CANDIDATE",2.56,222.28056,405.0,1.5310,6543.00,1
9220614,"K05643.01",,"CANDIDATE",1.62,570.01886,190.0,0.7900,5496.00,1
9224514,"K05644.01",,"CANDIDATE",,378.93139106,,,,1
9229807,"K05645.01",,"CANDIDATE",,580.85326788,,,,1
10130646,"K05765.01",,"FALSE POSITIVE",0.63,390.40832,115.0,0.4000,3659.00,1
10132552,"K05766.01",,"FALSE POSITIVE",1.32,191.528018,334.0,1.0090,6054.00,1
10132908,"K05767.01",,"FALSE POSITIVE",1.89,386.59946,259.0,0.9630,6137.00,1
10141271,"K05768.01",,"FALSE POSITIVE",1.32,15.4032765,626.0,0.7990,5272.00,1
10146103,"K05769.01",,"CANDIDATE",0.97,7.58062893,937.0,1.0410,5753.00,1
10158715,"K05770.01",,"FALSE POSITIVE",2.55,61.0011095,536.0,1.1710,6418.00,1
10161534,"K05771.01",,"FALSE POSITIVE",2.28,198.232389,352.0,1.1130,6263.00,1
7458433,"K05392.01",,"FALSE POSITIVE",26.13,0.66062715,2327.0,1.0750,6322.00,1
7458743,"K05393.01",,"CANDIDATE",18.92,248.421771,579.0,6.4280,4895.00,1
7468295,"K05394.01",,"FALSE POSITIVE",7.88,456.5734,413.0,4.0420,5002.00,1
7516073,"K05395.01",,"FALSE POSITIVE",1.81,601.13797,254.0,1.3880,5786.00,1
7538450,"K05396.01",,"FALSE POSITIVE",5.26,344.06248,589.0,3.6970,7664.00,1
7539174,"K05397.01",,"FALSE POSITIVE",,39.94344731,,,,1
7539277,"K05398.01",,"CANDIDATE",2.1,551.22396,206.0,0.8870,5691.00,1
7550875,"K05399.01",,"FALSE POSITIVE",2.19,466.90824,210.0,0.8670,5340.00,1
8442463,"K05519.01",,"FALSE POSITIVE",7.07,361.30991,422.0,4.4190,4911.00,1
8474892,"K05520.01",,"FALSE POSITIVE",56.11,199.4424134,344.0,1.1700,5869.00,1
8480642,"K05521.01",,"FALSE POSITIVE",72.91,31.59115876,783.0,2.2950,5178.00,1
8482513,"K05522.01",,"FALSE POSITIVE",2.47,356.99135,240.0,0.9130,5539.00,1
8487777,"K05523.01",,"FALSE POSITIVE",2.08,96.120478,460.0,1.1860,6038.00,1
8495232,"K05524.01",,"FALSE POSITIVE",2.02,9.63647672,1243.0,3.0070,5125.00,1
8499922,"K05525.01",,"FALSE POSITIVE",14.5,45.680876,1215.0,7.9170,4835.00,1
8505674,"K05526.01",,"FALSE POSITIVE",1.47,43.169798,615.0,1.2920,5929.00,1
11444772,"K05897.01",,"CANDIDATE",2.53,395.94327,172.0,0.6780,4596.00,1
11444974,"K05898.01",,"CANDIDATE",1.73,76.37924,406.0,0.9360,5451.00,1
11446961,"K05899.01",,"CANDIDATE",1.28,58.669218,450.0,0.9860,5548.00,1
11453930,"K05900.01",,"CANDIDATE",1.68,355.84731,354.0,1.4930,6823.00,1
11456256,"K05901.01",,"CANDIDATE",1.29,61.611129,597.0,1.3860,6533.00,1
11457664,"K05902.01",,"CANDIDATE",1.27,150.728285,321.0,0.8710,5778.00,1
11465658,"K05903.01",,"CANDIDATE",2.06,253.790434,253.0,0.8500,5426.00,1
11465869,"K05904.01",,"FALSE POSITIVE",0.68,322.544807,219.0,0.7410,5359.00,1
11493378,"K05905.01",,"CANDIDATE",,35.6606167,,,,1
11506938,"K05906.01",,"FALSE POSITIVE",49.49,22.57494749,860.0,1.4680,6581.00,1
11513366,"K05907.01",,"CANDIDATE",36.77,587.38162,527.0,11.8390,4784.00,1
11513441,"K05908.01",,"FALSE POSITIVE",6.85,85.5692223,536.0,1.9510,5361.00,1
11520114,"K05909.01",,"CANDIDATE",1.36,7.07987663,738.0,0.8060,4808.00,1
11520465,"K05910.01",,"CANDIDATE",1.75,91.240335,494.0,1.2050,6493.00,1
11559493,"K05911.01",,"CANDIDATE",3.01,357.41382,283.0,1.0760,6233.00,1
11598638,"K05912.01",,"CANDIDATE",2.25,359.854745,302.0,1.1680,6495.00,1
11598894,"K05913.01",,"CANDIDATE",1.97,89.366114,391.0,0.8750,5861.00,1
11599800,"K05914.01",,"FALSE POSITIVE",5.09,422.255426,277.0,1.1390,6273.00,1
11599937,"K05915.01",,"CANDIDATE",1.81,37.6259039,519.0,0.8710,5874.00,1
11600299,"K05916.01",,"CANDIDATE",,100.41475198,,,,1
11601425,"K05917.01",,"CANDIDATE",1.56,41.9934673,503.0,0.9150,5766.00,1
11601633,"K05918.01",,"CANDIDATE",1.46,94.67782,353.0,0.8660,5360.00,1
11601972,"K05919.01",,"CANDIDATE",2.35,290.196139,341.0,1.4030,6238.00,1
11603298,"K05920.01",,"FALSE POSITIVE",1.87,471.39698,265.0,1.0080,6587.00,1
11614808,"K05921.01",,"CANDIDATE",3.96,175.452812,591.0,3.3040,6184.00,1
11615258,"K05922.01",,"CANDIDATE",2.15,367.07446,287.0,1.1160,6315.00,1
11615521,"K05923.01",,"CANDIDATE",10.75,366.684634,444.0,4.9620,5090.00,1
11616434,"K05924.01",,"CANDIDATE",2.49,291.306507,219.0,0.7480,5031.00,1
11651240,"K05925.01",,"CANDIDATE",1.97,93.006,503.0,1.7420,5518.00,1
11652427,"K05926.01",,"CANDIDATE",,26.46288074,,,,1
11654039,"K05927.01",,"FALSE POSITIVE",1.26,436.42852,245.0,0.9710,5997.00,1
11674709,"K05928.01",,"CANDIDATE",,20.69920737,,,,2
11716643,"K05929.01",,"CANDIDATE",4.92,466.002988,223.0,0.8760,5830.00,1
11722217,"K05930.01",,"CANDIDATE",1,302.77571,106.0,0.3030,3358.00,1
11773174,"K05931.01",,"CANDIDATE",,115.19952922,,,,1
11803074,"K05932.01",,"CANDIDATE",2.79,355.86134,233.0,0.8010,5736.00,1
11807906,"K05933.01",,"CANDIDATE",10.37,236.506437,480.0,3.9000,5066.00,1
11811382,"K05934.01",,"CANDIDATE",6.13,19.3854894,632.0,0.9130,5432.00,1
11818566,"K05935.01",,"CANDIDATE",,416.87893121,,,,1
11819396,"K05936.01",,"CANDIDATE",,48.38798413,,,,1
11824578,"K05937.01",,"CANDIDATE",3.53,357.588538,420.0,1.8760,7435.00,1
11860294,"K05938.01",,"CANDIDATE",1.66,545.205601,257.0,1.1550,6273.00,1
11868941,"K05939.01",,"CANDIDATE",1.52,105.053389,449.0,1.1300,6471.00,1
11905398,"K05940.01",,"CANDIDATE",3.14,24.7967294,537.0,0.7760,5496.00,1
11910670,"K05941.01",,"CANDIDATE",60.47,44.7060191,465.0,0.8110,5509.00,1
11911929,"K05942.01",,"CANDIDATE",15.75,125.277815,799.0,7.7380,5119.00,1
11923213,"K05943.01",,"CANDIDATE",1.87,27.2020672,719.0,1.3960,5869.00,1
11924426,"K05944.01",,"FALSE POSITIVE",62.03,64.713168094,482.0,0.9740,6175.00,1
11959893,"K05945.01",,"CANDIDATE",4.58,40.7282314,829.0,2.2310,6531.00,1
11966643,"K05946.01",,"CANDIDATE",,183.38048452,,,,1
11968514,"K05947.01",,"FALSE POSITIVE",293.01,1.036592136,4194.0,8.7470,4884.00,1
12007270,"K05948.01",,"CANDIDATE",1.23,398.51312,222.0,0.7590,5776.00,1
12009917,"K05949.01",,"CANDIDATE",1.88,559.785594,249.0,1.1110,6201.00,1
12020376,"K05950.01",,"CANDIDATE",1,109.43946,314.0,0.7410,5359.00,1
12066767,"K05951.01",,"CANDIDATE",,194.25835342,,,,1
12071775,"K05952.01",,"CANDIDATE",2.15,164.507439,346.0,1.0200,5866.00,1
12102775,"K05953.01",,"CANDIDATE",4.03,370.84786,219.0,0.8860,5291.00,1
12105086,"K05954.01",,"CANDIDATE",0.94,73.908995,421.0,0.9180,5865.00,1
12110901,"K05955.01",,"CANDIDATE",,96.32561456,,,,1
12121701,"K05956.01",,"CANDIDATE",3.19,212.646179,321.0,1.0300,6108.00,1
12156805,"K05957.01",,"FALSE POSITIVE",1.13,371.54879,230.0,0.9540,5225.00,1
12165063,"K05958.01",,"FALSE POSITIVE",0.89,226.499243,245.0,0.7980,5093.00,1
12168895,"K05959.01",,"CANDIDATE",1.74,251.48808,284.0,0.9020,5979.00,1
12170767,"K05960.01",,"CANDIDATE",1.62,32.4185265,687.0,1.4410,5622.00,1
12253490,"K05961.01",,"CANDIDATE",25.24,19.159760875,424.0,0.5160,4492.00,1
12257851,"K05962.01",,"FALSE POSITIVE",0.92,2.61594288,1370.0,1.0120,6063.00,1
12265150,"K05963.01",,"FALSE POSITIVE",1.81,1.686009643,1442.0,0.8800,5783.00,1
12300524,"K05964.01",,"CANDIDATE",0.85,32.033211,591.0,1.0050,6039.00,1
12349560,"K05965.01",,"CANDIDATE",1.69,43.3975622,388.0,0.7250,4871.00,1
12350136,"K05966.01",,"CANDIDATE",,478.79185021,,,,1
10964747,"K05844.01",,"FALSE POSITIVE",1.61,344.961485,230.0,0.7750,5481.00,1
10967168,"K05845.01",,"CANDIDATE",1.18,22.2659599,896.0,1.4920,6888.00,1
10977671,"K05846.01",,"CANDIDATE",6.12,199.064336,483.0,3.4360,5157.00,1
10978581,"K05847.01",,"CANDIDATE",17.56,277.114286,605.0,7.5490,5117.00,1
10979952,"K05848.01",,"CANDIDATE",3.41,323.159363,331.0,1.8110,5251.00,1
10989620,"K05849.01",,"CANDIDATE",1.13,21.512259,639.0,0.9970,5611.00,1
10991389,"K05850.01",,"CANDIDATE",3.66,303.226376,274.0,0.9550,5952.00,1
12401859,"K05967.01",,"CANDIDATE",4.84,22.8631517,1112.0,4.8740,5043.00,1
12402588,"K05968.01",,"CANDIDATE",2.29,97.942437,600.0,2.2840,5997.00,1
12405436,"K05969.01",,"FALSE POSITIVE",2.59,163.820347,251.0,0.7710,4822.00,1
12417572,"K05970.01",,"FALSE POSITIVE",3.67,151.577009,502.0,1.6740,6854.00,1
12418418,"K05971.01",,"CANDIDATE",1.08,493.30572,149.0,0.5480,4558.00,1
12505590,"K05972.01",,"CANDIDATE",2.59,449.87203,199.0,0.7860,5310.00,1
12506986,"K05973.01",,"CANDIDATE",1.82,419.93373,285.0,1.0530,6686.00,1
10991431,"K05851.01",,"CANDIDATE",2.18,322.221973,277.0,1.0060,6026.00,1
11021266,"K05852.01",,"CANDIDATE",3.2,235.413973,304.0,1.0010,6028.00,1
11021676,"K05853.01",,"CANDIDATE",3.15,366.68293,222.0,0.8690,5217.00,1
11026582,"K05854.01",,"CANDIDATE",2.93,240.57135,302.0,0.9430,6146.00,1
11036168,"K05855.01",,"CANDIDATE",6.15,217.792748,334.0,1.2830,5600.00,1
11037818,"K05856.01","Kepler-1638 b","CONFIRMED",6.04,259.34304,449.0,3.2040,5490.00,1
11046723,"K05857.01",,"CANDIDATE",,388.03884851,,,,1
11046870,"K05858.01",,"FALSE POSITIVE",1.75,8.34410791,993.0,1.0580,6321.00,1
12554212,"K05974.01",,"CANDIDATE",0.49,4.76815507,761.0,0.6490,4680.00,1
12645262,"K05975.01",,"FALSE POSITIVE",,545.45623972,,,,1
12645761,"K05976.01",,"FALSE POSITIVE",223.75,2.709570339,2427.0,5.2080,5030.00,1
12690465,"K05977.01",,"CANDIDATE",,49.49059818,,,,1
12734110,"K05978.01",,"CANDIDATE",1.78,364.18129,209.0,0.8500,4988.00,1
12735793,"K05979.01",,"CANDIDATE",0.89,37.7935113,592.0,1.0760,6178.00,1
12736658,"K05980.01",,"FALSE POSITIVE",49.03,0.855294909,2137.0,1.2070,5846.00,1
12835139,"K05981.01",,"FALSE POSITIVE",3.88,350.609298,405.0,1.9920,6658.00,1
11069681,"K05859.01",,"CANDIDATE",26.09,172.621943,790.0,9.3430,5119.00,1
11072982,"K05860.01",,"CANDIDATE",6.17,264.708077,425.0,2.9070,5283.00,1
11073238,"K05861.01",,"FALSE POSITIVE",1.58,452.40428,256.0,1.0290,6195.00,1
11076176,"K05862.01",,"FALSE POSITIVE",46.27,0.699985822,1653.0,0.7240,5264.00,1
11080702,"K05863.01",,"CANDIDATE",0.87,8.67237968,825.0,0.8820,5620.00,1
11082795,"K05864.01",,"CANDIDATE",1.38,35.9216912,468.0,0.8290,5161.00,1
11090561,"K05865.01",,"FALSE POSITIVE",62.51,35.8726918,1670.0,15.3690,5254.00,1
11090926,"K05866.01",,"CANDIDATE",35.36,102.300622,984.0,9.4350,4895.00,1
11097752,"K05867.01",,"CANDIDATE",14.76,359.8455,510.0,6.6320,4945.00,1
11098704,"K05868.01",,"CANDIDATE",1.89,22.7783121,863.0,1.4770,6538.00,1
11100170,"K05869.01",,"CANDIDATE",2.42,114.406187,267.0,0.6910,4641.00,1
11129145,"K05870.01",,"CANDIDATE",0.75,132.114,217.0,0.5230,4342.00,1
11145391,"K05871.01",,"CANDIDATE",2.04,623.2344,196.0,0.8390,5600.00,1
11145637,"K05872.01",,"CANDIDATE",,46.16051579,,,,1
11147785,"K05873.01",,"CANDIDATE",109061,217.170081,802.0,11.7230,5083.00,1
11152511,"K05874.01",,"CANDIDATE",2.07,287.33114,266.0,1.0070,5426.00,1
11176166,"K05875.01","Kepler-1639 b","CONFIRMED",2.64,9.8788502,1003.0,1.1480,6477.00,1
11182213,"K05876.01",,"CANDIDATE",2.2,189.456089,337.0,1.0260,5991.00,1
11183752,"K05877.01",,"CANDIDATE",2.87,230.358183,289.0,0.8840,5803.00,1
11191364,"K05878.01",,"CANDIDATE",1.88,211.54114,251.0,0.6890,5433.00,1
11198419,"K05879.01",,"CANDIDATE",1.6,88.523517,209.0,0.4620,3827.00,1
11199233,"K05880.01",,"FALSE POSITIVE",,386.22400908,,,,1
11251991,"K05881.01",,"CANDIDATE",1.27,134.35872,499.0,1.4330,6948.00,1
11298442,"K05882.01",,"CANDIDATE",,55.01469183,,,,1
11305417,"K05883.01",,"CANDIDATE",1.69,198.781156,404.0,1.4240,6493.00,1
11338918,"K05884.01",,"FALSE POSITIVE",1.52,588.63759,185.0,0.8490,5135.00,1
11340218,"K05885.01",,"CANDIDATE",1.87,111.149082,364.0,0.9480,5763.00,1
11341266,"K05886.01",,"CANDIDATE",1.84,284.87177,401.0,1.7730,6437.00,1
11341314,"K05887.01",,"FALSE POSITIVE",0.98,9.8338474,946.0,1.2020,5929.00,1
11348610,"K05888.01",,"CANDIDATE",1.84,190.860818,273.0,0.8030,5463.00,1
11351454,"K05889.01",,"CANDIDATE",2.42,374.41813,280.0,1.1240,6195.00,1
11355925,"K05890.01",,"CANDIDATE",2.19,263.30198,308.0,1.1320,5758.00,1
11391512,"K05891.01",,"CANDIDATE",2.98,370.31761,182.0,0.7010,4665.00,1
11393248,"K05892.01",,"CANDIDATE",1.41,37.959659,484.0,0.8270,5573.00,1
11393633,"K05893.01",,"CANDIDATE",1.4,405.6296,216.0,0.7900,5583.00,1
11401845,"K05894.01",,"FALSE POSITIVE",155.22,1.080695116,3344.0,2.3400,7796.00,1
11407847,"K05895.01",,"CANDIDATE",1.16,11.8307724,770.0,0.9580,5550.00,1
11414368,"K05896.01",,"CANDIDATE",1.94,434.28175,212.0,0.7500,5544.00,1
8355178,"K06178.02",,"CANDIDATE",1.49,33.814176,589.0,0.9960,6122.00,2
8374077,"K06179.01",,"CANDIDATE",2.13,16.2957847,744.0,1.0120,6063.00,1
8494783,"K06180.01",,"CANDIDATE",,28.201998,,,,6
8494783,"K06180.02",,"CANDIDATE",1.5,58.92565,809.0,2.2160,7282.00,7
8517303,"K06181.01",,"FALSE POSITIVE",27.78,24.0733775,1263.0,6.0550,4647.00,1
8590149,"K06182.01",,"CANDIDATE",1.19,19.2405821,565.0,0.8480,5031.00,1
10055126,"K01608.03","Kepler-311 d","CONFIRMED",2.05,232.040326,327.0,1.1560,5903.00,3
8590149,"K06182.02",,"CANDIDATE",1.35,28.684308,512.0,0.8210,5243.00,2
3559935,"K00492.02",,"CANDIDATE",2.99,265.29617,302.0,1.2180,5589.00,2
9285265,"K03410.02","Kepler-1491 c","CONFIRMED",2.44,61.569765,530.0,1.3890,5626.00,2
3559860,"K03440.02",,"CANDIDATE",2.48,58.940569,465.0,0.9900,5819.00,2
5384713,"K03444.04",,"CANDIDATE",0.74,14.1502311,390.0,0.5290,3705.00,5
6364582,"K03456.02",,"CANDIDATE",1.18,486.12702,249.0,1.0620,6008.00,2
6525209,"K03479.02",,"FALSE POSITIVE",1.04,1.71029474,1267.0,0.7290,5365.00,4
6368175,"K03503.02","Kepler-1703 c","CONFIRMED",0.8,31.8245304,589.0,0.8470,6338.00,2
5471158,"K03504.02",,"CANDIDATE",,140.24408749,,,,3
10407086,"K04568.02",,"CANDIDATE",,48.04066636,,,,2
9947653,"K04647.02",,"CANDIDATE",2.08,12.008552,1016.0,1.9640,5303.00,2
6527078,"K04657.02",,"CANDIDATE",0.77,10.4314847,700.0,0.7740,5361.00,2
12416597,"K04895.02",,"CANDIDATE",1.85,47.5571352,507.0,0.9580,5861.00,2
2309587,"K05982.01",,"FALSE POSITIVE",57.6,1.838514245,1572.0,1.0550,5799.00,1
2445134,"K05983.01",,"FALSE POSITIVE",50.83,8.412008943,1100.0,1.3140,6247.00,1
3241344,"K05984.01",,"FALSE POSITIVE",1794.2,3.912679136,1018.0,0.7200,5616.00,1
3347485,"K05985.01",,"FALSE POSITIVE",63.99,7.544804312,1233.0,1.6090,5953.00,1
2019477,"K06093.02",,"CANDIDATE",4.49,27.2497521,1090.0,4.5240,5440.00,2
2161623,"K06094.01",,"FALSE POSITIVE",218.79,2.283466438,2014.0,1.7190,6723.00,1
2707097,"K06095.01",,"FALSE POSITIVE",46.44,0.692807507,2057.0,1.0000,5780.00,1
2719873,"K06096.01",,"FALSE POSITIVE",27.66,17.279290765,556.0,0.6580,5251.00,1
8158127,"K01015.03",,"CANDIDATE",3.14,16.9972894,956.0,1.8600,5897.00,3
2852810,"K06097.01",,"CANDIDATE",,93.05654364,,,,2
2852810,"K06097.02",,"CANDIDATE",1.7,88.433122,595.0,1.5250,7092.00,3
2852810,"K06097.03",,"CANDIDATE",2.35,282.34315,404.0,1.5250,7092.00,4
8590780,"K06183.01",,"FALSE POSITIVE",106.99,4.326946311,1481.0,1.5010,6231.00,1
8613338,"K06184.01",,"FALSE POSITIVE",1.3,527.29093,216.0,0.9190,5671.00,2
8646141,"K06185.01",,"FALSE POSITIVE",2.41,168.858303,526.0,2.1890,6608.00,2
8653134,"K06186.01","Kepler-1643 b","CONFIRMED",1.72,5.34264143,799.0,0.6700,5101.00,1
8702921,"K06187.01",,"FALSE POSITIVE",28.3,19.38444245,1185.0,5.0260,4968.00,1
8822421,"K06188.01",,"CANDIDATE",2.46,1.645319649,1296.0,0.7560,5416.00,1
8957954,"K06189.01",,"FALSE POSITIVE",60.99,2.179924994,1448.0,0.9660,6106.00,1
8984706,"K06190.01",,"FALSE POSITIVE",89.16,10.135401047,1035.0,1.4150,5895.00,1
4247807,"K03748.02",,"FALSE POSITIVE",1,2.02487934,1284.0,0.8250,5440.00,2
4472818,"K03878.02",,"CANDIDATE",1.42,15.3573445,729.0,0.9860,5818.00,2
8030339,"K03954.02","Kepler-1534 b","CONFIRMED",1.92,5.71668787,955.0,0.8830,5638.00,2
8037145,"K00520.04","Kepler-176 e","CONFIRMED",1.51,51.1658019,398.0,0.8260,4963.00,4
5471059,"K03956.02",,"FALSE POSITIVE",0.88,12.4249559,703.0,0.8470,5524.00,3
5471675,"K04000.02",,"FALSE POSITIVE",1.05,12.427135,1143.0,1.8210,6561.00,2
8934103,"K04009.02",,"CANDIDATE",2.17,77.792718,453.0,1.2410,5497.00,2
9551430,"K04030.02",,"CANDIDATE",,163.51489847,,,,2
3530668,"K05986.01",,"FALSE POSITIVE",52.58,1.946198513,1853.0,1.4330,6224.00,1
3532985,"K05987.01",,"CANDIDATE",55.28,5.288547653,2333.0,9.1690,4918.00,1
10718726,"K00600.02",,"CANDIDATE",2.8,294.055263,288.0,1.0110,6108.00,2
3831911,"K05988.01",,"FALSE POSITIVE",23.87,30.4838006,315.0,0.5310,3857.00,1
3852258,"K05989.01",,"FALSE POSITIVE",66.22,5.7584367,3389.0,25.2870,4754.00,1
3858919,"K05990.01",,"FALSE POSITIVE",2.03,25.9522913,567.0,0.8660,5692.00,2
3869326,"K05991.01",,"FALSE POSITIVE",39.03,8.58599537,2319.0,13.9410,4805.00,1
3971315,"K05992.01",,"FALSE POSITIVE",40.38,9.892240848,907.0,1.0090,6225.00,1
2852810,"K06097.04",,"CANDIDATE",1.51,126.505657,528.0,1.5250,7092.00,5
2997455,"K06098.01",,"FALSE POSITIVE",120.13,1.129848432,3553.0,7.1020,4846.00,1
3003991,"K06099.01",,"FALSE POSITIVE",25.68,7.244778994,818.0,0.7880,5530.00,1
3003991,"K06099.02",,"FALSE POSITIVE",,110.1552727,,,,3
3229028,"K06100.01",,"FALSE POSITIVE",0.99,0.730964241,2467.0,1.4630,5929.00,1
3229028,"K06100.02",,"CANDIDATE",1.52,117.684591,459.0,1.2790,6362.00,2
3230787,"K06101.01",,"FALSE POSITIVE",93.52,17.734020239,892.0,1.5540,5883.00,1
5956656,"K01053.02",,"CANDIDATE",2.46,46.245164,519.0,1.1070,5553.00,2
9093086,"K06191.01",,"CANDIDATE",1.19,9.7043379,932.0,1.0440,6273.00,1
9015738,"K01616.02",,"CANDIDATE",0.67,34.775371,582.0,1.0470,6028.00,2
7954278,"K07859.01",,"CANDIDATE",0.93,0.306702491,2318.0,0.7860,5310.00,1
9093086,"K06191.02",,"CANDIDATE",1.26,12.7713826,851.0,1.0440,6273.00,2
9101400,"K06192.01",,"FALSE POSITIVE",90.08,0.829019343,2492.0,1.3280,6645.00,1
9119652,"K06193.01",,"FALSE POSITIVE",124.19,1.1080999,2212.0,1.7690,5299.00,1
9145861,"K06194.01",,"CANDIDATE",140.14,42.294739,1083.0,7.8490,4926.00,1
9145861,"K06194.02",,"FALSE POSITIVE",14.71,215.778765,610.0,7.0560,4902.00,2
9153823,"K06195.01",,"CANDIDATE",1.73,1.444486083,1051.0,0.5590,4569.00,1
7100673,"K04032.03","Kepler-1542 d","CONFIRMED",0.91,5.99273265,1010.0,1.0650,5574.00,3
7100673,"K04032.04","Kepler-1542 e","CONFIRMED",0.85,5.10110666,1065.0,1.0650,5574.00,2
10089911,"K04034.02",,"CANDIDATE",46.44,11.6089351,1496.0,3.5300,6303.00,2
4150496,"K04046.02",,"FALSE POSITIVE",1.84,94.22498,387.0,0.8930,5880.00,3
3747817,"K04103.02",,"CANDIDATE",1.1,14.2378417,629.0,0.8010,5273.00,2
6129694,"K04131.02",,"FALSE POSITIVE",4.41,241.0122,600.0,2.9090,7843.00,2
8162789,"K00521.02",,"CANDIDATE",1.19,10.8206034,885.0,1.0600,6032.00,2
9899315,"K04181.02",,"FALSE POSITIVE",2.24,164.689421,340.0,0.9500,6089.00,2
4037428,"K05993.01",,"FALSE POSITIVE",29.95,4.264729569,1428.0,1.4170,6052.00,1
4049124,"K05994.01",,"FALSE POSITIVE",30.97,4.804469712,958.0,0.8090,5561.00,1
4275328,"K05995.01",,"FALSE POSITIVE",49.79,6.150529292,1421.0,1.5650,6691.00,1
4753561,"K05996.01",,"FALSE POSITIVE",19.43,4.944927575,728.0,0.7010,4428.00,1
4912991,"K05997.01",,"FALSE POSITIVE",26.08,4.442517008,1258.0,1.1190,6316.00,1
5613330,"K00649.02",,"CANDIDATE",0.92,10.2090268,1058.0,1.5240,6188.00,2
5036966,"K05998.01",,"FALSE POSITIVE",90.12,62.7356439,590.0,1.4400,6211.00,1
5254230,"K05999.01",,"FALSE POSITIVE",24.91,7.035518449,782.0,0.7100,5288.00,1
3545840,"K06102.01",,"CANDIDATE",1.67,54.2916336,665.0,1.5650,6711.00,3
3634051,"K06103.01","Kepler-1981 b","CONFIRMED",9.23,453.54212,390.0,3.0060,5874.00,1
7967517,"K07860.01",,"FALSE POSITIVE",0.6,0.579516759,2484.0,1.1020,6339.00,1
3634051,"K06103.02",,"CANDIDATE",118.62,122.8054416,602.0,3.0060,5874.00,2
3761319,"K06104.01",,"FALSE POSITIVE",2.38,16.2480865,704.0,0.9230,5729.00,1
3761319,"K06104.02",,"FALSE POSITIVE",2.9,466.9407,230.0,0.9230,5729.00,2
3762553,"K06105.01",,"FALSE POSITIVE",5.51,289.788624,537.0,2.4070,8057.00,2
3965879,"K06106.01",,"FALSE POSITIVE",,55.00402906,,,,4
4035675,"K06107.01",,"FALSE POSITIVE",110.29,2.873657901,1830.0,2.2870,5692.00,1
9282687,"K06196.01",,"FALSE POSITIVE",102.31,1.680425996,2203.0,1.6290,6844.00,1
9289960,"K06197.01",,"FALSE POSITIVE",,0.53345831,,,,1
9291629,"K06198.01",,"FALSE POSITIVE",184.22,20.686460198,1210.0,5.1450,4809.00,3
9304842,"K06199.01",,"FALSE POSITIVE",5.96,131.68018,444.0,1.3020,6468.00,1
6975129,"K01628.03",,"CANDIDATE",1.76,37.8404232,607.0,1.1490,6243.00,3
9304923,"K06200.01",,"FALSE POSITIVE",15056.9,200.762693,692.0,3.2980,7981.00,2
9343862,"K06201.01",,"FALSE POSITIVE",150.94,1.123258617,3215.0,2.1700,7945.00,1
9389245,"K06202.01",,"CANDIDATE",,47.25643291,,,,2
9828127,"K04192.02",,"CANDIDATE",1.14,32.0273169,525.0,0.9090,5505.00,2
5177859,"K04246.02",,"CANDIDATE",1.12,8.75630628,982.0,1.2270,5839.00,2
11081504,"K04287.02",,"CANDIDATE",0.85,9.6183111,1142.0,1.6650,6134.00,2
5385410,"K04323.02",,"FALSE POSITIVE",0.89,12.4250319,1030.0,1.5060,6290.00,2
3645438,"K04385.02","Kepler-1600 b","CONFIRMED",2.96,386.370512,209.0,0.8340,5119.00,1
8110757,"K07865.01",,"CANDIDATE",61.49,0.518060209,2921.0,1.7720,5405.00,1
3645438,"K04385.03",,"CANDIDATE",1.45,17.3695112,588.0,0.8340,5119.00,3
8278685,"K04435.02",,"CANDIDATE",0.81,17.8693759,759.0,1.0130,6328.00,2
5511659,"K04541.02",,"CANDIDATE",1.98,17.236085,721.0,1.1110,5543.00,2
5385139,"K06000.01",,"FALSE POSITIVE",1.26,12.4297161,742.0,0.9050,5754.00,1
5385150,"K06001.01",,"FALSE POSITIVE",1.12,12.4288476,725.0,0.8860,5595.00,1
5385269,"K06002.01",,"FALSE POSITIVE",1.27,12.4258252,822.0,1.0480,5968.00,1
8210370,"K07872.01",,"FALSE POSITIVE",259.36,153.725848,734.0,6.8160,4794.00,1
5385509,"K06003.01",,"FALSE POSITIVE",1.27,12.4257907,589.0,0.6930,4873.00,1
5385566,"K06004.01",,"FALSE POSITIVE",2.02,12.4253356,683.0,0.7830,5442.00,1
5385773,"K06005.01",,"FALSE POSITIVE",0.84,12.4254201,659.0,0.6910,5571.00,1
5386163,"K06006.01",,"FALSE POSITIVE",2.06,12.424995,1293.0,2.6570,6098.00,1
5470960,"K06007.01",,"FALSE POSITIVE",1.44,12.4227918,634.0,0.7200,5279.00,1
4139254,"K06108.01",,"CANDIDATE",1.07,485.92297,225.0,0.9570,5551.00,3
4144236,"K06109.01",,"FALSE POSITIVE",81.61,22.913446297,811.0,1.2970,6621.00,1
10141900,"K01082.04",,"CANDIDATE",1.45,9.6550473,705.0,0.8430,4999.00,4
4144236,"K06109.02",,"FALSE POSITIVE",1.9,10.0046881,1466.0,2.6410,6620.00,3
4150701,"K06110.01",,"FALSE POSITIVE",1.37,8.65315602,643.0,0.6960,4746.00,1
4255944,"K06111.01",,"CANDIDATE",3.63,228.65412,521.0,2.6740,6845.00,3
4285087,"K06112.01",,"FALSE POSITIVE",92.34,2.243015737,1813.0,1.4440,6181.00,1
4346875,"K06113.01",,"FALSE POSITIVE",35.81,4.694218481,946.0,0.7870,5512.00,1
9394605,"K06203.01",,"FALSE POSITIVE",,0.87683182,,,,1
9471755,"K06204.01",,"FALSE POSITIVE",47.65,0.953734449,2672.0,1.4600,7332.00,1
9479460,"K06205.01",,"FALSE POSITIVE",274.78,2.073873563,3150.0,3.3730,7803.00,1
9549472,"K06206.01",,"FALSE POSITIVE",27.64,15.713787218,747.0,1.0060,5843.00,1
9576197,"K06207.01",,"FALSE POSITIVE",18.98,7.964440392,755.0,0.7360,5250.00,1
8110758,"K07866.01",,"FALSE POSITIVE",42.1,0.518071538,2536.0,1.2090,5876.00,1
9579860,"K06208.01",,"FALSE POSITIVE",14.54,2.151214629,3287.0,8.1790,4748.00,1
9655711,"K06209.01",,"CANDIDATE",2.2,12.7143635,785.0,0.9620,5947.00,1
5856571,"K01839.02",,"CANDIDATE",4.93,80.4103783,535.0,1.6730,5476.00,2
8222395,"K07873.01",,"CANDIDATE",0.57,1.93188768,1427.0,0.9140,5896.00,1
5796186,"K00651.02",,"FALSE POSITIVE",,320.18471858,,,,2
5471068,"K06008.01",,"FALSE POSITIVE",1.66,12.426469,729.0,0.8870,5691.00,1
5471192,"K06009.01",,"FALSE POSITIVE",1.23,12.4262889,864.0,1.0920,6246.00,1
5471217,"K06010.01",,"FALSE POSITIVE",1.35,12.424747,691.0,0.8260,5514.00,1
5471769,"K06011.01",,"FALSE POSITIVE",1.37,12.4255705,721.0,0.8270,5742.00,1
5471770,"K06012.01",,"FALSE POSITIVE",2.67,12.426173,1006.0,1.3570,6367.00,1
5556804,"K06013.01",,"FALSE POSITIVE",1.59,12.4244306,714.0,0.7910,5761.00,1
5597970,"K06014.01",,"FALSE POSITIVE",37.65,6.71738328,883.0,0.9360,5301.00,1
4459068,"K06114.01",,"FALSE POSITIVE",36.91,24.955998503,1438.0,3.0180,8617.00,1
8107150,"K07863.01",,"CANDIDATE",0.52,5.2449156,1015.0,0.8780,5823.00,1
4464394,"K06115.01",,"CANDIDATE",,168.66934782,,,,3
4547480,"K06116.01",,"FALSE POSITIVE",5.43,4.426942241,958.0,0.7460,5511.00,1
4739229,"K06118.01",,"CANDIDATE",3.65,571.280892,324.0,1.6190,7081.00,1
4739229,"K06118.02",,"CANDIDATE",1.16,4.66185924,1610.0,1.6190,7081.00,2
8620565,"K01250.02",,"CANDIDATE",697.14,1.213672208,1789.0,0.9950,6113.00,2
4740676,"K06119.01",,"FALSE POSITIVE",75.11,3.454241684,2010.0,2.4330,6562.00,1
4742420,"K06120.01",,"CANDIDATE",1.7,90.097375,430.0,1.0080,6116.00,1
9655711,"K06209.02",,"CANDIDATE",2.1,7.72966941,927.0,0.9620,5947.00,2
9727765,"K06210.01",,"CANDIDATE",,51.85656556,,,,2
9767392,"K06211.01",,"FALSE POSITIVE",98.16,1.457256942,2112.0,1.4160,6630.00,1
9774400,"K06212.01",,"FALSE POSITIVE",11.71,10.818248422,830.0,0.8940,5955.00,1
9839081,"K06213.01",,"FALSE POSITIVE",37.66,2.559236603,1296.0,0.8830,5955.00,1
9974142,"K06214.01",,"FALSE POSITIVE",4.22,281.35877,446.0,2.5220,6049.00,5
9974142,"K06214.02",,"CANDIDATE",4.1,154.536881,544.0,2.5220,6049.00,6
10163066,"K06215.01",,"FALSE POSITIVE",1.9,462.12345,169.0,0.7470,4547.00,2
9008103,"K03283.03",,"CANDIDATE",1.72,87.707513,310.0,0.7210,4944.00,2
8780959,"K03741.03","Kepler-1518 b","CONFIRMED",2.81,5.1117547,1351.0,1.3450,6432.00,2
8780959,"K03741.04","Kepler-1518 c","CONFIRMED",2.9,9.6310258,1094.0,1.3450,6432.00,3
7429287,"K04260.02",,"FALSE POSITIVE",1.43,101.889228,487.0,1.5900,5802.00,5
11296045,"K04396.04",,"CANDIDATE",,437.51586139,,,,1
6592335,"K04777.02",,"FALSE POSITIVE",906.03,48.5023669,192.0,0.2800,3396.00,1
5951416,"K04781.02",,"FALSE POSITIVE",1.88,524.14139,237.0,0.9310,6225.00,1
5769810,"K04913.02",,"CANDIDATE",2.96,8.97377221,1530.0,2.8290,6537.00,1
5643492,"K06015.01",,"FALSE POSITIVE",31.14,41.86539723,500.0,0.7880,6063.00,1
5795648,"K06016.01",,"FALSE POSITIVE",25.84,4.553370029,1264.0,1.1090,6306.00,1
5961350,"K06017.01",,"FALSE POSITIVE",35.99,5.262652179,1499.0,1.5490,7049.00,1
10340423,"K00736.03",,"FALSE POSITIVE",,345.98207283,,,,3
5979863,"K06018.01",,"FALSE POSITIVE",22.32,16.621853404,719.0,0.9070,5949.00,1
6117415,"K06019.01",,"FALSE POSITIVE",82.98,19.741616041,902.0,1.5290,6535.00,1
6128027,"K06020.01",,"FALSE POSITIVE",28.2,5.455766383,795.0,0.6940,5067.00,1
6146418,"K06021.01",,"FALSE POSITIVE",58.2,22.44620704,894.0,1.7770,6070.00,1
4742420,"K06120.02",,"CANDIDATE",1.67,205.41415,323.0,0.9910,6123.00,2
4826439,"K06121.01",,"FALSE POSITIVE",106.18,1.237147407,2107.0,1.4490,6064.00,1
4933476,"K06122.01",,"FALSE POSITIVE",1.27,1.28619671,1646.0,0.9260,5650.00,2
4990977,"K06123.01",,"FALSE POSITIVE",32.7,2.649026189,1377.0,0.9880,5838.00,1
5034333,"K06124.01",,"FALSE POSITIVE",90.57,6.932281325,1872.0,2.1680,8675.00,1
5039441,"K06125.01",,"FALSE POSITIVE",66.2,2.151384476,1725.0,1.2570,6184.00,1
8231299,"K07874.01",,"FALSE POSITIVE",0.73,0.562273947,2083.0,0.8470,5632.00,1
5121173,"K06126.01",,"FALSE POSITIVE",67.91,17.4352218,1195.0,2.6410,6313.00,1
5306984,"K06127.01",,"CANDIDATE",,114.27173902,,,,2
10198662,"K06216.01",,"CANDIDATE",,26.40805532,,,,4
10198662,"K06216.02",,"CANDIDATE",,46.07931317,,,,5
4157325,"K01860.04",,"CANDIDATE",1.58,24.8434837,625.0,1.0220,5670.00,4
10200627,"K06217.01",,"CANDIDATE",4.44,7.7016694,1627.0,3.6080,5174.00,1
10219361,"K06218.01",,"FALSE POSITIVE",3.78,117.634213,513.0,2.3320,5236.00,2
10228942,"K06219.01",,"FALSE POSITIVE",135.84,21.025447023,1123.0,2.4380,6631.00,1
10341878,"K06220.01",,"FALSE POSITIVE",1.44,0.933753371,3137.0,2.0560,7286.00,1
10357831,"K06221.01",,"FALSE POSITIVE",12.89,1.72153588,1045.0,0.6680,4535.00,1
8332521,"K04567.02",,"CANDIDATE",1.11,4.67250377,1149.0,0.9870,6146.00,1
6150977,"K06022.01",,"FALSE POSITIVE",34.42,2.765621941,1134.0,0.8280,5423.00,1
6182019,"K06023.01",,"FALSE POSITIVE",30.98,3.664964374,1184.0,0.9870,5726.00,1
6191945,"K06024.01",,"FALSE POSITIVE",31.15,6.8072842,1156.0,1.8240,5182.00,1
6209347,"K06025.01",,"FALSE POSITIVE",43.89,2.136577151,1311.0,0.9050,5457.00,1
6268722,"K06026.01",,"FALSE POSITIVE",49.77,2.638432816,1933.0,1.7530,6502.00,1
6301030,"K06027.01",,"FALSE POSITIVE",78.78,11.991000357,897.0,1.1300,5988.00,1
10480982,"K00744.02",,"FALSE POSITIVE",1.12,2.03746414,1474.0,0.9470,6117.00,2
6606934,"K06028.01",,"FALSE POSITIVE",72.01,37.80694072,617.0,1.1050,6387.00,1
8242769,"K07875.01",,"CANDIDATE",1.32,21.9711574,649.0,0.9970,5763.00,2
10964440,"K01310.02",,"CANDIDATE",3.33,144.688915,416.0,1.7100,5372.00,2
5385548,"K06128.01",,"FALSE POSITIVE",3.79,12.42555055,1027.0,1.4230,6381.00,1
5385778,"K06129.01",,"FALSE POSITIVE",79.21,12.42592247,1547.0,6.9520,4849.00,1
5428657,"K06130.01",,"CANDIDATE",1.05,1.54287434,1007.0,0.5390,4530.00,1
5471617,"K06131.01",,"FALSE POSITIVE",1.12,12.4237327,1057.0,2.0670,5221.00,1
5471617,"K06131.02",,"FALSE POSITIVE",2.04,94.38163,537.0,2.0670,5221.00,3
5629353,"K06132.01",,"CANDIDATE",13,33.3200908,750.0,1.6510,6264.00,1
5629353,"K06132.02","Kepler-1640 b","CONFIRMED",5.83,7.5844241,1228.0,1.6510,6264.00,2
10363233,"K06222.01",,"FALSE POSITIVE",4.85,210.899577,268.0,0.8430,5332.00,2
10385682,"K06223.01",,"FALSE POSITIVE",75.28,3.103730697,1340.0,1.0910,6075.00,1
10414727,"K06224.01",,"CANDIDATE",,91.20573037,,,,2
10414727,"K06224.02",,"FALSE POSITIVE",2.69,253.40538,443.0,1.6900,7304.00,3
10483644,"K06225.01",,"FALSE POSITIVE",26.98,5.110771787,1048.0,0.8940,6029.00,1
4736569,"K01996.02",,"CANDIDATE",0.84,7.07394528,647.0,0.5610,4777.00,2
10601549,"K06226.01",,"FALSE POSITIVE",21.79,1.463773705,1329.0,0.6680,5446.00,1
10614158,"K06227.01",,"FALSE POSITIVE",52.74,4.46255312,1795.0,3.6190,4847.00,1
8505215,"K00099.02",,"FALSE POSITIVE",,79.87804945,,,,1
10662202,"K00750.03",,"CANDIDATE",1.45,14.516741,606.0,0.8280,4954.00,3
9008103,"K03283.02",,"CANDIDATE",1.34,20.5718107,498.0,0.7080,4922.00,1
6614926,"K06029.01",,"FALSE POSITIVE",26.36,3.026764871,1360.0,1.0100,6283.00,1
6628237,"K06030.01",,"FALSE POSITIVE",33.44,3.840130917,1205.0,1.0120,5931.00,1
6694186,"K06031.01",,"FALSE POSITIVE",31.71,5.554227226,930.0,0.8430,5433.00,1
6934587,"K06032.01",,"FALSE POSITIVE",59.12,1.570919281,1797.0,1.1620,6192.00,1
7219906,"K06033.01",,"FALSE POSITIVE",33.1,35.08976902,501.0,0.8460,5603.00,1
7257373,"K06034.01",,"FALSE POSITIVE",70.33,5.233450136,1050.0,0.9770,5841.00,1
7295570,"K06035.01",,"FALSE POSITIVE",66.94,3.6037011,1464.0,1.5470,5633.00,1
7362852,"K06036.01",,"FALSE POSITIVE",64.49,3.518356021,1266.0,0.9890,6201.00,1
5629353,"K06132.03",,"CANDIDATE",4.03,11.867172,1058.0,1.6510,6264.00,3
5641294,"K06133.01",,"FALSE POSITIVE",0.81,2.6160943,1744.0,1.4200,6645.00,2
5738698,"K06134.01",,"FALSE POSITIVE",79.72,2.404386969,1670.0,1.2100,6466.00,1
4078157,"K01319.02",,"CANDIDATE",2.76,142.685885,319.0,0.7990,5767.00,3
5768927,"K06135.01",,"FALSE POSITIVE",41.83,4.390513938,1401.0,1.4540,6081.00,1
5814635,"K06136.01",,"FALSE POSITIVE",,3.86963822,,,,1
5816144,"K06137.01",,"CANDIDATE",1.44,12.4970599,839.0,1.0210,6174.00,1
5816144,"K06137.02",,"FALSE POSITIVE",1.22,7.384681,1000.0,1.0210,6174.00,2
10717220,"K06228.01","Kepler-1644 b","CONFIRMED",1.88,21.0907909,606.0,0.8180,5723.00,1
10728219,"K06229.01",,"FALSE POSITIVE",306.28,3.371796653,1155.0,0.9120,5615.00,1
10735988,"K06230.01",,"FALSE POSITIVE",28.94,1.927177921,1219.0,0.7740,5193.00,1
8112324,"K07867.01",,"FALSE POSITIVE",38.24,0.575925434,1834.0,0.6830,5461.00,2
10971944,"K06231.01",,"FALSE POSITIVE",3.46,496.17566,358.0,1.9760,6643.00,2
10973583,"K06232.01",,"FALSE POSITIVE",30.76,6.256352128,918.0,0.8360,5772.00,1
10989274,"K06233.01","Kepler-1645 b","CONFIRMED",2.25,16.17803,754.0,1.0690,5929.00,1
11099351,"K06234.01",,"FALSE POSITIVE",92.61,2.37795507,2965.0,2.2860,9565.00,1
11147460,"K06235.01",,"FALSE POSITIVE",158.25,2.053866175,2528.0,4.0890,5051.00,1
10662202,"K00750.04",,"FALSE POSITIVE",0.9,36.5521313,361.0,0.5270,4722.00,3
11607193,"K00983.02",,"FALSE POSITIVE",73.82,5.177577252,1671.0,1.7960,7429.00,1
10743597,"K00989.04",,"FALSE POSITIVE",2.92,4.08029328,1044.0,0.8740,5619.00,2
4247991,"K02311.03","Kepler-1185 b","CONFIRMED",1.39,104.3519624,355.0,0.8700,5650.00,1
11968463,"K02433.06",,"CANDIDATE",1.64,6.06330298,1153.0,1.1530,6308.00,6
11968463,"K02433.07",,"CANDIDATE",2.85,86.431871,464.0,1.1120,6325.00,6
11074835,"K02533.03",,"CANDIDATE",2.38,26.1152887,898.0,2.9120,5190.00,2
8042747,"K07861.01",,"FALSE POSITIVE",2.1,469.52303,252.0,1.0350,6197.00,1
9008737,"K02768.03",,"FALSE POSITIVE",1.17,11.83271013,728.0,0.8590,5639.00,1
7373877,"K06037.01",,"FALSE POSITIVE",1.37,32.669962587,428.0,0.7410,4871.00,1
5792202,"K00841.04",,"CANDIDATE",24,269.306232,235.0,0.8170,5251.00,4
7436177,"K06038.01",,"FALSE POSITIVE",75.88,19.93364711,848.0,1.2900,6505.00,1
7537945,"K06039.01",,"FALSE POSITIVE",40.32,1.071911311,1809.0,0.9330,5885.00,1
7624297,"K06040.01",,"FALSE POSITIVE",31.77,18.019651402,544.0,0.6590,5278.00,1
8109692,"K07864.01",,"FALSE POSITIVE",3.76,117.934158,648.0,2.5970,6790.00,1
7695093,"K06041.01",,"FALSE POSITIVE",35.22,4.032762189,1173.0,0.9620,5960.00,1
7749318,"K06042.01",,"FALSE POSITIVE",88.22,2.371589507,1043.0,0.6010,5340.00,1
7777397,"K06043.01",,"FALSE POSITIVE",3.58,5.09112124,2044.0,3.2930,6705.00,1
5817566,"K06138.01",,"FALSE POSITIVE",172.66,4.206070484,2547.0,3.1850,8212.00,1
5952403,"K06139.01",,"FALSE POSITIVE",325.51,0.905677864,3989.0,7.5530,5037.00,1
6032730,"K06141.01",,"CANDIDATE",860.3,96.509214,787.0,2.9550,7343.00,3
6116172,"K06142.01",,"CANDIDATE",,69.64679311,,,,3
6116172,"K06142.02",,"CANDIDATE",2121,111.65546,579.0,1.8630,6967.00,4
6116172,"K06142.03",,"CANDIDATE",,86.13201864,,,,5
4150539,"K01330.02",,"FALSE POSITIVE",2.15,94.219289,285.0,0.6940,4641.00,3
6182093,"K06143.01",,"FALSE POSITIVE",5.37,297.113395,509.0,3.2060,6626.00,2
9839821,"K02012.02","Kepler-1052 c","CONFIRMED",2.3,180.921729,302.0,0.8480,5818.00,2
11252617,"K06236.01",,"FALSE POSITIVE",38.85,4.478116695,1218.0,1.0580,6304.00,1
8245108,"K07876.01",,"FALSE POSITIVE",0.42,0.579108481,1377.0,0.5010,4604.00,1
11252617,"K06236.02",,"FALSE POSITIVE",1.46,1.27620899,1851.0,1.0580,6304.00,3
11296437,"K06237.01",,"FALSE POSITIVE",2.2,528.50344,354.0,1.8740,7102.00,2
11296437,"K06237.02",,"CANDIDATE",,47.14404783,,,,3
11341164,"K06238.01",,"CANDIDATE",,197.05431574,,,,3
11462969,"K06239.01",,"CANDIDATE",1.77,406.496216,236.0,0.8840,5847.00,1
11462969,"K06239.02",,"CANDIDATE",,491.61516814,,,,2
7830321,"K06044.01",,"FALSE POSITIVE",31.12,2.027383251,1352.0,0.8750,5544.00,1
7841986,"K06045.01",,"FALSE POSITIVE",18.7,10.73370737,1171.0,2.0030,5971.00,1
7877820,"K06046.01",,"FALSE POSITIVE",60.59,9.449438672,1152.0,1.4310,6558.00,1
7914906,"K06047.01",,"FALSE POSITIVE",119.91,8.752913958,1635.0,2.6240,7279.00,1
5792202,"K00841.05",,"CANDIDATE",3.71,499.47338,191.0,0.8170,5251.00,5
8019043,"K06048.01",,"FALSE POSITIVE",105.22,1.985586627,2796.0,3.2190,6651.00,1
8023317,"K06049.01",,"FALSE POSITIVE",49.01,16.579028045,1062.0,2.3000,5870.00,1
8126531,"K07868.01",,"FALSE POSITIVE",14.87,513.42784,424.0,6.0650,4833.00,1
8121067,"K06050.01",,"FALSE POSITIVE",38.19,2.064900876,1357.0,0.9010,5714.00,1
6197038,"K06144.01",,"FALSE POSITIVE",182.09,9.751720174,1356.0,3.1450,5147.00,1
6221385,"K06145.01","Kepler-1641 b","CONFIRMED",4.07,19.672324,908.0,1.4850,6486.00,1
6221385,"K06145.02","Kepler-1641 c","CONFIRMED",3.73,32.657035,767.0,1.4850,6486.00,2
6221385,"K06145.03",,"CANDIDATE",2.73,7.3138454,1263.0,1.4850,6486.00,3
6362386,"K06146.01",,"FALSE POSITIVE",52.18,4.592401261,1678.0,1.7240,7201.00,1
8260269,"K07877.01",,"FALSE POSITIVE",1.1,6.70995253,1120.0,1.1310,6461.00,1
6449358,"K06147.01",,"FALSE POSITIVE",129.2,5.776794344,2249.0,3.6010,7666.00,1
6593968,"K06148.01",,"FALSE POSITIVE",,23.19923256,,,,4
6674908,"K06149.01",,"FALSE POSITIVE",1.06,0.503199724,1363.0,0.6300,4013.00,1
11516930,"K06240.01",,"FALSE POSITIVE",1.84,4.768540307,1010.0,0.8870,5491.00,1
11558882,"K06241.01",,"FALSE POSITIVE",89.96,73.91858615,484.0,1.0570,6300.00,1
11656928,"K06242.01",,"CANDIDATE",,212.43503674,,,,4
11566064,"K00353.03",,"CANDIDATE",1.97,11.1619384,1093.0,1.6400,6200.00,3
8042835,"K07862.01",,"FALSE POSITIVE",25.56,2.38793696,1674.0,1.1610,6769.00,1
2853780,"K02081.02",,"FALSE POSITIVE",4.91,589.17968,330.0,3.1520,5295.00,2
11656928,"K06242.02",,"CANDIDATE",,76.83994597,,,,5
11656928,"K06242.03",,"CANDIDATE",1.3,78.86684,573.0,1.3810,6907.00,6
11673686,"K06243.01",,"FALSE POSITIVE",32.36,4.618767943,1565.0,1.7810,6195.00,1
8153568,"K06051.01",,"FALSE POSITIVE",221.55,3.60727417,1833.0,1.7850,7026.00,1
8167938,"K06052.01",,"FALSE POSITIVE",180.8,2.565717939,4607.0,4.7120,11360.00,1
8167978,"K06053.01",,"FALSE POSITIVE",32.56,22.05274533,552.0,0.7410,5510.00,1
8168581,"K06054.01",,"FALSE POSITIVE",31.58,2.881338104,1206.0,0.8800,5783.00,1
8230809,"K06055.01",,"FALSE POSITIVE",16.73,4.078355243,1113.0,0.8670,5872.00,1
8364115,"K06056.01",,"FALSE POSITIVE",21.3,7.73590441,884.0,0.8600,5927.00,1
8458207,"K06057.01",,"FALSE POSITIVE",35.71,3.530164642,1465.0,1.3440,6208.00,1
7825899,"K00896.03",,"CANDIDATE",1.51,28.8672107,493.0,0.8370,5191.00,3
6946681,"K06150.01",,"CANDIDATE",,48.9528113,,,,3
4150624,"K01334.02",,"FALSE POSITIVE",1.93,94.225938,348.0,0.8520,5421.00,3
6946708,"K06151.01",,"CANDIDATE",1.36,431.78556,211.0,0.7470,5642.00,1
6967278,"K06152.01",,"FALSE POSITIVE",230.33,395.07333,1406.0,98.3800,3599.00,2
7108433,"K06153.01",,"FALSE POSITIVE",128.17,1.51918335,2517.0,1.6980,7426.00,1
7119080,"K06154.01",,"FALSE POSITIVE",,13.59940118,,,,1
7129465,"K06155.01",,"FALSE POSITIVE",61.16,2.745910734,1221.0,0.9600,5372.00,1
7174617,"K06156.01",,"FALSE POSITIVE",19.36,1.608363345,1133.0,0.5890,5022.00,1
11724210,"K06244.01",,"FALSE POSITIVE",29.32,5.746017234,1042.0,0.9600,5940.00,1
11775507,"K06245.01",,"CANDIDATE",1.67,144.102562,437.0,1.2600,6528.00,2
11775507,"K06245.02",,"CANDIDATE",1.77,112.317402,475.0,1.2600,6528.00,3
11856178,"K06246.01",,"CANDIDATE",1.48,9.13315062,900.0,0.9640,6122.00,1
11867071,"K06247.01",,"FALSE POSITIVE",28.11,3.963787093,1389.0,1.1800,6617.00,1
11975363,"K06248.01",,"FALSE POSITIVE",66.06,1.759208679,1475.0,0.9610,5721.00,1
12207117,"K06249.01",,"FALSE POSITIVE",,1.6031794,,,,1
6768394,"K02086.04",,"CANDIDATE",1.83,335.56311,333.0,1.4480,6200.00,4
8580438,"K06058.01",,"FALSE POSITIVE",32.33,6.496031958,957.0,0.9880,5516.00,1
8581232,"K06059.01",,"FALSE POSITIVE",9.96,4.012537983,765.0,0.6300,4483.00,1
8655458,"K06060.01",,"FALSE POSITIVE",26.11,1.594162001,1419.0,0.8850,5388.00,1
8695779,"K06061.01",,"FALSE POSITIVE",22.09,10.238939876,1190.0,1.8070,6244.00,1
8953059,"K06062.01",,"FALSE POSITIVE",23.34,5.499941387,1202.0,1.1570,6435.00,1
9048145,"K06063.01",,"FALSE POSITIVE",37.51,8.667826242,1225.0,1.5380,6712.00,1
9214712,"K06064.01",,"FALSE POSITIVE",33.81,265.2996227,270.0,0.8630,5873.00,1
9214715,"K06065.01",,"FALSE POSITIVE",25.56,265.2999623,296.0,0.9970,6108.00,1
7190639,"K06157.01",,"FALSE POSITIVE",1.97,98.1020983,525.0,1.4270,6669.00,2
7198881,"K06158.01",,"FALSE POSITIVE",3.73,182.467019,364.0,1.1670,6299.00,1
7198881,"K06158.02",,"FALSE POSITIVE",,126.57837267,,,,2
7422883,"K06159.01",,"FALSE POSITIVE",44.08,11.41437505,1128.0,1.5200,6826.00,1
10545066,"K00337.02",,"CANDIDATE",1.56,154.607419,340.0,0.9310,6017.00,2
7663405,"K01519.02",,"CANDIDATE",1.81,57.132855,414.0,0.9040,5157.00,2
7464205,"K06160.01",,"FALSE POSITIVE",1.13,151.31847,373.0,1.0850,6003.00,2
7622059,"K06161.01",,"FALSE POSITIVE",51.47,10.4032399,1104.0,1.4360,6428.00,1
12367464,"K06250.01",,"FALSE POSITIVE",32.99,1.853209359,2100.0,1.7160,6384.00,1
12470041,"K06251.01",,"FALSE POSITIVE",145.18,14.66769462,1552.0,3.2260,7517.00,1
11358389,"K02163.03",,"CANDIDATE",1.59,28.2251049,625.0,1.0210,6014.00,3
5706595,"K02183.03",,"CANDIDATE",2.26,150.381954,325.0,0.9540,5569.00,3
12885212,"K02184.02",,"CANDIDATE",2.17,95.906433,288.0,0.7360,4620.00,2
8179286,"K07869.01",,"FALSE POSITIVE",1.03,11.4132144,925.0,1.1550,6188.00,1
3548044,"K02194.03",,"CANDIDATE",1.37,445.21685,237.0,0.9500,5670.00,3
2581191,"K02203.02",,"FALSE POSITIVE",2.29,172.178768,349.0,1.0090,6208.00,2
8168187,"K02209.02",,"CANDIDATE",2.18,35.502865,724.0,1.8390,5528.00,2
9221398,"K06066.01",,"FALSE POSITIVE",25.33,13.787520532,921.0,1.2890,6399.00,1
9411317,"K06067.01",,"FALSE POSITIVE",23.96,8.2904597,594.0,0.5660,4601.00,1
9605514,"K00945.03",,"CANDIDATE",2.07,66.789347,490.0,1.0310,6297.00,3
9418619,"K06068.01",,"CANDIDATE",100.03,6.150251376,2251.0,2.8670,8914.00,1
9532123,"K06069.01",,"FALSE POSITIVE",42.29,8.214204254,798.0,0.7740,5654.00,1
9549471,"K06070.01",,"FALSE POSITIVE",10.85,15.71377375,728.0,0.9600,5812.00,1
9649222,"K06071.01",,"FALSE POSITIVE",29.98,5.918619554,1009.0,0.9710,5957.00,1
9664215,"K06072.01",,"FALSE POSITIVE",38.37,3.319523463,1108.0,0.7910,5761.00,1
7750740,"K06162.01",,"FALSE POSITIVE",59.2,5.874197307,1112.0,1.0830,6103.00,1
7779942,"K06163.01",,"FALSE POSITIVE",3.47,19.7959731,1014.0,1.8760,6731.00,1
7835312,"K06164.01",,"CANDIDATE",1.84,29.5126153,678.0,1.3510,5746.00,1
7835312,"K06164.02",,"FALSE POSITIVE",,209.00055019,,,,2
7838906,"K06165.01",,"FALSE POSITIVE",1192.79,5.614892073,4097.0,35.6950,4289.00,1
7908367,"K06166.01","Kepler-1642 b","CONFIRMED",5.41,12.2064304,895.0,1.5140,5254.00,2
7908367,"K06166.02","Kepler-1642 c","CONFIRMED",4.81,6.6513189,1095.0,1.5140,5254.00,1
7940533,"K06167.01",,"FALSE POSITIVE",21.37,3.905532605,1017.0,0.7980,5495.00,1
4142847,"K02210.02","Kepler-1143 c","CONFIRMED",3.23,210.631486,234.0,0.7590,4895.00,1
9221517,"K02281.02",,"CANDIDATE",1.54,455.27405,196.0,0.8180,5178.00,2
11623629,"K00365.02",,"CANDIDATE",0.62,117.761,337.0,0.8500,5564.00,2
10730703,"K02327.02",,"CANDIDATE",1.39,46.331703,441.0,0.8150,5477.00,2
4665571,"K02393.02","Kepler-1834 c","CONFIRMED",1.22,0.766691517,1541.0,0.7880,4821.00,1
6364215,"K02404.02",,"FALSE POSITIVE",1.11,5.2438528,1016.0,0.9180,5815.00,1
7047363,"K02432.02",,"FALSE POSITIVE",,93.6273251,,,,2
7289317,"K02450.02",,"CANDIDATE",1.12,7.1931193,916.0,1.0080,5518.00,2
9714358,"K06073.01",,"FALSE POSITIVE",28.96,6.474202359,717.0,0.6240,4947.00,1
9851123,"K06074.01",,"FALSE POSITIVE",4.13,8.4803048,777.0,0.8120,5478.00,1
9966115,"K06075.01",,"FALSE POSITIVE",45.87,8.947426242,1141.0,1.5060,6297.00,1
10026458,"K06076.01",,"FALSE POSITIVE",35.54,9.93443795,830.0,0.9980,5763.00,1
10139305,"K06077.01",,"FALSE POSITIVE",23.51,2.173552528,1025.0,0.5940,5008.00,1
7375348,"K00266.02",,"CANDIDATE",1.74,47.7439509,575.0,1.2920,5949.00,2
1432789,"K00992.02",,"CANDIDATE",1.44,4.57834367,1206.0,1.2200,5782.00,2
10288922,"K06078.01",,"FALSE POSITIVE",42.27,10.157715971,853.0,0.9860,5993.00,1
12266636,"K01522.02",,"CANDIDATE",1.02,12.654896,801.0,1.0220,5833.00,2
7974634,"K06168.01",,"CANDIDATE",1.59,131.258668,433.0,1.2480,6443.00,2
8182107,"K07870.01",,"CANDIDATE",2.1,92.552007,440.0,1.2200,5808.00,1
7974634,"K06168.02",,"CANDIDATE",1.09,75.072964,522.0,1.2480,6443.00,3
7974634,"K06168.03",,"FALSE POSITIVE",1.94,404.701927,298.0,1.2480,6443.00,4
8043882,"K06169.01",,"FALSE POSITIVE",1.07,0.779609509,2097.0,1.0700,5899.00,1
8058507,"K06170.01",,"FALSE POSITIVE",,15.80529628,,,,2
8095099,"K06171.01",,"FALSE POSITIVE",64.15,2.103239235,1470.0,0.9650,6074.00,1
8163784,"K06172.01",,"CANDIDATE",1.18,31.8134892,496.0,0.7760,5505.00,2
2305866,"K02610.02",,"CANDIDATE",4.02,115.230655,632.0,2.5170,6585.00,2
12206313,"K02714.03","Kepler-401 d","CONFIRMED",2.57,184.262741,380.0,1.2910,6115.00,3
5184911,"K02719.02",,"CANDIDATE",1.5,106.25976,303.0,0.8230,4827.00,2
6436029,"K02828.02",,"CANDIDATE",3.46,505.462916,181.0,0.8330,4817.00,2
7767162,"K02869.02",,"CANDIDATE",2.16,274.743032,330.0,1.2070,6277.00,2
9478990,"K00423.02",,"CANDIDATE",11943.8,360.477635,339.0,1.5220,6266.00,2
10793172,"K02871.03",,"CANDIDATE",0.75,18.0811429,638.0,0.8560,5693.00,3
10122538,"K02926.03","Kepler-1388 d","CONFIRMED",2.38,20.9569985,363.0,0.5640,3891.00,3
10659313,"K06079.01",,"FALSE POSITIVE",45.92,15.249335907,875.0,1.1890,6385.00,1
10710755,"K06080.01",,"FALSE POSITIVE",26.15,4.816610903,1050.0,0.9040,5796.00,1
10727668,"K06081.01",,"FALSE POSITIVE",39.04,2.305903447,3147.0,2.4920,9696.00,1
10735519,"K06082.01",,"FALSE POSITIVE",426.98,1.814128042,3773.0,12.8990,4822.00,1
8197767,"K07871.01",,"FALSE POSITIVE",18.39,1.247121237,1237.0,0.6510,4852.00,2
10935310,"K06083.01",,"FALSE POSITIVE",52,4.128795314,1244.0,1.0830,5949.00,1
11021252,"K06084.01",,"FALSE POSITIVE",164.61,3.269176601,1349.0,1.0150,6372.00,1
11404644,"K06085.01",,"CANDIDATE",25.8,5.902596818,1123.0,1.0940,6184.00,1
11408935,"K06086.01",,"FALSE POSITIVE",17.09,15.995094054,676.0,0.8050,5899.00,1
8165617,"K06173.01",,"CANDIDATE",1.54,214.013044,397.0,1.3700,6698.00,5
8181016,"K06174.01",,"FALSE POSITIVE",7.27,0.70914232,1685.0,0.6930,5350.00,1
8197761,"K06175.01",,"FALSE POSITIVE",21.68,9.86869589,1332.0,1.7170,7301.00,1
4840513,"K01541.02",,"FALSE POSITIVE",,66.34455122,,,,3
8223568,"K06176.01",,"CANDIDATE",1.48,143.09688,441.0,1.3100,6725.00,2
8223568,"K06176.02",,"CANDIDATE",,73.4567573,,,,3
8265156,"K06177.01",,"FALSE POSITIVE",1.04,0.978362973,2772.0,1.6710,7193.00,2
8355178,"K06178.01",,"CANDIDATE",1.64,13.0327301,809.0,0.9960,6122.00,1
10122538,"K02926.04","Kepler-1388 e","CONFIRMED",2.25,37.6333868,299.0,0.5640,3891.00,4
4770174,"K02971.02",,"CANDIDATE",1.65,31.9533679,725.0,1.4670,6313.00,2
9838804,"K03028.02",,"CANDIDATE",2.11,458.16754,208.0,0.8160,5536.00,2
9020114,"K03088.02",,"CANDIDATE",1.92,67.8766605,455.0,0.9750,6018.00,2
6609270,"K03090.02",,"FALSE POSITIVE",8.02,15.0367776,381.0,0.5140,3729.00,2
7983117,"K03214.02",,"CANDIDATE",1.35,25.0901574,852.0,1.7880,6033.00,2
11125797,"K03371.02","Kepler-1482 b","CONFIRMED",1,12.25384348,678.0,0.8200,5413.00,2
9966219,"K03401.02",,"CANDIDATE",2.2,326.6708,283.0,1.0720,5896.00,1
11974540,"K00129.02",,"CANDIDATE",,143.21109362,,,,2
7219825,"K00238.03",,"CANDIDATE",1.96,362.97828,296.0,1.2160,6086.00,2
9958962,"K00593.04",,"CANDIDATE",2.68,240.192808,298.0,0.9770,6004.00,4
11519226,"K06087.01",,"FALSE POSITIVE",69.44,22.16127178,877.0,1.7450,5893.00,1
1718189,"K00993.03",,"CANDIDATE",1.43,86.723653,391.0,0.8760,5830.00,3
11756821,"K06088.01",,"FALSE POSITIVE",9.55,2.745121487,893.0,0.6580,4608.00,1
11769146,"K06089.01",,"FALSE POSITIVE",71.61,282.9656538,280.0,0.9590,5999.00,1
11812199,"K06090.01",,"FALSE POSITIVE",36.96,37.32030954,538.0,0.9400,5910.00,1
8263187,"K07878.01",,"CANDIDATE",15.41,36.566324,828.0,2.8840,5294.00,1
11826400,"K06091.01",,"FALSE POSITIVE",50.78,5.889372452,1695.0,2.0710,7249.00,1
12010534,"K06092.01",,"FALSE POSITIVE",40.94,2.581595167,1328.0,0.9890,5720.00,1
2019477,"K06093.01",,"CANDIDATE",3.86,20.5736113,1197.0,4.5240,5440.00,1
7116117,"K03163.01",,"FALSE POSITIVE",0.54,0.566801886,3862.0,2.1690,7589.00,1
7868092,"K03169.01",,"FALSE POSITIVE",1.28,180.71809,546.0,1.9910,7608.00,
3337061,"K03172.01",,"FALSE POSITIVE",39.06,6.5583706,1283.0,1.6060,6144.00,1
9826171,"K03173.01",,"FALSE POSITIVE",1.59,434.39148,236.0,0.8680,5971.00,
3936658,"K03180.01",,"FALSE POSITIVE",,71.1577054,,,,
4577484,"K03181.01",,"FALSE POSITIVE",1.32,73.26417,584.0,2.1100,5424.00,
4735826,"K03184.02","Kepler-1972 c","CONFIRMED",0.91,11.3220104,1215.0,2.1930,6003.00,
5005618,"K03186.01",,"FALSE POSITIVE",61.52,681.9363102,220.0,1.0350,6095.00,
4663658,"K03187.01",,"FALSE POSITIVE",1,0.705891195,4884.0,2.4490,10346.00,1
10467815,"K03191.01",,"FALSE POSITIVE",3.17,377.88909,606.0,3.2180,9030.00,
10847721,"K03192.01",,"FALSE POSITIVE",2.36,199.21638,706.0,2.8670,8914.00,
10118942,"K03195.01",,"FALSE POSITIVE",3.02,121.70747,580.0,2.2700,6362.00,
9471539,"K03198.01",,"FALSE POSITIVE",115.4,273.528359,557.0,2.7830,7682.00,
5482603,"K03199.01",,"FALSE POSITIVE",0.78,3.88258905,1158.0,1.0000,5780.00,1
2305819,"K03201.01",,"FALSE POSITIVE",0.83,135.57186,439.0,1.2770,6070.00,
9518710,"K03207.01",,"CANDIDATE",2.27,0.954388314,3406.0,2.7850,7056.00,1
10284575,"K03210.01",,"FALSE POSITIVE",30.29,173.06929,518.0,1.8180,7296.00,
3342952,"K03215.01",,"FALSE POSITIVE",0.48,1.039046871,1774.0,0.9760,5689.00,1
10338624,"K03222.01",,"FALSE POSITIVE",1.34,0.607538435,3219.0,1.6910,7076.00,2
5307990,"K03228.01",,"FALSE POSITIVE",1.14,0.98762513,3728.0,2.0220,9456.00,1
2142501,"K03233.01",,"FALSE POSITIVE",,113.0707574,,,,
2713018,"K03235.01",,"FALSE POSITIVE",0.98,66.713573,555.0,1.1820,6745.00,
8413968,"K03251.01",,"FALSE POSITIVE",0.92,135.223193,417.0,1.2270,6181.00,
9008103,"K03283.01",,"FALSE POSITIVE",,195.7093855,,,,
4376629,"K03378.01",,"FALSE POSITIVE",23.04,27.6775212,558.0,0.8280,5797.00,1
3958301,"K03381.01",,"FALSE POSITIVE",2.21,35.2340413,602.0,1.0140,6295.00,
8211605,"K03405.01",,"FALSE POSITIVE",24.76,20.9794338,520.0,0.6660,5182.00,1
11098573,"K03406.01",,"FALSE POSITIVE",1.99,15.6937855,755.0,1.0370,5868.00,
7289338,"K03420.01",,"CANDIDATE",1.87,5.77451117,1232.0,1.4920,5821.00,2
9837586,"K03442.01",,"FALSE POSITIVE",54.58,20.73376301,663.0,1.0000,5780.00,1
6021655,"K03488.01",,"FALSE POSITIVE",2.14,63.571688,399.0,0.8190,5504.00,
8308682,"K03507.01",,"FALSE POSITIVE",2.08,338.20075,223.0,0.8110,5381.00,
11442793,"K00351.07","Kepler-90 f","CONFIRMED",3.37,124.922516,407.0,1.2000,5970.00,5
3344427,"K03764.01",,"FALSE POSITIVE",235.58,1.303570451,2720.0,3.5840,4884.00,1
6205481,"K03774.01",,"FALSE POSITIVE",22.78,3.72277264,945.0,0.6880,5333.00,
4474637,"K03829.01",,"FALSE POSITIVE",61.58,3.886730304,1158.0,1.0000,5780.00,1
8435232,"K03833.01",,"FALSE POSITIVE",5.01,49.5740154,280.0,0.5270,4040.00,1
6462874,"K01231.02",,"FALSE POSITIVE",1.67,10.42360821,515.0,0.5800,4260.00,3
8218379,"K01920.02",,"CANDIDATE",0.74,10.1384691,723.0,0.7790,5483.00,2
11450414,"K01992.03","Kepler-347 d","CONFIRMED",3.04,85.517344,482.0,1.4510,5592.00,3
5217733,"K03155.01",,"FALSE POSITIVE",59.07,161.2529031,652.0,1.8700,9341.00,1
4150611,"K03156.01",,"FALSE POSITIVE",27.81,0.761119678,2977.0,1.5010,6911.00,4
4150611,"K03156.04",,"FALSE POSITIVE",35.89,94.212787,597.0,1.5010,6911.00,3
5706592,"K06618.01",,"CANDIDATE",0.94,8.6040858,947.0,0.9860,6250.00,1
5716244,"K06619.01",,"FALSE POSITIVE",24.3,1.330333096,1634.0,0.9060,5984.00,1
5725851,"K06620.01",,"FALSE POSITIVE",126.77,1.140133012,4370.0,5.9700,6715.00,1
5731312,"K06621.01",,"FALSE POSITIVE",36.01,7.946367138,629.0,0.5730,4789.00,1
5735878,"K06622.01",,"FALSE POSITIVE",61.35,16.832079803,1243.0,2.7550,6300.00,1
5736461,"K06623.01",,"FALSE POSITIVE",44.48,7.346159047,835.0,0.8100,5616.00,1
5737869,"K06624.01",,"FALSE POSITIVE",1.16,26.2402438,583.0,0.8750,5649.00,1
5771589,"K06625.01",,"FALSE POSITIVE",6.96,10.738427243,1137.0,1.6860,6180.00,1
8364232,"K07882.01",,"CANDIDATE",1.31,65.415183,295.0,0.6460,4348.00,1
6670742,"K06753.01",,"CANDIDATE",13.11,72.28198,984.0,3.6270,7694.00,3
6672229,"K06754.01",,"FALSE POSITIVE",63.78,23.832382513,623.0,1.0000,5722.00,1
6676725,"K06755.01",,"FALSE POSITIVE",1.01,1.428766771,1737.0,1.0350,6197.00,1
6695622,"K06756.01",,"FALSE POSITIVE",1.38,14.5567427,783.0,0.9930,6153.00,1
6695889,"K06757.01",,"FALSE POSITIVE",47.63,1.106560721,1782.0,0.8730,6205.00,1
6697716,"K06758.01",,"FALSE POSITIVE",40.61,0.721624431,1604.0,0.7150,5067.00,1
6697976,"K06759.01",,"CANDIDATE",,371.70965709,,,,1
6698670,"K06760.01",,"FALSE POSITIVE",32.48,10.81589054,1086.0,1.5080,6269.00,1
7541746,"K06886.01",,"FALSE POSITIVE",,4.1747072,,,,1
7584778,"K06887.01",,"FALSE POSITIVE",0.77,0.622303871,2032.0,0.8530,5672.00,1
7588436,"K06888.01",,"FALSE POSITIVE",0.84,23.3924063,701.0,1.0500,6221.00,1
7592529,"K06889.01",,"CANDIDATE",0.63,75.906736,507.0,1.2060,6140.00,1
7592922,"K06890.01",,"CANDIDATE",0.72,2.15888911,1130.0,0.7130,5269.00,1
7597703,"K06891.01",,"FALSE POSITIVE",48.72,4.608901433,1007.0,0.7550,5938.00,1
7602351,"K06892.01",,"CANDIDATE",1.87,17.5806026,816.0,1.3580,5839.00,1
7605600,"K06893.01",,"FALSE POSITIVE",14.72,3.326193904,521.0,0.3490,3520.00,1
8312222,"K07017.01",,"FALSE POSITIVE",44.29,12.823275455,743.0,0.8260,5973.00,1
8314801,"K07018.01",,"FALSE POSITIVE",55,37.183276326,594.0,1.1680,5657.00,1
8316503,"K07019.01",,"FALSE POSITIVE",60.35,5.065329723,1315.0,1.2860,6350.00,1
8330575,"K07020.01",,"FALSE POSITIVE",72.76,0.957079167,2441.0,1.4680,6367.00,1
8345358,"K07021.01",,"FALSE POSITIVE",46.72,9.380632783,846.0,0.9130,5926.00,1
8358008,"K07022.01",,"FALSE POSITIVE",30.11,10.064687893,679.0,0.7050,5185.00,1
8362974,"K07023.01",,"CANDIDATE",0.72,2.71772323,1123.0,0.8740,5135.00,1
8364119,"K07024.01",,"FALSE POSITIVE",50.46,7.73591011,806.0,0.7630,5623.00,1
9278021,"K07152.01",,"FALSE POSITIVE",129.93,3.359470825,2421.0,3.5140,6587.00,1
9284741,"K07153.01",,"FALSE POSITIVE",53.87,20.729255112,567.0,0.8020,5256.00,1
9286728,"K07154.01",,"FALSE POSITIVE",0.62,3.04459739,1076.0,0.7530,5525.00,1
9291368,"K07155.01",,"FALSE POSITIVE",232.39,3.796448299,2577.0,3.0700,8117.00,1
9291368,"K07155.02",,"FALSE POSITIVE",159.34,3.79654367,2577.0,3.0700,8117.00,2
9291748,"K07156.01",,"FALSE POSITIVE",93.94,15.926990634,566.0,0.6500,5191.00,1
9301564,"K07157.01",,"CANDIDATE",1.17,23.9830523,718.0,1.2920,5696.00,2
9304561,"K07158.01",,"FALSE POSITIVE",2.48,1.219049953,2948.0,3.3740,5742.00,1
9328852,"K07159.01",,"FALSE POSITIVE",51.1,0.64585177,1234.0,0.4630,4399.00,2
10089123,"K07283.01",,"CANDIDATE",1.69,134.413808,391.0,1.1870,6013.00,1
10091257,"K07284.01",,"FALSE POSITIVE",40.15,1.70192371,1704.0,1.2620,5826.00,1
10093664,"K07285.01",,"FALSE POSITIVE",0.97,1.20693963,2847.0,2.0410,7331.00,1
10095512,"K07286.01",,"FALSE POSITIVE",56.15,3.008602107,1343.0,1.0260,6033.00,1
10098534,"K07287.01",,"FALSE POSITIVE",1.4,41.81145,483.0,0.8120,5593.00,1
10129482,"K07288.01",,"FALSE POSITIVE",30.8,0.846291334,1243.0,0.5260,4627.00,1
10155080,"K07289.01",,"FALSE POSITIVE",58.77,1.930451347,1623.0,1.1680,6154.00,1
10156064,"K07290.01",,"FALSE POSITIVE",108.33,2.427967843,2275.0,1.9210,7652.00,1
8555967,"K07894.01",,"CANDIDATE",1.62,347.97611,253.0,0.8780,5995.00,1
11198723,"K07417.01",,"FALSE POSITIVE",62.08,6.840305932,945.0,0.9080,5970.00,1
11199725,"K07418.01",,"FALSE POSITIVE",21.22,1.032967155,5990.0,18.9590,5283.00,1
11200773,"K07419.01",,"FALSE POSITIVE",36.91,2.489550708,1281.0,0.7940,6018.00,1
11228612,"K07420.01",,"FALSE POSITIVE",70.52,2.980479588,1370.0,1.0470,6065.00,1
11232745,"K07421.01",,"FALSE POSITIVE",43.45,4.81712182,922.0,0.7950,5419.00,1
11233911,"K07422.01",,"FALSE POSITIVE",35.62,2.479948394,1169.0,0.8220,5391.00,1
11234677,"K07423.01",,"FALSE POSITIVE",37.64,1.58742695,1893.0,1.2410,6440.00,1
11235323,"K07424.01",,"FALSE POSITIVE",42.91,19.668404822,555.0,0.7170,5260.00,1
3765917,"K04526.02",,"CANDIDATE",2.09,11.8187288,919.0,1.3280,5803.00,2
3547760,"K04535.02",,"CANDIDATE",0.78,5.78901936,849.0,0.7480,5289.00,2
8652360,"K04562.02",,"FALSE POSITIVE",0.68,0.968065631,1487.0,0.6870,5367.00,1
5476671,"K04598.02",,"FALSE POSITIVE",18.2,0.824181335,1912.0,0.8830,5977.00,1
11290515,"K04716.02",,"CANDIDATE",,12.26708306,,,,2
4919550,"K04766.02",,"FALSE POSITIVE",0.69,2.45261841,1108.0,0.7510,5216.00,2
8216763,"K04838.02",,"CANDIDATE",7.62,6.33342309,625.0,0.6130,4352.00,3
6767227,"K04871.02",,"CANDIDATE",0.76,5.522479,1288.0,1.2470,6532.00,2
8094120,"K04881.02",,"FALSE POSITIVE",1.16,0.706423768,2845.0,1.5850,6514.00,1
3854496,"K06368.01",,"CANDIDATE",1.78,9.4588054,943.0,1.0660,6247.00,1
3858757,"K06369.01",,"FALSE POSITIVE",2.06,25.9534494,554.0,0.8600,5591.00,1
3858767,"K06370.01",,"FALSE POSITIVE",0.66,3.49550335,1081.0,0.8500,5582.00,1
3858884,"K06371.01",,"FALSE POSITIVE",123.34,25.95193721,904.0,1.7290,6569.00,1
3936061,"K06372.01",,"CANDIDATE",1.11,71.008017,419.0,0.8490,5847.00,1
3938073,"K06373.01",,"FALSE POSITIVE",93.29,31.024310431,783.0,1.7410,6011.00,1
3972391,"K06374.01",,"FALSE POSITIVE",0.58,0.634131057,2488.0,1.1090,6428.00,1
3972432,"K06375.01",,"CANDIDATE",0.97,2.90805147,1220.0,0.8690,5889.00,1
3973002,"K06376.01",,"FALSE POSITIVE",45.85,1.992098705,1435.0,0.9000,6024.00,1
5025217,"K06496.01",,"FALSE POSITIVE",5.86,1.78752921,3868.0,7.3420,6286.00,1
5025234,"K06497.01",,"FALSE POSITIVE",1.26,1.77555333,1786.0,1.1380,6594.00,2
5025294,"K06498.01",,"FALSE POSITIVE",36.25,5.462689263,1024.0,0.8880,5929.00,1
5026187,"K06499.01",,"FALSE POSITIVE",95.86,3.58966681,2410.0,3.8370,6564.00,1
5031804,"K06500.01",,"FALSE POSITIVE",4.25,1.37347867,2505.0,1.7530,6877.00,2
5031882,"K06501.01",,"FALSE POSITIVE",1.94,1.00960235,2885.0,2.4120,6028.00,1
5036516,"K06502.01",,"FALSE POSITIVE",64.99,1.060996585,1968.0,1.3480,5433.00,1
5036530,"K06503.01",,"FALSE POSITIVE",3.27,2.735152701,1679.0,1.5230,6333.00,1
5781192,"K06626.01",,"FALSE POSITIVE",51.89,9.459993213,766.0,0.8290,5569.00,1
5802285,"K06627.01",,"FALSE POSITIVE",26.71,1.208524388,1286.0,0.7010,4963.00,1
5802470,"K06628.01",,"FALSE POSITIVE",47.49,3.79187443,1004.0,0.7230,5622.00,1
5807579,"K06629.01",,"FALSE POSITIVE",90.67,17.844323157,874.0,1.4850,5993.00,1
5809372,"K06630.01",,"FALSE POSITIVE",12.35,34.6506368,1191.0,4.1850,6681.00,1
5860347,"K06631.01",,"CANDIDATE",0.48,2.56271232,1171.0,0.8990,5190.00,1
5871918,"K06632.01",,"FALSE POSITIVE",34.94,12.643303542,443.0,0.5620,3977.00,1
5894825,"K06633.01",,"FALSE POSITIVE",31.28,1.36293943,2630.0,2.1060,6831.00,1
8374394,"K07883.01",,"FALSE POSITIVE",14.63,185.103836,670.0,6.2260,4992.00,1
6706287,"K06761.01",,"FALSE POSITIVE",64.84,1.267693801,1606.0,0.9610,5446.00,1
6715997,"K06762.01",,"CANDIDATE",0.98,15.08186,758.0,1.0120,5794.00,1
6763884,"K06763.01",,"CANDIDATE",0.56,2.44693823,1379.0,1.0330,5821.00,1
6766748,"K06764.01",,"FALSE POSITIVE",75.09,7.002865192,1197.0,1.2160,6818.00,1
6768616,"K06765.01",,"CANDIDATE",1.3,13.05609,814.0,0.9940,6078.00,1
6774408,"K06766.01",,"FALSE POSITIVE",0.35,0.85450941,1928.0,0.9210,5922.00,1
6778289,"K06767.01",,"FALSE POSITIVE",83.75,30.130130001,753.0,1.3470,6674.00,1
6781047,"K06768.01",,"FALSE POSITIVE",,7.0435762,,,,1
6781535,"K06769.01",,"FALSE POSITIVE",52.66,9.12208711,904.0,1.0390,5857.00,1
8440062,"K07886.01",,"FALSE POSITIVE",3.35,366.71923,383.0,2.0490,6295.00,1
7622072,"K06894.01",,"FALSE POSITIVE",51.6,6.373454978,1169.0,1.2540,5953.00,1
7630658,"K06895.01",,"FALSE POSITIVE",69.11,1.075577069,2094.0,1.2670,6011.00,1
7631194,"K06896.01",,"FALSE POSITIVE",14.74,0.811390968,5043.0,12.4870,4994.00,1
7662209,"K06897.01",,"FALSE POSITIVE",1,14.6494599,574.0,0.6880,5017.00,1
7663804,"K06898.01",,"FALSE POSITIVE",3.7,321.00742,351.0,2.0040,5258.00,1
7668648,"K06899.01",,"FALSE POSITIVE",50,27.81892382,610.0,0.9150,6126.00,1
7670485,"K06900.01",,"FALSE POSITIVE",43.98,8.467706136,844.0,0.8430,5873.00,1
7670617,"K06901.01",,"FALSE POSITIVE",30.13,24.70361995,464.0,0.6500,5030.00,1
8367298,"K07025.01",,"FALSE POSITIVE",16.17,5.1348689,1040.0,1.0010,5515.00,1
8374499,"K07026.01",,"FALSE POSITIVE",51.51,5.251918489,1060.0,0.9190,6099.00,1
8378656,"K07027.01",,"FALSE POSITIVE",40.08,3.62944008,1351.0,1.0930,6284.00,1
8378922,"K07028.01",,"FALSE POSITIVE",62.75,43.263305017,505.0,0.9170,5623.00,1
8379547,"K07029.01",,"FALSE POSITIVE",23.94,6.042029838,729.0,0.5870,5030.00,1
8381592,"K07030.01",,"FALSE POSITIVE",47.55,2.892087553,1225.0,0.9240,5622.00,1
8382339,"K07031.01",,"FALSE POSITIVE",31.78,5.40597608,2818.0,15.3550,4840.00,1
8394475,"K07032.01",,"CANDIDATE",0.61,3.64049242,1136.0,0.9360,5745.00,1
8398290,"K07033.01",,"FALSE POSITIVE",1.58,0.510804497,3622.0,2.1760,6596.00,1
9328864,"K07160.01",,"FALSE POSITIVE",0.69,0.645850521,1941.0,0.9110,5381.00,1
9334490,"K07161.01",,"FALSE POSITIVE",5.35,18.84497113,552.0,0.6950,5220.00,1
9340411,"K07162.01",,"CANDIDATE",2.02,5.1581317,1642.0,3.3550,5155.00,1
9344623,"K07163.01",,"FALSE POSITIVE",76.06,14.759477667,862.0,1.1050,6522.00,1
9353182,"K07164.01",,"FALSE POSITIVE",54.13,10.476258265,1077.0,1.5360,6109.00,1
9357275,"K07165.01",,"FALSE POSITIVE",120,1.588298157,2773.0,2.0940,7742.00,1
9357375,"K07166.01",,"FALSE POSITIVE",0.47,1.58826263,862.0,0.5440,3931.00,1
9392702,"K07167.01",,"FALSE POSITIVE",42.54,3.909314318,1364.0,1.1430,6425.00,1
9394920,"K07168.01",,"FALSE POSITIVE",,1.38385822,,,,1
8524110,"K07891.01",,"FALSE POSITIVE",0.54,0.79708975,2262.0,1.1960,6056.00,1
10163067,"K07291.01",,"CANDIDATE",3.37,25.9136674,966.0,2.3460,6167.00,1
10164018,"K07292.01",,"FALSE POSITIVE",1.4,8.5412411,767.0,0.7320,5602.00,1
10189523,"K07293.01",,"FALSE POSITIVE",31.98,1.013922622,1392.0,0.6470,5110.00,1
10198109,"K07294.01",,"FALSE POSITIVE",56.94,17.918743061,942.0,1.6300,5870.00,1
10208759,"K07295.01",,"FALSE POSITIVE",86.76,2.287515702,1801.0,1.3910,6773.00,1
10214328,"K07296.01",,"FALSE POSITIVE",4.66,659.2907,322.0,1.8370,6917.00,1
10215422,"K07297.01",,"FALSE POSITIVE",52.38,24.847087207,569.0,0.8540,5644.00,1
10257903,"K07298.01",,"FALSE POSITIVE",,0.85574731,,,,1
10258558,"K07299.01",,"FALSE POSITIVE",53.53,20.867855659,716.0,1.0160,6095.00,1
11240948,"K07425.01",,"FALSE POSITIVE",14.32,3.401949837,2076.0,2.1700,7094.00,1
11241560,"K07426.01",,"CANDIDATE",0.97,6.96197304,778.0,0.8140,5008.00,1
11244571,"K07427.01",,"CANDIDATE",0.78,7.8935324,1052.0,1.1090,6306.00,1
11250867,"K07428.01",,"FALSE POSITIVE",57.6,2.252822538,1462.0,0.9510,6116.00,1
11251058,"K07429.01",,"FALSE POSITIVE",8.61,2.25284817,1940.0,1.5300,6850.00,1
11282568,"K07430.01",,"CANDIDATE",18.94,1.320499473,4477.0,13.4540,5172.00,1
11285625,"K07431.01",,"FALSE POSITIVE",152.74,5.39525573,1992.0,2.8040,7216.00,1
11286311,"K07432.01",,"CANDIDATE",1.03,13.1538409,750.0,1.0080,5443.00,1
4732015,"K05076.02",,"FALSE POSITIVE",34.87,0.939740093,7200.0,33.4740,4297.00,2
8043638,"K00460.02",,"CANDIDATE",1.24,36.0484798,566.0,1.1000,5602.00,2
11176166,"K05875.02",,"CANDIDATE",1.88,4.2742605,1326.0,1.1480,6477.00,2
9214712,"K06064.02",,"FALSE POSITIVE",7.1,265.299451,270.0,0.8630,5873.00,2
9214715,"K06065.02",,"FALSE POSITIVE",4.69,265.310499,296.0,0.9970,6108.00,2
7838906,"K06165.02",,"FALSE POSITIVE",153.72,35.4261827,2217.0,35.6950,4289.00,3
1026032,"K06252.01",,"FALSE POSITIVE",36.62,8.460438928,804.0,0.7020,5951.00,1
1293379,"K06253.01",,"CANDIDATE",1.4,27.556452,531.0,0.8360,5509.00,1
3973504,"K06377.01",,"FALSE POSITIVE",29.74,4.318726936,1091.0,0.9160,5896.00,1
4042088,"K06378.01",,"FALSE POSITIVE",,3.22598684,,,,1
4055092,"K06379.01",,"FALSE POSITIVE",22.89,76.45315813,291.0,0.5400,4831.00,1
4067549,"K06380.01",,"FALSE POSITIVE",42.72,7.698431197,878.0,0.8760,5774.00,1
4069063,"K06381.01",,"FALSE POSITIVE",50.41,0.504296702,2694.0,1.1870,6140.00,1
4069213,"K06382.01",,"FALSE POSITIVE",41.77,5.194256813,1546.0,2.0860,6100.00,1
4075064,"K06383.01",,"FALSE POSITIVE",41.01,61.42252657,326.0,0.6130,4867.00,1
4076061,"K06384.01",,"CANDIDATE",2.79,566.28176,203.0,0.8020,5829.00,1
4076952,"K06385.01",,"FALSE POSITIVE",95.58,9.761172507,1325.0,2.0480,6468.00,1
5036530,"K06503.02",,"FALSE POSITIVE",,1.36513839,,,,2
5036538,"K06504.01",,"FALSE POSITIVE",32.58,1.061008464,1002.0,0.4540,4239.00,1
5038469,"K06505.01",,"FALSE POSITIVE",,1.36840167,,,,1
5039687,"K06506.01",,"FALSE POSITIVE",32.41,5.8957069,1002.0,0.9340,5956.00,1
5042785,"K06507.01",,"FALSE POSITIVE",,1.67473779,,,,1
5078879,"K06508.01",,"FALSE POSITIVE",12.6,1.039370613,3320.0,3.1370,6429.00,1
5080346,"K06509.01",,"FALSE POSITIVE",1.76,2.31169425,3178.0,2.6790,9451.00,1
5080652,"K06510.01",,"FALSE POSITIVE",46.55,2.072177815,1204.0,0.7180,5519.00,1
5894972,"K06634.01",,"FALSE POSITIVE",64,3.34328534,2094.0,2.6520,6541.00,2
5951140,"K06635.01",,"CANDIDATE",1.49,0.52740121,1027.0,0.4100,3582.00,1
5952309,"K06636.01",,"FALSE POSITIVE",0.78,0.905678252,1901.0,0.9090,6075.00,1
5952457,"K06637.01",,"FALSE POSITIVE",0.76,0.905672916,1468.0,0.7410,4949.00,1
5962514,"K06639.01",,"FALSE POSITIVE",56.93,0.790046373,2541.0,1.3420,6785.00,1
5962716,"K06640.01",,"FALSE POSITIVE",80.87,1.804591904,1923.0,1.5150,6271.00,1
5966732,"K06641.01",,"CANDIDATE",1.16,1.400903699,1764.0,0.9750,6375.00,1
5977541,"K06642.01",,"FALSE POSITIVE",0.68,1.14073528,3190.0,1.6850,8847.00,1
5977804,"K06643.01",,"FALSE POSITIVE",0.7,3.31976683,1276.0,0.9400,6100.00,1
6792124,"K06770.01",,"FALSE POSITIVE",1.84,0.52880817,3558.0,2.3680,6224.00,1
6804648,"K06771.01",,"FALSE POSITIVE",1.22,0.700606479,3312.0,2.4490,6280.00,1
6806632,"K06772.01",,"FALSE POSITIVE",49.17,9.469191607,1679.0,1.8320,9454.00,1
6841577,"K06773.01",,"FALSE POSITIVE",40.9,15.53753378,694.0,0.8680,5704.00,1
6842345,"K06774.01",,"CANDIDATE",26.55,17.3816224,756.0,1.0200,6116.00,1
6852488,"K06775.01",,"FALSE POSITIVE",100.79,2.172042913,2169.0,1.7750,7128.00,1
6853172,"K06776.01",,"CANDIDATE",1.45,28.655498,658.0,1.1000,6268.00,1
6859546,"K06777.01",,"CANDIDATE",1.08,13.4450174,606.0,0.7590,5003.00,1
8460634,"K07887.01",,"FALSE POSITIVE",18.1,6.35216475,2698.0,13.6540,4820.00,1
7671594,"K06902.01",,"FALSE POSITIVE",366.76,0.705174384,751.0,0.2500,3354.00,1
7677005,"K06903.01",,"FALSE POSITIVE",94.1,38.058140058,736.0,1.4190,6894.00,1
7687365,"K06904.01",,"CANDIDATE",1.28,26.1556767,501.0,0.7600,5204.00,1
7691527,"K06905.01",,"FALSE POSITIVE",48.67,4.800232532,941.0,0.7560,5591.00,1
7695445,"K06906.01",,"FALSE POSITIVE",140.49,1.74336627,2029.0,1.4780,6640.00,1
7700500,"K06907.01",,"CANDIDATE",1.14,4.60687717,865.0,0.7110,5110.00,1
7700578,"K06908.01",,"FALSE POSITIVE",131.16,1.507100589,2378.0,1.7480,6919.00,1
7707736,"K06909.01",,"FALSE POSITIVE",8.78,0.758355704,1765.0,0.7830,5629.00,2
7733540,"K06910.01",,"FALSE POSITIVE",,0.77258608,,,,1
8411947,"K07034.01",,"FALSE POSITIVE",57.14,0.898837525,1615.0,0.8070,5284.00,1
8414159,"K07035.01",,"FALSE POSITIVE",93.46,11.931131598,831.0,0.9590,6089.00,1
8414216,"K07036.01",,"FALSE POSITIVE",0.56,11.93137992,415.0,0.5050,3787.00,1
8415863,"K07037.01",,"FALSE POSITIVE",50.02,27.533803402,777.0,1.6110,5925.00,1
8423903,"K07038.01",,"FALSE POSITIVE",55.34,12.4964346,1397.0,2.7300,6821.00,1
8429450,"K07039.01",,"FALSE POSITIVE",161.02,1.352576807,2866.0,2.4060,6881.00,1
8442795,"K07040.01",,"CANDIDATE",2.18,502.20642,212.0,0.7330,6018.00,1
8443812,"K07041.01",,"CANDIDATE",0.79,8.3613732,793.0,0.7770,5470.00,1
8445775,"K07042.01",,"FALSE POSITIVE",58.51,13.254134073,990.0,1.4360,6175.00,1
9397900,"K07169.01",,"CANDIDATE",0.72,10.5113779,1052.0,1.3050,6575.00,1
9411943,"K07170.01",,"FALSE POSITIVE",48.61,1.922009494,1596.0,1.0870,5880.00,1
9412462,"K07171.01",,"FALSE POSITIVE",67.45,10.186578749,793.0,0.9160,5557.00,1
9418994,"K07172.01",,"FALSE POSITIVE",180.25,32.003815635,960.0,4.0620,5260.00,1
9451096,"K07173.01",,"FALSE POSITIVE",101.37,1.250390814,2367.0,1.6630,6297.00,1
9458266,"K07174.01",,"CANDIDATE",0.37,1.58487898,943.0,0.5660,4201.00,1
9466042,"K07175.01",,"FALSE POSITIVE",,9.2742685,,,,1
9468296,"K07176.01",,"FALSE POSITIVE",26.94,5.748815953,799.0,0.7530,4961.00,1
10264202,"K07300.01",,"FALSE POSITIVE",37.02,0.517573708,1863.0,0.7000,5427.00,1
10264293,"K07301.01",,"CANDIDATE",1.19,20.9525604,495.0,0.7200,4885.00,1
10268809,"K07302.01",,"FALSE POSITIVE",25.1,24.70932686,662.0,1.0230,6065.00,1
10274244,"K07303.01",,"FALSE POSITIVE",30.6,13.68369259,635.0,0.7080,5359.00,1
10275887,"K07304.01",,"FALSE POSITIVE",277.38,9.726748645,997.0,1.4060,5618.00,1
10290021,"K07305.01",,"CANDIDATE",0.8,3.72920972,1713.0,2.0500,6215.00,1
10290447,"K07306.01",,"FALSE POSITIVE",5.91,0.691561191,1460.0,0.5860,4892.00,1
10292465,"K07307.01",,"FALSE POSITIVE",26.69,1.35337091,1444.0,0.7840,5426.00,1
10294608,"K07308.01",,"FALSE POSITIVE",63.08,1.854491777,1511.0,0.9900,5843.00,1
11287726,"K07433.01",,"FALSE POSITIVE",29.25,4.737713268,882.0,0.7190,5335.00,1
11288492,"K07434.01",,"CANDIDATE",0.95,5.704593,900.0,0.8320,5523.00,1
11288772,"K07435.01",,"CANDIDATE",0.82,1.36752316,1684.0,1.0480,5836.00,1
11295085,"K07436.01",,"FALSE POSITIVE",2.14,2.49777454,2264.0,2.2110,7117.00,2
11296724,"K07437.01",,"CANDIDATE",0.84,1.9997244,1385.0,0.8970,5838.00,1
11350389,"K07438.01",,"FALSE POSITIVE",36.72,1.51264208,1357.0,0.8110,5258.00,1
11356602,"K07439.01",,"FALSE POSITIVE",2.01,323.2575,293.0,1.1980,5866.00,1
11358392,"K07440.01",,"FALSE POSITIVE",56.1,0.984971822,2321.0,1.3690,6437.00,1
1433531,"K06254.01",,"FALSE POSITIVE",3.28,567.71329,325.0,1.9960,6248.00,1
1717528,"K06255.01",,"FALSE POSITIVE",1.25,9.31392071,884.0,0.9730,6032.00,1
1871483,"K06256.01",,"CANDIDATE",1.37,14.137062,568.0,0.7090,4861.00,1
2012722,"K06257.01",,"FALSE POSITIVE",9.76,2.32539968,2501.0,2.7240,7046.00,2
2013883,"K06258.01",,"FALSE POSITIVE",0.72,0.764597756,2708.0,1.7260,6218.00,1
2161949,"K06259.01",,"CANDIDATE",1.14,4.78113942,1130.0,1.1150,5683.00,1
2161949,"K06259.02",,"CANDIDATE",1.3,7.18864064,987.0,1.1150,5683.00,2
2162994,"K06260.01",,"FALSE POSITIVE",51.08,4.101595158,1028.0,0.8080,5610.00,1
2167444,"K06261.01",,"FALSE POSITIVE",24.62,2.43574046,2102.0,1.7810,7239.00,1
4078693,"K06386.01",,"FALSE POSITIVE",57.46,2.756536015,1580.0,1.6690,5496.00,1
4142768,"K06387.01",,"FALSE POSITIVE",368.42,13.99585365,1202.0,2.7030,5638.00,1
4149684,"K06388.01",,"FALSE POSITIVE",59.16,4.320850062,1221.0,1.0830,6098.00,1
4150703,"K06389.01",,"FALSE POSITIVE",0.96,8.6532378,793.0,0.8540,5561.00,1
4157488,"K06390.01",,"FALSE POSITIVE",81.49,5.197420145,1416.0,1.5280,6248.00,1
4160669,"K06391.01",,"FALSE POSITIVE",4633.66,2.183517999,9791.0,162.7250,3198.00,1
4171955,"K06392.01",,"FALSE POSITIVE",2.3,383.61248,248.0,0.9020,6011.00,1
4174507,"K06393.01",,"FALSE POSITIVE",35.94,1.945914237,1417.0,0.8300,5967.00,1
5083138,"K06511.01",,"CANDIDATE",1.46,27.122801,594.0,0.9450,5878.00,1
5083252,"K06512.01",,"FALSE POSITIVE",0.48,2.500560859,1486.0,1.0520,6305.00,1
5087223,"K06513.01",,"CANDIDATE",1.17,5.62241111,561.0,0.5410,3894.00,1
5091075,"K06514.01",,"FALSE POSITIVE",1.32,1.25625738,3507.0,3.0630,7450.00,1
5091614,"K06515.01",,"FALSE POSITIVE",41.68,21.142458554,672.0,0.9450,6079.00,1
5092799,"K06516.01",,"CANDIDATE",0.88,11.2901559,617.0,0.6570,5025.00,1
5092799,"K06516.02",,"CANDIDATE",,28.24753303,,,,2
5094301,"K06517.01",,"FALSE POSITIVE",0.29,0.99519559,1624.0,0.7820,5506.00,1
5983348,"K06644.01",,"FALSE POSITIVE",39.12,25.150788449,686.0,1.1010,6015.00,1
5990753,"K06645.01",,"FALSE POSITIVE",18.03,7.21636091,2146.0,9.4760,5029.00,1
6019971,"K06646.01",,"CANDIDATE",1.38,7.1356633,751.0,0.7930,4926.00,1
6029130,"K06647.01",,"FALSE POSITIVE",49.21,12.591656377,642.0,0.7560,5293.00,1
6035335,"K06648.01",,"FALSE POSITIVE",1.17,1.044408447,2745.0,1.6980,7274.00,4
6041511,"K06649.01",,"FALSE POSITIVE",0.77,0.97705114,2501.0,1.6310,6527.00,1
6042116,"K06650.01",,"FALSE POSITIVE",125.96,5.407157086,1984.0,2.4390,7617.00,1
6042663,"K06651.01",,"FALSE POSITIVE",51.72,30.971766472,523.0,0.8290,5633.00,1
6044064,"K06652.01",,"FALSE POSITIVE",302.18,5.06318803,908.0,0.7520,5375.00,1
6859813,"K06778.01",,"FALSE POSITIVE",63.14,10.88242209,894.0,1.0450,6200.00,1
6863840,"K06779.01",,"FALSE POSITIVE",53.63,1.926366998,1204.0,0.7600,5176.00,1
6864569,"K06780.01",,"FALSE POSITIVE",81.88,2.325185422,3738.0,2.8960,11076.00,2
6864706,"K06781.01",,"CANDIDATE",0.93,14.5909249,622.0,0.7660,5214.00,1
6864859,"K06782.01",,"FALSE POSITIVE",164.06,40.877841988,915.0,2.5900,6807.00,1
6867219,"K06783.01",,"CANDIDATE",1.31,11.8496351,802.0,0.9290,6032.00,1
6877673,"K06784.01",,"FALSE POSITIVE",51.31,36.75892725,575.0,0.9790,6085.00,1
6877871,"K06785.01",,"FALSE POSITIVE",1.81,0.536869783,2645.0,1.1680,6495.00,2
6878408,"K06786.01",,"CANDIDATE",3,455.62395,228.0,0.8920,5883.00,1
7741048,"K06911.01",,"FALSE POSITIVE",0.65,0.843400322,1941.0,0.9600,5982.00,1
7751562,"K06912.01",,"FALSE POSITIVE",24.93,17.042155208,760.0,1.0350,6197.00,1
7755741,"K06913.01",,"FALSE POSITIVE",3.46,0.874236216,6177.0,4.3780,10894.00,1
7755741,"K06913.02",,"CANDIDATE",3.86,1.75173647,4900.0,4.3780,10894.00,3
7769072,"K06914.01",,"FALSE POSITIVE",158.5,0.60886299,3651.0,4.1670,5022.00,1
7769815,"K06915.01",,"FALSE POSITIVE",1.15,4.43529675,1026.0,0.8420,5659.00,1
7777365,"K06916.01",,"FALSE POSITIVE",1.05,0.88512187,1659.0,0.8190,5392.00,1
7798259,"K06917.01",,"FALSE POSITIVE",42.06,1.734221252,1114.0,0.7020,4765.00,1
8453191,"K07043.01",,"FALSE POSITIVE",117.51,5.776764285,1542.0,2.0720,6263.00,1
8453324,"K07044.01",,"FALSE POSITIVE",369.2,1.26227317,3790.0,9.3560,4927.00,1
8479107,"K07045.01",,"FALSE POSITIVE",34.23,0.76757669,1530.0,0.6270,5182.00,1
8479386,"K07046.01",,"FALSE POSITIVE",78.14,5.860377067,1191.0,1.1580,6267.00,1
8488876,"K07047.01",,"FALSE POSITIVE",62.9,5.801881299,2001.0,3.0090,7259.00,1
8504570,"K07048.01",,"FALSE POSITIVE",92.08,4.00770453,1699.0,1.6310,7162.00,1
8509346,"K07049.01",,"FALSE POSITIVE",36.68,6.099032889,1183.0,1.1410,6356.00,1
8517433,"K07050.01",,"FALSE POSITIVE",0.76,0.652956712,2146.0,1.0550,5812.00,1
9474222,"K07177.01",,"FALSE POSITIVE",49.2,13.691790011,994.0,1.5540,6295.00,1
9474969,"K07178.01",,"FALSE POSITIVE",63.68,21.570508432,923.0,1.6920,6322.00,1
9480398,"K07179.01",,"CANDIDATE",1.18,407.14656,272.0,1.1980,5845.00,1
9490342,"K07180.01",,"CANDIDATE",3.94,487.83894,298.0,1.8770,5421.00,1
9509207,"K07181.01",,"FALSE POSITIVE",85.76,14.199840087,907.0,1.4140,5864.00,1
9513168,"K07182.01",,"CANDIDATE",1.74,6.853888,613.0,0.6840,4199.00,1
9520700,"K07183.01",,"FALSE POSITIVE",66.59,2.136834989,1415.0,0.9890,5753.00,1
9529294,"K07184.01",,"FALSE POSITIVE",0.97,2.51690133,1430.0,1.2840,5403.00,1
12116489,"K00547.02",,"CANDIDATE",0.97,7.34672485,784.0,0.8210,5271.00,2
10296163,"K07309.01",,"FALSE POSITIVE",400.4,9.296746368,1552.0,2.8840,6461.00,1
10330495,"K07310.01",,"FALSE POSITIVE",20.71,18.060078203,618.0,0.8550,5330.00,1
10332789,"K07311.01",,"FALSE POSITIVE",35.61,18.74072534,717.0,0.9960,6122.00,1
10340228,"K07312.01",,"FALSE POSITIVE",0.69,0.93371313,1642.0,0.8690,5436.00,1
10341787,"K07313.01",,"FALSE POSITIVE",1.14,0.93373716,1666.0,0.8520,5390.00,1
10342097,"K07314.01",,"FALSE POSITIVE",10.28,0.933735579,3696.0,5.3440,5016.00,1
10345862,"K07315.01",,"FALSE POSITIVE",42.57,58.28819056,462.0,1.0440,5463.00,1
10346522,"K07316.01",,"FALSE POSITIVE",60.26,3.989144446,996.0,0.7190,5538.00,1
10352603,"K07317.01",,"FALSE POSITIVE",69.08,32.77897303,588.0,0.9640,6122.00,1
11359305,"K07441.01",,"FALSE POSITIVE",116.84,28.487107336,963.0,2.3850,6351.00,1
11391181,"K07442.01",,"FALSE POSITIVE",51.79,8.61733907,796.0,0.8700,5387.00,1
11401869,"K07443.01",,"FALSE POSITIVE",0.95,2.16146908,1487.0,1.0130,6047.00,1
11409698,"K07444.01",,"FALSE POSITIVE",73.59,10.26782676,1136.0,1.4400,6664.00,1
11411639,"K07445.01",,"CANDIDATE",1.3,6.933574,829.0,0.7930,5510.00,1
11455795,"K07446.01",,"FALSE POSITIVE",14.59,1.057335679,1276.0,0.6830,4664.00,1
11457191,"K07447.01",,"FALSE POSITIVE",42.03,1.149198426,1690.0,0.8670,5858.00,1
11462556,"K07448.01",,"FALSE POSITIVE",1.66,2.50012775,1977.0,1.6640,6923.00,2
2283362,"K06262.01",,"CANDIDATE",1.29,0.673141323,1834.0,0.8580,5461.00,1
2301068,"K06263.01",,"CANDIDATE",3.33,8.60965352,1550.0,4.2330,5418.00,1
2305372,"K06264.01",,"FALSE POSITIVE",217.25,1.40469182,2263.0,1.8630,6230.00,1
2306740,"K06265.01",,"FALSE POSITIVE",81.21,10.306982793,960.0,1.2170,5912.00,1
2308957,"K06266.01",,"FALSE POSITIVE",177.78,1.109841858,2944.0,3.2110,5788.00,1
2422820,"K06267.01",,"CANDIDATE",1.12,13.8911152,674.0,0.7900,5472.00,1
2437452,"K06268.01",,"FALSE POSITIVE",34.03,7.234965722,843.0,0.7980,5653.00,1
2437804,"K06269.01",,"FALSE POSITIVE",37.37,7.45301717,2595.0,16.7550,4475.00,1
2438061,"K06270.01",,"FALSE POSITIVE",48.18,2.442941283,1352.0,1.0000,5780.00,1
4180396,"K06394.01",,"FALSE POSITIVE",12.52,3.684337918,2481.0,2.1080,9609.00,1
4245897,"K06395.01",,"FALSE POSITIVE",162.84,11.2570616,1272.0,1.8750,6915.00,1
4252226,"K06396.01",,"FALSE POSITIVE",114.63,21.858963291,925.0,2.0600,5923.00,1
4261960,"K06397.01",,"FALSE POSITIVE",26.29,1.461270059,1253.0,0.6740,5226.00,1
4269252,"K06398.01",,"FALSE POSITIVE",23.61,9.4022333,2309.0,13.8740,4597.00,1
4274071,"K06399.01",,"CANDIDATE",1.24,6.76890076,1017.0,1.1250,5737.00,1
4281895,"K06400.01",,"FALSE POSITIVE",77.97,9.543584955,1141.0,1.7850,5537.00,1
4282390,"K06401.01",,"CANDIDATE",41.53,1.96134311,2167.0,2.1980,6221.00,1
5095269,"K06518.01",,"FALSE POSITIVE",65.5,18.611957253,829.0,1.1700,6492.00,1
5097278,"K06519.01",,"FALSE POSITIVE",3.65,0.73240662,3191.0,1.7720,7392.00,3
5098757,"K06520.01",,"FALSE POSITIVE",89.95,2.954598,2148.0,2.1610,6955.00,1
5111801,"K06521.01",,"FALSE POSITIVE",0.58,0.562006231,2978.0,1.4550,6609.00,1
5112198,"K06522.01",,"FALSE POSITIVE",18.8,3.21559054,1366.0,1.0360,6300.00,1
5113809,"K06523.01",,"FALSE POSITIVE",3.62,1.547426532,1973.0,1.2640,6612.00,1
5115178,"K06524.01",,"FALSE POSITIVE",47.26,12.851722103,781.0,0.9670,5838.00,1
5115379,"K06525.01",,"FALSE POSITIVE",1.8,4.2055797,1345.0,1.2590,6190.00,1
5115688,"K06526.01",,"CANDIDATE",9.3,486.77832,409.0,4.9500,5039.00,1
6045093,"K06653.01",,"CANDIDATE",1.22,28.2682167,526.0,0.8380,5496.00,1
6046311,"K06654.01",,"FALSE POSITIVE",2.47,0.957476003,2138.0,1.1220,6312.00,2
6048106,"K06655.01",,"FALSE POSITIVE",94.2,1.559360638,2234.0,1.4880,7002.00,1
6048255,"K06656.01",,"FALSE POSITIVE",,0.57627248,,,,1
6057750,"K06657.01",,"CANDIDATE",1.54,1.6037058,2492.0,2.5120,6400.00,1
6060580,"K06658.01",,"FALSE POSITIVE",33.55,2.313367981,1180.0,0.7640,5508.00,1
6063448,"K06659.01",,"FALSE POSITIVE",63.58,76.01811375,652.0,1.8920,6703.00,1
6066107,"K06660.01",,"FALSE POSITIVE",,0.82883944,,,,1
8391983,"K07884.01",,"CANDIDATE",1.49,0.70965042,2036.0,1.0020,5618.00,1
6890618,"K06787.01",,"FALSE POSITIVE",28.63,1.574063832,1619.0,0.9620,5951.00,1
6925263,"K06788.01",,"FALSE POSITIVE",1.04,2.51989935,1217.0,0.8410,5646.00,1
6927629,"K06789.01",,"FALSE POSITIVE",69.23,3.867613816,1203.0,1.0460,5780.00,1
6929016,"K06790.01",,"FALSE POSITIVE",0.86,0.733726452,1867.0,0.7970,5855.00,1
6936977,"K06791.01",,"FALSE POSITIVE",53.1,36.473115046,467.0,0.7660,5452.00,1
6939670,"K06792.01",,"FALSE POSITIVE",38.01,4.238855579,1044.0,0.8040,5655.00,1
6947623,"K06793.01",,"CANDIDATE",0.79,3.62657392,1014.0,0.8000,5416.00,1
6947837,"K06794.01",,"FALSE POSITIVE",0.98,1.17033848,3272.0,2.3140,8027.00,1
6949550,"K06795.01",,"FALSE POSITIVE",56.33,7.841066931,876.0,0.8290,5973.00,1
7811211,"K06918.01",,"CANDIDATE",6.17,0.902403563,1688.0,0.7550,5776.00,1
7812893,"K06919.01",,"CANDIDATE",1.09,8.7998722,577.0,0.6750,4298.00,1
7816680,"K06920.01",,"FALSE POSITIVE",64.04,4.292599454,1319.0,1.1740,6467.00,1
7816935,"K06921.01",,"CANDIDATE",1.19,6.87778029,1052.0,1.0620,6274.00,1
7838639,"K06922.01",,"FALSE POSITIVE",50.13,2.113197701,1825.0,1.4630,6215.00,1
7846730,"K06923.01",,"FALSE POSITIVE",75.47,11.02822674,1028.0,1.3870,6271.00,1
7847927,"K06924.01",,"FALSE POSITIVE",40.43,70.37626987,373.0,0.7550,5458.00,1
7868967,"K06925.01",,"CANDIDATE",0.94,12.9489256,416.0,0.5250,3867.00,1
8526387,"K07051.01",,"FALSE POSITIVE",1.11,0.772803664,1365.0,0.6680,4535.00,2
8543278,"K07052.01",,"FALSE POSITIVE",18.8,7.549299761,690.0,0.6340,5085.00,1
8552500,"K07053.01",,"FALSE POSITIVE",9.32,0.530972263,2373.0,0.9910,6185.00,1
8552540,"K07054.01",,"FALSE POSITIVE",92.29,0.530967171,2312.0,0.9910,5951.00,1
8553788,"K07055.01",,"FALSE POSITIVE",130.46,1.606163631,2943.0,2.3140,8027.00,1
8553907,"K07056.01",,"FALSE POSITIVE",79.17,42.032096076,622.0,1.1170,6618.00,1
8559796,"K07057.01",,"FALSE POSITIVE",4.71,0.619303759,3232.0,1.6840,7138.00,1
8559863,"K07058.01",,"FALSE POSITIVE",19.12,22.470494368,518.0,0.6970,5315.00,1
8489260,"K07889.01",,"CANDIDATE",2.44,130.235324,332.0,0.9030,5616.00,1
9529856,"K07185.01",,"FALSE POSITIVE",114.14,37.482223878,902.0,2.4150,6422.00,1
9536048,"K07186.01",,"FALSE POSITIVE",0.95,3.71186243,1406.0,1.2580,6302.00,1
9540450,"K07187.01",,"FALSE POSITIVE",70.64,1.077358008,1925.0,1.0640,6100.00,1
9540675,"K07188.01",,"FALSE POSITIVE",0.75,3.55643514,1297.0,1.1090,5831.00,1
9541163,"K07189.01",,"FALSE POSITIVE",0.92,0.5366497,2142.0,0.8980,5822.00,1
9541567,"K07190.01",,"FALSE POSITIVE",,1.12284501,,,,2
9569866,"K07191.01",,"FALSE POSITIVE",47.81,1.480324075,1313.0,0.7170,5260.00,1
9579192,"K07192.01",,"FALSE POSITIVE",50.33,12.08353781,1310.0,2.2140,6770.00,1
8540376,"K07892.01","Kepler-457 d","CONFIRMED",2.71,10.692115,1008.0,1.2420,6474.00,1
10363300,"K07318.01",,"FALSE POSITIVE",58.67,0.934926138,1957.0,1.0780,5962.00,1
10388451,"K07319.01",,"CANDIDATE",0.97,17.1677675,370.0,0.5260,3761.00,1
10396708,"K07320.01",,"CANDIDATE",0.75,8.50207749,679.0,0.7150,4889.00,1
10407047,"K07321.01",,"FALSE POSITIVE",103.98,0.93374699,3442.0,5.2720,4909.00,1
10407430,"K07322.01",,"FALSE POSITIVE",0.99,0.933759404,1763.0,0.8660,5766.00,1
10407464,"K07323.01",,"FALSE POSITIVE",0.37,0.93373711,2077.0,1.0250,6300.00,1
10417704,"K07324.01",,"FALSE POSITIVE",,3.0082548,,,,1
10420279,"K07325.01",,"FALSE POSITIVE",77.25,45.43324862,529.0,1.0800,5731.00,1
10422852,"K07326.01",,"FALSE POSITIVE",57.48,1.398890216,1784.0,1.0510,6134.00,1
11495989,"K07449.01",,"CANDIDATE",14.03,1.322475635,1097.0,0.5480,4668.00,1
11499757,"K07450.01",,"FALSE POSITIVE",75.21,12.314402323,864.0,1.0660,6247.00,1
11501774,"K07451.01",,"FALSE POSITIVE",1.23,0.691823991,1878.0,0.9620,5226.00,1
11502172,"K07452.01",,"FALSE POSITIVE",43.42,25.431861399,601.0,0.9000,5754.00,1
11502179,"K07453.01",,"FALSE POSITIVE",2.4,3.98855869,1447.0,1.6460,5791.00,1
11506235,"K07454.01",,"FALSE POSITIVE",35.03,20.413052415,668.0,0.9630,5941.00,1
11551652,"K07455.01",,"CANDIDATE",2.44,3.773744,2001.0,2.0690,7302.00,2
11560382,"K07456.01",,"FALSE POSITIVE",0.79,0.527679032,2115.0,0.8600,5799.00,1
11560431,"K07457.01",,"FALSE POSITIVE",0.42,0.527673075,1970.0,0.8280,5367.00,3
2438062,"K06271.01",,"FALSE POSITIVE",44.35,2.44295727,1352.0,1.0000,5780.00,1
2438517,"K06272.01",,"FALSE POSITIVE",1.27,3.31587688,1097.0,0.8750,5385.00,1
2442084,"K06273.01",,"FALSE POSITIVE",32.57,49.788613011,271.0,0.5420,3892.00,1
2449245,"K06274.01",,"CANDIDATE",1.5,18.1772927,737.0,1.0260,6158.00,1
2450716,"K06275.01",,"FALSE POSITIVE",0.6,1.38607973,1356.0,0.7680,5261.00,1
2557350,"K06276.01",,"CANDIDATE",0.64,3.09872834,579.0,0.4100,3628.00,1
2557430,"K06277.01",,"FALSE POSITIVE",72.32,0.648868342,2882.0,1.5240,6531.00,1
2568971,"K06278.01",,"FALSE POSITIVE",46.02,5.088582739,1786.0,1.9550,7514.00,1
4284147,"K06402.01",,"FALSE POSITIVE",,1.1611022,,,,1
4349935,"K06403.01",,"FALSE POSITIVE",0.81,0.792023257,1300.0,0.6250,4447.00,1
4352168,"K06404.01",,"FALSE POSITIVE",47.87,10.643743766,675.0,0.6940,5282.00,1
4356621,"K06405.01",,"FALSE POSITIVE",1.19,1.7317958,1825.0,1.5080,5691.00,1
4357985,"K06406.01",,"FALSE POSITIVE",1.36,8.65298599,734.0,0.7490,5210.00,1
4367544,"K06407.01",,"FALSE POSITIVE",14.94,1.19563447,1988.0,1.4130,5583.00,1
4372410,"K06408.01",,"FALSE POSITIVE",1.93,0.550537628,4181.0,2.1990,8098.00,1
4372620,"K06409.01",,"CANDIDATE",2.42,19.9310602,960.0,2.4910,5500.00,1
4372961,"K06410.01",,"FALSE POSITIVE",50.25,2.53470797,2117.0,2.2540,6440.00,1
5119143,"K06527.01",,"FALSE POSITIVE",2.92,0.530799654,3102.0,1.6220,6534.00,1
5125048,"K06528.01",,"FALSE POSITIVE",,0.56818769,,,,1
5126627,"K06529.01",,"FALSE POSITIVE",,1.0094779,,,,1
5130890,"K06530.01",,"FALSE POSITIVE",,0.91057795,,,,1
5164794,"K06531.01",,"FALSE POSITIVE",2.49,1.0429419,1795.0,1.0000,5780.00,1
5171707,"K06532.01",,"CANDIDATE",1.36,0.813998812,1933.0,0.9890,5705.00,1
5172274,"K06533.01",,"FALSE POSITIVE",9.08,6.12650913,1370.0,1.5340,6881.00,1
5174492,"K06534.01",,"FALSE POSITIVE",1.95,0.720589427,3927.0,2.2110,8497.00,2
6068947,"K06661.01",,"FALSE POSITIVE",9.97,0.573036404,2376.0,1.1960,5745.00,1
6103049,"K06662.01",,"FALSE POSITIVE",54.03,0.643171495,2193.0,0.9890,5899.00,1
6109688,"K06663.01",,"FALSE POSITIVE",65.6,14.086776961,1197.0,1.8900,7138.00,1
6111011,"K06664.01",,"CANDIDATE",0.93,14.7639145,632.0,0.7330,5541.00,1
6128141,"K06665.01",,"FALSE POSITIVE",31.43,1.872620976,1550.0,1.0040,6031.00,1
6128245,"K06666.01",,"CANDIDATE",0.75,1.118510435,1684.0,0.8650,5918.00,1
6131659,"K06667.01",,"FALSE POSITIVE",49.36,17.527826808,554.0,0.7320,5079.00,1
6146838,"K06668.01",,"FALSE POSITIVE",38.87,27.467217305,527.0,0.7420,5503.00,1
6950275,"K06796.01",,"FALSE POSITIVE",3.35,40.879068,533.0,0.9230,6072.00,1
6953219,"K06797.01",,"FALSE POSITIVE",1.4,0.566802325,1889.0,0.8240,5233.00,1
6956176,"K06798.01",,"CANDIDATE",3.56,2.64185268,2104.0,2.9350,5195.00,1
6962018,"K06799.01",,"FALSE POSITIVE",52.75,0.634946497,1475.0,0.7370,4446.00,1
6965293,"K06800.01",,"FALSE POSITIVE",54.93,5.077746556,1274.0,1.2710,6174.00,1
6967430,"K06801.01",,"FALSE POSITIVE",0.67,2.00383703,1518.0,1.0280,6045.00,1
7009828,"K06802.01",,"FALSE POSITIVE",40.62,5.321224925,958.0,0.7580,5787.00,1
7025851,"K06803.01",,"FALSE POSITIVE",69.55,2.340534383,1581.0,1.1360,6300.00,1
7870250,"K06926.01",,"FALSE POSITIVE",0.75,0.580724809,2191.0,0.9330,5989.00,1
7871395,"K06927.01",,"FALSE POSITIVE",,501.07647447,,,,1
7885518,"K06928.01",,"FALSE POSITIVE",0.69,1.72933255,1745.0,1.2110,5921.00,1
7885570,"K06929.01",,"FALSE POSITIVE",139.36,1.729338354,2230.0,2.5530,5587.00,1
7886329,"K06930.01",,"FALSE POSITIVE",65.47,0.567493852,3024.0,1.5480,6370.00,1
7902204,"K06931.01",,"CANDIDATE",1.2,2.54031121,1268.0,0.9110,5778.00,1
7919653,"K06932.01",,"FALSE POSITIVE",75.1,2.105238039,1966.0,1.8850,5947.00,1
7938468,"K06933.01",,"FALSE POSITIVE",237.79,7.226944171,1179.0,1.3600,6270.00,1
8560861,"K07059.01",,"FALSE POSITIVE",272.44,31.973311701,1289.0,3.4620,7854.00,1
8565900,"K07060.01",,"FALSE POSITIVE",,1.64125844,,,,1
8566113,"K07061.01",,"CANDIDATE",4.91,1.371587993,2413.0,1.6040,7045.00,2
8569819,"K07062.01",,"FALSE POSITIVE",2912.48,20.849919614,1099.0,1.9840,7355.00,1
8574270,"K07063.01",,"FALSE POSITIVE",33.11,15.120212531,605.0,0.7250,5232.00,1
8581658,"K07064.01",,"FALSE POSITIVE",78.24,3.481657589,1485.0,1.2910,6225.00,1
8590527,"K07065.01",,"FALSE POSITIVE",82.29,0.739769962,3013.0,1.8470,6465.00,1
8604993,"K07066.01",,"FALSE POSITIVE",33.99,6.570421193,946.0,0.9080,5812.00,1
8608490,"K07067.01",,"FALSE POSITIVE",125.64,0.541405029,2679.0,1.7820,5096.00,1
9579789,"K07193.01",,"FALSE POSITIVE",0.92,2.17814186,1174.0,0.8400,5101.00,1
9581498,"K07194.01",,"FALSE POSITIVE",,10.54884842,,,,1
9588862,"K07195.01",,"CANDIDATE",1,5.89773974,1150.0,1.1260,6300.00,1
9592855,"K07196.01",,"FALSE POSITIVE",110.14,0.609662423,3834.0,2.2740,7498.00,1
9596064,"K07197.01",,"CANDIDATE",1.46,1.74145041,1234.0,0.7640,5238.00,1
9596187,"K07198.01",,"FALSE POSITIVE",35.67,0.953299962,2011.0,1.0200,6183.00,1
9596892,"K07199.01",,"CANDIDATE",774.73,20.2944118,648.0,0.9180,5865.00,1
9597095,"K07200.01",,"FALSE POSITIVE",47.22,2.745640575,1300.0,1.0000,5780.00,1
10450504,"K07327.01",,"CANDIDATE",1.88,17.9908273,541.0,0.7520,4918.00,1
10454401,"K07328.01",,"FALSE POSITIVE",63.25,12.180721266,742.0,0.8820,5750.00,1
10462826,"K07329.01",,"FALSE POSITIVE",52.88,50.467024395,523.0,1.0120,6137.00,1
10464199,"K07330.01",,"CANDIDATE",1.09,198.11309,399.0,1.4860,6163.00,1
10468514,"K07331.01",,"FALSE POSITIVE",67.45,0.84986054,2260.0,1.6760,5164.00,1
10471113,"K07332.01",,"FALSE POSITIVE",0.85,0.933728196,2006.0,1.0320,6170.00,1
10481054,"K07333.01",,"FALSE POSITIVE",0.9,2.03742712,1812.0,1.3580,6356.00,1
10486425,"K07334.01",,"FALSE POSITIVE",100.89,5.274819905,1646.0,1.8340,7247.00,1
11560447,"K07458.01",,"FALSE POSITIVE",75.31,0.527678272,2551.0,1.4750,5321.00,1
11601357,"K07459.01",,"FALSE POSITIVE",1.15,3.55027051,1036.0,0.8000,5497.00,1
11602794,"K07460.01",,"CANDIDATE",1.58,5.70509519,947.0,0.9270,5455.00,1
11615481,"K07461.01",,"FALSE POSITIVE",59.22,65.4317194,490.0,1.0400,6201.00,1
11616200,"K07462.01",,"FALSE POSITIVE",39.08,1.718649321,1499.0,0.8650,6071.00,1
11616631,"K07463.01",,"FALSE POSITIVE",11.67,7.2949175,763.0,0.7310,5289.00,1
11616663,"K07464.01",,"FALSE POSITIVE",17.41,7.2935801,925.0,0.9510,5900.00,1
11618798,"K07465.01",,"FALSE POSITIVE",1.84,42.9261364,490.0,0.9530,5628.00,1
2570505,"K06279.01",,"FALSE POSITIVE",0.42,1.89129338,1152.0,0.7330,4986.00,1
2570767,"K06280.01",,"FALSE POSITIVE",1.19,1.89124453,2200.0,1.9770,5850.00,1
2571075,"K06281.01",,"FALSE POSITIVE",0.92,1.89134201,1325.0,0.8150,5658.00,1
2576692,"K06282.01",,"FALSE POSITIVE",110.85,87.87826191,530.0,1.6420,5784.00,1
2580872,"K06283.01",,"FALSE POSITIVE",57.95,15.926632768,670.0,0.9170,5496.00,1
2583777,"K06284.01",,"FALSE POSITIVE",49.16,0.958116585,2271.0,1.3650,6032.00,1
2693092,"K06285.01",,"FALSE POSITIVE",116.52,39.841522897,765.0,2.0700,6078.00,1
2708156,"K06286.01",,"FALSE POSITIVE",399.93,1.891268461,5047.0,4.6620,11287.00,1
2708172,"K06287.01",,"FALSE POSITIVE",6.57,1.89114441,932.0,0.6270,4267.00,1
4375101,"K06411.01",,"FALSE POSITIVE",54.72,61.25964956,447.0,0.8890,5912.00,1
4380283,"K06412.01",,"FALSE POSITIVE",67.08,0.872359598,2112.0,1.0480,6240.00,1
4384793,"K06413.01",,"FALSE POSITIVE",243.21,374.318792,241.0,0.8150,5997.00,1
4445630,"K06414.01",,"FALSE POSITIVE",81.61,5.627911313,1167.0,1.1150,6280.00,1
4446411,"K06415.01",,"FALSE POSITIVE",4.64,0.62927655,2102.0,0.9760,5628.00,1
4454219,"K06416.01",,"FALSE POSITIVE",53.32,1.22578134,1701.0,1.0000,5780.00,1
4456622,"K06417.01",,"FALSE POSITIVE",41.48,0.751408792,1926.0,0.9030,5697.00,1
4482738,"K06418.01",,"FALSE POSITIVE",6.85,0.866344816,3569.0,4.5270,4936.00,1
4484312,"K06419.01",,"FALSE POSITIVE",0.75,2.24294107,1654.0,1.1840,6082.00,1
5174920,"K06535.01",,"FALSE POSITIVE",1.35,0.950487062,4231.0,3.3850,8107.00,2
5181455,"K06536.01",,"FALSE POSITIVE",90.32,5.579631021,1108.0,1.0220,6188.00,1
5193386,"K06537.01",,"FALSE POSITIVE",97.23,21.37831102,1062.0,3.4840,4905.00,2
5193439,"K06538.01",,"CANDIDATE",1.45,129.847318,385.0,1.0320,6133.00,1
5196851,"K06539.01",,"FALSE POSITIVE",2.04,0.541396363,3204.0,1.4890,7118.00,2
5199978,"K06540.01",,"FALSE POSITIVE",5.02,0.550509602,3938.0,4.5290,4891.00,1
5211470,"K06541.01",,"FALSE POSITIVE",888.7,2.404293523,4178.0,17.0320,4697.00,1
5215508,"K06542.01",,"CANDIDATE",,0.8867443,,,,1
6147573,"K06669.01",,"FALSE POSITIVE",50.72,25.836831272,587.0,0.8970,5691.00,1
6152521,"K06670.01",,"FALSE POSITIVE",2.51,0.94895231,3464.0,3.0670,6661.00,1
6185717,"K06671.01",,"FALSE POSITIVE",57.95,11.702203927,1240.0,2.1330,6148.00,1
6187508,"K06672.01",,"CANDIDATE",1,2.28494301,1180.0,0.7890,5396.00,1
6205460,"K06673.01",,"FALSE POSITIVE",90.36,3.722775537,1731.0,2.5920,5425.00,1
6206751,"K06674.01",,"FALSE POSITIVE",90.34,1.245342215,2341.0,1.4760,6967.00,1
6207053,"K06675.01",,"FALSE POSITIVE",1.29,0.604755462,1598.0,0.7260,4842.00,1
6209225,"K06676.01",,"CANDIDATE",1.81,439.21978,266.0,0.9620,6553.00,1
6220470,"K06677.01",,"FALSE POSITIVE",56.52,8.144135648,1491.0,1.8620,7605.00,1
7031132,"K06804.01",,"FALSE POSITIVE",0.35,0.566795196,2066.0,0.9080,5680.00,1
7031732,"K06805.01",,"FALSE POSITIVE",0.52,0.566798827,2045.0,0.8890,5548.00,1
7031767,"K06806.01",,"FALSE POSITIVE",0.49,0.56678012,2073.0,0.9110,5674.00,1
7031948,"K06807.01",,"FALSE POSITIVE",0.58,0.566800113,1180.0,0.5260,3844.00,1
7031992,"K06808.01",,"FALSE POSITIVE",0.86,0.56679293,2064.0,0.8530,5812.00,1
7032117,"K06809.01",,"FALSE POSITIVE",0.55,0.566809491,1656.0,0.6540,4987.00,1
7032174,"K06810.01",,"FALSE POSITIVE",0.79,0.566799218,3153.0,1.7530,6108.00,1
7032383,"K06811.01",,"FALSE POSITIVE",0.64,0.566797404,1890.0,0.7840,5313.00,1
7939761,"K06934.01",,"CANDIDATE",2.16,22.2548897,899.0,2.3880,5349.00,1
7943535,"K06935.01",,"FALSE POSITIVE",91.91,4.719336335,1722.0,2.0580,6792.00,1
7947631,"K06936.01",,"FALSE POSITIVE",25.98,1.258274109,1207.0,0.5870,4937.00,1
7950775,"K06937.01",,"FALSE POSITIVE",56.94,8.966610607,1038.0,1.1320,6480.00,1
7955301,"K06938.01",,"FALSE POSITIVE",291.01,15.32763411,1472.0,6.7840,4830.00,1
7960295,"K06939.01",,"FALSE POSITIVE",67.03,2.10413487,1421.0,1.0000,5780.00,1
7960547,"K06940.01",,"FALSE POSITIVE",52.84,6.767341062,933.0,0.8430,5926.00,1
7967100,"K06941.01",,"FALSE POSITIVE",45.99,1.92730001,1614.0,1.1100,6057.00,1
8610483,"K07068.01",,"FALSE POSITIVE",67.36,48.79936881,525.0,0.9920,6170.00,1
8613446,"K07069.01",,"CANDIDATE",1.61,1.01485981,1928.0,1.0240,6158.00,1
8618226,"K07070.01",,"FALSE POSITIVE",119.09,5.882036054,1114.0,1.1870,5837.00,1
8621026,"K07071.01",,"FALSE POSITIVE",67.38,4.059428737,1455.0,1.3300,6610.00,1
8624860,"K07072.01",,"CANDIDATE",4.39,15.3902613,1459.0,4.9940,5649.00,1
8625408,"K07073.01",,"CANDIDATE",30.25,279.036565,323.0,1.2730,6072.00,1
8686442,"K07074.01",,"CANDIDATE",1.49,26.8552365,618.0,0.9550,6045.00,1
8690001,"K07075.01",,"FALSE POSITIVE",101.44,19.35954117,942.0,1.5670,6198.00,1
8693536,"K07076.01",,"CANDIDATE",1.28,16.2347636,852.0,1.1880,6478.00,1
9597854,"K07201.01",,"FALSE POSITIVE",0.89,1.287097944,1631.0,0.8520,5906.00,1
9602431,"K07202.01",,"FALSE POSITIVE",0.52,3.5565617,883.0,0.6330,4964.00,1
9602538,"K07203.01",,"FALSE POSITIVE",0.56,3.55646511,1076.0,0.8180,5475.00,1
9630640,"K07204.01",,"FALSE POSITIVE",374.78,3.661895766,1708.0,1.5890,6793.00,1
9635520,"K07205.01",,"CANDIDATE",39.82,2.3518268,1535.0,1.4260,5445.00,1
9635529,"K07206.01",,"FALSE POSITIVE",59.62,2.35195525,1678.0,1.2250,6550.00,1
9637299,"K07207.01",,"FALSE POSITIVE",74.77,1.882438182,1818.0,1.2130,6322.00,1
9639106,"K07208.01",,"CANDIDATE",0.87,3.57944367,1018.0,0.8010,5341.00,1
9640123,"K07209.01",,"CANDIDATE",3.28,8.2553499,1462.0,3.6000,5403.00,1
10490960,"K07335.01",,"FALSE POSITIVE",72.9,5.682410334,1141.0,1.1960,5897.00,1
10491031,"K07336.01",,"FALSE POSITIVE",118.99,2.199069234,2104.0,1.9250,6613.00,1
10535807,"K07337.01",,"FALSE POSITIVE",59.19,1.481655821,1935.0,1.1740,6478.00,1
10535858,"K07338.01",,"FALSE POSITIVE",0.38,0.93370968,865.0,0.4200,3615.00,1
10546063,"K07339.01",,"CANDIDATE",1.73,10.6982275,919.0,1.0970,6277.00,1
10547685,"K07340.01",,"FALSE POSITIVE",52.43,1.388509353,1836.0,1.1300,6075.00,1
10549576,"K07341.01",,"FALSE POSITIVE",68.91,9.089355023,1511.0,2.0150,7675.00,1
10552700,"K07342.01",,"FALSE POSITIVE",37.72,0.94808587,3359.0,2.8560,6875.00,1
11619964,"K07466.01",,"FALSE POSITIVE",61.14,10.368552685,845.0,0.9440,5855.00,1
11650543,"K07467.01",,"CANDIDATE",1.33,7.20558084,1253.0,1.6930,6002.00,1
11651105,"K07468.01",,"FALSE POSITIVE",19.71,13.8602646,690.0,0.7960,5667.00,1
11662440,"K07469.01",,"FALSE POSITIVE",44,13.639480425,680.0,0.8460,5461.00,1
11671646,"K07470.01",,"CANDIDATE",1.9,392.50115,225.0,0.9880,5128.00,1
11672354,"K07471.01",,"CANDIDATE",1.3,5.29655591,1156.0,1.1000,6268.00,1
11704044,"K07472.01",,"FALSE POSITIVE",60.49,6.882686062,921.0,0.9480,5704.00,1
11706658,"K07473.01",,"FALSE POSITIVE",19.09,1.407937865,1179.0,0.7410,4627.00,1
2708445,"K06288.01",,"FALSE POSITIVE",164.49,1.89117723,3536.0,6.8600,5086.00,1
2708614,"K06289.01",,"FALSE POSITIVE",48.13,52.884577,555.0,1.0780,6483.00,1
2711114,"K06290.01",,"FALSE POSITIVE",54.36,1.429439352,2079.0,1.3710,6491.00,1
2716979,"K06291.01",,"CANDIDATE",0.98,8.8324193,999.0,1.1330,6060.00,1
2720354,"K06292.01",,"FALSE POSITIVE",40,2.821328194,1807.0,1.5060,6701.00,1
2834463,"K06293.01",,"CANDIDATE",1.21,5.88836941,1125.0,1.0840,6243.00,1
2852560,"K06294.01",,"FALSE POSITIVE",51.58,11.961308501,696.0,0.7850,5564.00,1
2856960,"K06295.01",,"FALSE POSITIVE",8.99,204.280255,236.0,0.7270,4907.00,2
4484356,"K06420.01",,"FALSE POSITIVE",29.45,0.572079631,1716.0,0.6390,5233.00,1
4489844,"K06421.01",,"FALSE POSITIVE",0.54,0.822314545,1922.0,0.9380,5709.00,1
4540632,"K06422.01",,"FALSE POSITIVE",141.82,31.005392846,682.0,1.7840,5023.00,1
4544623,"K06423.01",,"FALSE POSITIVE",13.92,2.189097,647.0,0.4060,3624.00,1
4565985,"K06424.01",,"FALSE POSITIVE",52.64,17.51191534,2246.0,20.8880,4029.00,1
4567118,"K06425.01",,"CANDIDATE",1.5,521.10826,231.0,0.9470,5942.00,1
4569590,"K06426.01",,"FALSE POSITIVE",59.95,41.3701638,1133.0,6.8830,4764.00,1
4574310,"K06427.01",,"FALSE POSITIVE",83.16,1.306220168,2095.0,1.1240,6600.00,1
4575824,"K06428.01",,"FALSE POSITIVE",1.56,631.632,201.0,0.8940,5689.00,1
5216727,"K06543.01",,"FALSE POSITIVE",77.4,0.756511623,2549.0,1.4170,6343.00,1
5218014,"K06544.01",,"FALSE POSITIVE",319.52,10.845286549,1682.0,7.0230,5096.00,1
5255552,"K06545.01",,"FALSE POSITIVE",23.48,32.45541269,392.0,0.5430,4869.00,1
5263167,"K06546.01",,"CANDIDATE",1.03,3.39401963,1306.0,1.0290,6181.00,1
5266937,"K06547.01",,"FALSE POSITIVE",75.86,5.917085496,1005.0,0.9870,5661.00,1
5269407,"K06548.01",,"FALSE POSITIVE",45.91,0.958871144,1743.0,0.8920,5530.00,1
5271803,"K06549.01",,"FALSE POSITIVE",6.2,0.5402463,3249.0,1.4980,7296.00,1
5272571,"K06550.01",,"FALSE POSITIVE",2.18,1.288046428,2945.0,3.8710,5216.00,1
6228703,"K06678.01",,"FALSE POSITIVE",105.07,4.200206781,1737.0,1.9230,6873.00,1
6231401,"K06679.01",,"FALSE POSITIVE",26.96,6.091954982,1036.0,0.9130,6063.00,1
6265961,"K06680.01",,"CANDIDATE",0.8,5.52507406,1028.0,1.0370,5600.00,1
6279823,"K06681.01",,"FALSE POSITIVE",6149.09,485.52409,191.0,0.8000,5227.00,1
6283224,"K06682.01",,"FALSE POSITIVE",42.33,0.76647343,1628.0,0.7220,5297.00,1
6285094,"K06683.01",,"FALSE POSITIVE",1.03,5.2439783,1068.0,0.9560,6029.00,1
6285396,"K06684.01",,"FALSE POSITIVE",0.88,5.2436639,1059.0,0.8620,6212.00,1
6285397,"K06685.01",,"FALSE POSITIVE",0.76,5.2438269,743.0,0.6890,4634.00,1
7032968,"K06812.01",,"FALSE POSITIVE",0.27,0.56678702,2356.0,0.9990,6045.00,1
7033713,"K06813.01",,"FALSE POSITIVE",0.79,2.19642864,1193.0,0.8060,5376.00,1
7033748,"K06814.01",,"FALSE POSITIVE",82.04,2.19635512,1793.0,1.2730,6438.00,1
7049486,"K06815.01",,"FALSE POSITIVE",66.69,26.718417546,727.0,1.2860,5957.00,1
7050754,"K06816.01",,"FALSE POSITIVE",3.5,0.615787196,3886.0,3.0750,6315.00,1
7090801,"K06817.01",,"FALSE POSITIVE",2.35,548.08441,222.0,1.0000,5780.00,1
7097571,"K06818.01",,"FALSE POSITIVE",57.06,2.213964145,1891.0,1.5140,6256.00,1
7103300,"K06819.01",,"CANDIDATE",1.01,3.226232203,1620.0,1.4370,6534.00,1
7970629,"K06942.01",,"FALSE POSITIVE",43.68,1.025534511,1896.0,0.9190,6267.00,1
7970760,"K06943.01",,"FALSE POSITIVE",53.4,7.64941291,1050.0,1.0760,6387.00,1
7971389,"K06944.01",,"FALSE POSITIVE",51.06,13.174807933,811.0,0.9970,6067.00,1
7976136,"K06945.01",,"FALSE POSITIVE",26.41,0.655094658,2173.0,1.0120,6063.00,1
7976435,"K06946.01",,"FALSE POSITIVE",,3.33287187,,,,1
7985167,"K06947.01",,"FALSE POSITIVE",67.05,0.692239369,2594.0,1.3580,6163.00,1
7987749,"K06948.01",,"FALSE POSITIVE",73.8,17.030857558,836.0,1.4230,5575.00,1
8007675,"K06949.01",,"CANDIDATE",1.24,2.352446342,2173.0,2.0030,6749.00,1
8700506,"K07077.01",,"FALSE POSITIVE",93.43,43.797829003,668.0,1.2920,6860.00,1
8701327,"K07078.01",,"FALSE POSITIVE",133.79,4.254417651,1360.0,1.2350,6292.00,1
8711548,"K07079.01",,"FALSE POSITIVE",127.57,18.778162159,1002.0,1.7100,6794.00,1
8713828,"K07080.01",,"FALSE POSITIVE",,1.25451792,,,,2
8719897,"K07081.01",,"FALSE POSITIVE",246.75,1.575710265,2630.0,4.2930,5017.00,1
8736245,"K07082.01",,"FALSE POSITIVE",52.52,2.534740757,1230.0,0.7810,5810.00,1
8738115,"K07083.01",,"FALSE POSITIVE",43.08,37.59406667,554.0,0.9170,5941.00,1
8739209,"K07084.01",,"FALSE POSITIVE",1.07,3.6972959,1571.0,1.5940,6313.00,1
8746310,"K07085.01",,"FALSE POSITIVE",33.93,6.855624762,987.0,0.9310,6109.00,1
9640921,"K07210.01",,"FALSE POSITIVE",15.47,80.7060641,428.0,0.9490,6053.00,1
9640921,"K07210.02",,"FALSE POSITIVE",1.22,2.17814513,1428.0,0.9490,6053.00,3
9641031,"K07211.01",,"FALSE POSITIVE",77.59,1.089077111,2045.0,1.1760,6126.00,1
9641103,"K07212.01",,"FALSE POSITIVE",0.44,1.089057762,1404.0,0.7370,5096.00,1
9644411,"K07213.01",,"FALSE POSITIVE",1.59,0.379412331,1643.0,0.6660,4331.00,1
9644683,"K07214.01",,"FALSE POSITIVE",26.57,0.585940879,1873.0,0.7970,5459.00,1
9651602,"K07215.01",,"CANDIDATE",0.83,3.90735046,1007.0,0.8090,5497.00,1
9652166,"K07216.01",,"FALSE POSITIVE",0.85,0.646523404,3163.0,1.6310,7257.00,1
10556578,"K07343.01",,"FALSE POSITIVE",34.05,0.626431697,1709.0,0.7210,5134.00,2
10583181,"K07344.01",,"FALSE POSITIVE",80.71,2.696354974,1815.0,1.5790,6472.00,1
10586619,"K07345.01",,"CANDIDATE",2.16,377.501257,242.0,0.9400,5751.00,1
10592163,"K07346.01",,"FALSE POSITIVE",53.72,14.762889172,759.0,1.0310,5691.00,1
10597164,"K07347.01",,"FALSE POSITIVE",2.97,4.5638537,1533.0,2.3900,5446.00,1
10601538,"K07348.01",,"FALSE POSITIVE",1.2,1.463775066,2308.0,1.6510,6781.00,1
10601579,"K07349.01",,"FALSE POSITIVE",123.02,8.098754149,1176.0,1.4500,6328.00,1
10613718,"K07350.01",,"FALSE POSITIVE",29.98,0.587938916,1800.0,0.7400,5237.00,1
8557246,"K07895.01",,"FALSE POSITIVE",2.02,246.87131,302.0,0.9600,6168.00,2
11709022,"K07474.01",,"FALSE POSITIVE",,0.71957289,,,,1
11724091,"K07475.01",,"FALSE POSITIVE",129.87,1.559090282,2905.0,2.6240,7279.00,1
11757422,"K07476.01",,"FALSE POSITIVE",0.66,1.81993557,907.0,0.5780,4205.00,1
11763910,"K07477.01",,"FALSE POSITIVE",0.93,0.612888148,2796.0,1.3680,6720.00,1
11768970,"K07478.01",,"FALSE POSITIVE",149.19,15.541358818,1174.0,3.5400,5092.00,1
11773625,"K07479.01",,"CANDIDATE",1.1,7.1969168,1132.0,1.5750,5530.00,1
11775530,"K07480.01",,"FALSE POSITIVE",1.21,12.8177012,999.0,1.3850,6290.00,1
11811454,"K07481.01",,"FALSE POSITIVE",104.26,2.274628199,2092.0,1.9470,6389.00,1
8560280,"K07896.01",,"FALSE POSITIVE",11.4,85.338393,741.0,4.6960,4850.00,1
2860594,"K06296.01",,"FALSE POSITIVE",59.94,5.499941793,1878.0,2.6340,7079.00,1
2860788,"K06297.01",,"FALSE POSITIVE",34.05,2.629870555,1291.0,0.9670,5566.00,1
2969638,"K06298.01",,"FALSE POSITIVE",,1.97362159,,,,1
2970670,"K06299.01",,"CANDIDATE",0.67,0.947554749,1633.0,0.8400,5508.00,1
2973509,"K06300.01",,"FALSE POSITIVE",82.03,6.62761199,1204.0,1.3330,6316.00,1
2994092,"K06301.01",,"CANDIDATE",2.94,50.271927,589.0,1.2150,6520.00,1
2998124,"K06302.01",,"FALSE POSITIVE",74.25,28.597880332,1014.0,2.4740,6590.00,1
3098194,"K06303.01",,"FALSE POSITIVE",71.42,30.476518853,592.0,1.0730,5527.00,1
4578594,"K06429.01",,"FALSE POSITIVE",50.74,252.1638623,242.0,0.7450,5432.00,1
4587448,"K06430.01",,"FALSE POSITIVE",,2.23416013,,,,1
4633434,"K06431.01",,"FALSE POSITIVE",39.79,22.271198511,515.0,0.7300,5068.00,1
4661634,"K06432.01",,"FALSE POSITIVE",39.18,73.894163515,392.0,0.8410,5442.00,1
4665989,"K06433.01",,"FALSE POSITIVE",98.04,1.124033822,2547.0,1.5630,7141.00,1
4671584,"K06434.01",,"FALSE POSITIVE",47.68,2.796661168,1661.0,1.3260,6331.00,1
4678171,"K06435.01",,"FALSE POSITIVE",54.56,15.288709179,509.0,0.7190,4464.00,1
4681152,"K06436.01",,"FALSE POSITIVE",46.3,1.83592242,1501.0,0.9760,5930.00,1
4725292,"K06437.01",,"FALSE POSITIVE",,1.15495063,,,,2
8297017,"K07879.01",,"CANDIDATE",6.15,128.208643,792.0,3.8110,7128.00,2
5282656,"K06551.01",,"FALSE POSITIVE",1.06,1.516372183,1686.0,1.0460,6142.00,1
5284133,"K06552.01",,"FALSE POSITIVE",104.57,8.784575777,1555.0,1.9140,8144.00,1
5285607,"K06553.01",,"FALSE POSITIVE",56.11,1.949700508,1716.0,1.1930,6469.00,1
5286786,"K06554.01",,"FALSE POSITIVE",29.19,9.948701373,704.0,0.7860,5152.00,1
5288543,"K06555.01",,"FALSE POSITIVE",86.12,3.457078812,1603.0,1.4820,6526.00,1
5294739,"K06556.01",,"FALSE POSITIVE",571.07,3.735993484,2063.0,4.0550,5467.00,1
5295206,"K06557.01",,"CANDIDATE",1.04,6.63448023,1177.0,1.2250,6463.00,1
5298620,"K06558.01",,"FALSE POSITIVE",0.87,12.4239677,606.0,0.6980,4995.00,1
5300878,"K06559.01",,"FALSE POSITIVE",46.59,0.639721284,1505.0,0.6250,4794.00,1
6292732,"K06686.01",,"FALSE POSITIVE",0.64,1.25338826,1651.0,0.9420,5869.00,1
6307000,"K06687.01",,"CANDIDATE",0.87,1.002591901,1391.0,0.7390,4893.00,1
6311637,"K06688.01",,"FALSE POSITIVE",43.95,1.620813697,1733.0,1.1770,5757.00,1
6345758,"K06689.01",,"CANDIDATE",0.98,3.37116682,1291.0,1.1630,5653.00,1
6364126,"K06690.01",,"FALSE POSITIVE",2.83,5.2434664,831.0,0.7660,5047.00,1
6364195,"K06691.01",,"FALSE POSITIVE",0.81,5.2439542,778.0,0.6910,4920.00,1
6364200,"K06692.01",,"FALSE POSITIVE",0.91,5.2441517,1056.0,0.9250,6060.00,1
6364247,"K06693.01",,"FALSE POSITIVE",0.58,5.2443332,1054.0,0.9710,5952.00,1
7105574,"K06820.01",,"FALSE POSITIVE",51.9,20.726069913,657.0,0.9020,6011.00,1
7115200,"K06821.01",,"FALSE POSITIVE",0.57,0.566801447,2633.0,1.3490,5966.00,1
7115332,"K06822.01",,"FALSE POSITIVE",1.15,0.566794934,2457.0,1.0490,6395.00,1
7115463,"K06823.01",,"FALSE POSITIVE",0.88,0.566800287,2260.0,0.9690,6075.00,1
7115597,"K06824.01",,"FALSE POSITIVE",1.54,0.566791946,2160.0,0.9700,5836.00,1
7115878,"K06825.01",,"FALSE POSITIVE",0.89,0.566790294,2432.0,1.0930,6100.00,1
7116043,"K06826.01",,"FALSE POSITIVE",0.77,0.566799725,2289.0,1.1320,5576.00,1
7116226,"K06827.01",,"FALSE POSITIVE",1.07,0.566801325,2383.0,1.0210,6273.00,1
8008128,"K06950.01",,"FALSE POSITIVE",29.77,14.854415674,798.0,1.0220,6214.00,1
8009500,"K06951.01",,"FALSE POSITIVE",33.8,38.47674409,463.0,0.7900,5294.00,1
8013289,"K06952.01",,"FALSE POSITIVE",31.72,10.643110689,1038.0,1.4730,5930.00,1
8016214,"K06953.01",,"FALSE POSITIVE",41.52,1.587485742,1460.0,0.8210,5863.00,1
8016692,"K06954.01",,"CANDIDATE",0.91,6.613671,1266.0,1.5970,6056.00,1
8027902,"K06955.01",,"FALSE POSITIVE",1.54,1.79621807,2480.0,2.0900,7117.00,1
8039925,"K06956.01",,"FALSE POSITIVE",1.23,20.2594232,837.0,1.2690,6602.00,1
8042644,"K06957.01",,"CANDIDATE",0.76,1.48062814,1653.0,0.9370,6187.00,1
8081389,"K06958.01",,"FALSE POSITIVE",115.45,1.489442254,2328.0,1.6200,6962.00,1
8750094,"K07086.01",,"FALSE POSITIVE",21.07,1.12679793,1590.0,0.8400,5662.00,1
8758161,"K07087.01",,"FALSE POSITIVE",88.64,0.998217563,2795.0,1.7550,6980.00,1
8760760,"K07088.01",,"CANDIDATE",0.92,2.68814059,1135.0,0.7340,5636.00,1
8767034,"K07089.01",,"FALSE POSITIVE",0.48,0.58640848,1444.0,0.6150,4556.00,1
8773948,"K07090.01",,"FALSE POSITIVE",127.38,33.46947449,972.0,3.0750,5934.00,1
8784288,"K07091.01",,"FALSE POSITIVE",118.28,1.827558898,2178.0,2.0770,5977.00,1
8804358,"K07092.01",,"FALSE POSITIVE",1.9,62.519211,520.0,1.1370,6343.00,1
8807057,"K07093.01",,"CANDIDATE",1.41,97.991569,467.0,1.1690,6499.00,1
8508493,"K07890.01",,"FALSE POSITIVE",2.63,349.85525,251.0,0.8850,5941.00,1
9652632,"K07217.01",,"FALSE POSITIVE",83.26,2.488812012,1852.0,1.4970,6499.00,1
9655424,"K07218.01",,"FALSE POSITIVE",1.09,0.51811818,2360.0,0.9290,6240.00,1
9657636,"K07219.01",,"FALSE POSITIVE",1.07,542.52829,266.0,1.2120,6099.00,1
9658089,"K07220.01",,"CANDIDATE",0.97,1.057080807,1805.0,0.9460,6000.00,1
9665503,"K07221.01",,"FALSE POSITIVE",45.65,11.567974732,628.0,0.6480,5290.00,1
9673173,"K07222.01",,"FALSE POSITIVE",71.55,21.294733865,771.0,1.2780,6039.00,1
9674320,"K07223.01",,"CANDIDATE",1.59,317.062416,218.0,0.7150,5366.00,1
9693803,"K07224.01",,"CANDIDATE",1.62,13.4959496,784.0,1.0190,5962.00,1
9711751,"K07225.01",,"FALSE POSITIVE",72.82,0.855763492,2464.0,1.3260,6679.00,1
10619109,"K07351.01",,"FALSE POSITIVE",131.41,2.045166206,2422.0,2.1350,7128.00,1
10646620,"K07352.01",,"FALSE POSITIVE",2.11,2.41349123,2348.0,2.5950,6628.00,1
10649230,"K07353.01",,"FALSE POSITIVE",1.42,0.447820618,3141.0,1.6070,5927.00,1
10659624,"K07354.01",,"CANDIDATE",1.61,43.2675604,664.0,1.7290,5747.00,1
10661913,"K07355.01",,"FALSE POSITIVE",0.54,1.23133063,1072.0,0.6310,4237.00,1
10661976,"K07356.01",,"FALSE POSITIVE",0.84,0.61566096,3459.0,2.2300,6619.00,1
10662021,"K07357.01",,"FALSE POSITIVE",0.81,1.23140522,1756.0,1.1180,5600.00,1
10665228,"K07358.01",,"CANDIDATE",1.26,11.3251153,674.0,0.7270,5334.00,1
8560927,"K07897.01",,"FALSE POSITIVE",0.87,31.9714488,674.0,1.3230,5846.00,1
11817750,"K07482.01",,"FALSE POSITIVE",68.93,9.762550001,1375.0,1.9500,7199.00,1
11825996,"K07483.01",,"CANDIDATE",0.68,16.9163386,648.0,0.8100,5628.00,1
11854636,"K07484.01",,"CANDIDATE",2.14,37.0200232,507.0,0.8860,5685.00,1
11855538,"K07485.01",,"FALSE POSITIVE",1.16,2.521265,2049.0,1.8740,6306.00,1
11858541,"K07486.01",,"FALSE POSITIVE",51.63,5.674353343,1053.0,1.0710,5594.00,1
11873166,"K07487.01",,"FALSE POSITIVE",51.42,0.734426335,2106.0,0.9970,6108.00,1
11873171,"K07488.01",,"FALSE POSITIVE",0.98,0.734426409,2223.0,1.0050,6406.00,1
11904704,"K07489.01",,"CANDIDATE",0.81,0.565713361,1917.0,0.8810,5220.00,1
3102024,"K06304.01",,"FALSE POSITIVE",41.84,13.782522208,605.0,0.6680,5246.00,1
3110937,"K06305.01",,"FALSE POSITIVE",0.73,1.89121656,1434.0,0.8840,5741.00,1
3115480,"K06306.01",,"FALSE POSITIVE",62.55,3.693702974,1453.0,1.3960,6309.00,1
3120320,"K06307.01",,"FALSE POSITIVE",61.45,10.265613245,1000.0,1.4230,5865.00,1
3127817,"K06308.01",,"FALSE POSITIVE",85.64,2.163569702,1996.0,1.7180,6425.00,1
3228740,"K06309.01",,"FALSE POSITIVE",0.57,0.730956716,2192.0,1.0780,6028.00,1
3230206,"K06310.01",,"FALSE POSITIVE",1.54,7.04715073,932.0,0.9110,5941.00,1
3230227,"K06311.01",,"FALSE POSITIVE",119.64,7.047106212,1846.0,2.3210,8162.00,1
4729553,"K06438.01",,"FALSE POSITIVE",92.55,0.961292561,2344.0,1.4040,6300.00,1
4736208,"K06439.01",,"FALSE POSITIVE",71.45,63.68192888,486.0,1.0540,5979.00,1
4737302,"K06441.01",,"FALSE POSITIVE",178.47,9.455586047,1972.0,4.2400,7221.00,1
4739194,"K06442.01",,"FALSE POSITIVE",81.28,1.246585716,1992.0,1.1830,6440.00,1
4739565,"K06443.01",,"FALSE POSITIVE",1.51,0.898932836,2489.0,1.8720,5712.00,1
4740688,"K06444.01",,"FALSE POSITIVE",0.95,3.45423296,743.0,0.6350,4186.00,1
4753988,"K06445.01",,"FALSE POSITIVE",59.02,7.304451735,931.0,0.9000,6024.00,1
4757331,"K06446.01",,"FALSE POSITIVE",37.78,1.181046137,1389.0,0.6920,5229.00,1
5301955,"K06560.01",,"FALSE POSITIVE",,0.68396452,,,,1
5306862,"K06561.01",,"FALSE POSITIVE",43.23,2.025580416,2102.0,1.9900,6348.00,1
5307574,"K06562.01",,"FALSE POSITIVE",1.05,58.64379,437.0,0.7750,5833.00,1
5308778,"K06563.01",,"FALSE POSITIVE",22.46,20.28281916,1141.0,3.9560,5043.00,1
5310435,"K06564.01",,"FALSE POSITIVE",139.59,4.931365987,1755.0,2.2630,6562.00,1
5343976,"K06565.01",,"FALSE POSITIVE",38.82,4.331392455,1051.0,0.8540,5655.00,1
5347537,"K06566.01",,"FALSE POSITIVE",44.91,345.1846728,257.0,0.9710,5712.00,1
5347784,"K06567.01",,"FALSE POSITIVE",99.66,9.58405667,1212.0,2.2750,5605.00,1
6364294,"K06694.01",,"FALSE POSITIVE",1.1,5.2436612,1249.0,1.1450,6598.00,1
6367439,"K06695.01",,"FALSE POSITIVE",0.48,3.7789374,860.0,0.6050,5017.00,1
6367628,"K06696.01",,"FALSE POSITIVE",73.04,1.88984957,1221.0,0.7160,5328.00,1
6368222,"K06697.01",,"CANDIDATE",,82.97062172,,,,3
6372268,"K06698.01",,"CANDIDATE",,5.22422449,,,,1
6384840,"K06699.01",,"FALSE POSITIVE",1.04,2.49904083,1258.0,0.9300,5525.00,1
6386784,"K06700.01",,"FALSE POSITIVE",0.75,1.99567242,2137.0,1.6900,6773.00,1
6390236,"K06701.01",,"FALSE POSITIVE",0.57,0.89879279,2116.0,1.0960,6224.00,1
6421188,"K06702.01",,"FALSE POSITIVE",25.25,16.434352831,789.0,1.1340,5963.00,1
7116236,"K06828.01",,"FALSE POSITIVE",1.17,0.566793818,2027.0,0.8280,5707.00,1
7117513,"K06829.01",,"FALSE POSITIVE",1.04,0.566797474,2270.0,1.0070,6046.00,1
7117541,"K06830.01",,"FALSE POSITIVE",50.53,1.585673651,1648.0,1.0250,6117.00,1
7118545,"K06831.01",,"FALSE POSITIVE",47.71,14.797219157,787.0,0.9310,6343.00,1
7125636,"K06832.01",,"FALSE POSITIVE",33.46,6.49066214,621.0,0.5630,4448.00,1
7128918,"K06833.01",,"FALSE POSITIVE",41.17,7.11879848,819.0,0.7540,5578.00,1
7132015,"K06834.01",,"FALSE POSITIVE",216.92,6.99510404,7492.0,229.9080,3681.00,1
7135549,"K06835.01",,"CANDIDATE",,22.50053441,,,,1
8088354,"K06959.01",,"FALSE POSITIVE",54.35,2.897829967,1454.0,1.0770,6318.00,1
8091197,"K06960.01",,"CANDIDATE",1.2,4.88698386,1133.0,1.0090,6152.00,1
8094140,"K06961.01",,"FALSE POSITIVE",47.64,0.706428634,1416.0,0.7360,4429.00,1
8094221,"K06962.01",,"FALSE POSITIVE",19.93,10.8632531,802.0,0.9140,5896.00,1
8097825,"K06963.01",,"FALSE POSITIVE",40.3,1.46842648,1559.0,0.9590,5539.00,1
8098300,"K06964.01",,"FALSE POSITIVE",71.49,4.305917719,1266.0,1.0370,6502.00,1
8098515,"K06965.01",,"FALSE POSITIVE",,1.28659726,,,,1
8098960,"K06966.01",,"CANDIDATE",1.35,8.47484677,780.0,0.7850,5564.00,1
8104436,"K06967.01",,"FALSE POSITIVE",16.24,2.535389624,1113.0,0.7060,5488.00,1
8815279,"K07094.01",,"CANDIDATE",,13.56092626,,,,1
8822585,"K07095.01",,"FALSE POSITIVE",1.42,1.627538928,2520.0,2.0880,6854.00,1
8823397,"K07096.01",,"FALSE POSITIVE",178.15,1.506503686,3250.0,2.3520,8751.00,1
8841616,"K07097.01",,"FALSE POSITIVE",28.99,1.679585725,970.0,0.5540,4462.00,1
8845221,"K07098.01",,"FALSE POSITIVE",108.46,5.40346248,1559.0,1.9840,6350.00,1
8845552,"K07099.01",,"CANDIDATE",1.05,34.0357766,337.0,0.5010,4367.00,1
8848104,"K07100.01",,"FALSE POSITIVE",78,0.824851807,2539.0,1.6540,5658.00,1
8848115,"K07101.01",,"FALSE POSITIVE",97.92,0.82484293,8138.0,41.4240,4148.00,1
8868657,"K07102.01",,"FALSE POSITIVE",1.52,4.4473549,954.0,0.7640,5531.00,1
9726452,"K07226.01",,"CANDIDATE",,42.48452259,,,,1
9762514,"K07227.01",,"FALSE POSITIVE",1.23,7.51509713,685.0,0.6960,4867.00,1
9762519,"K07228.01",,"FALSE POSITIVE",35.8,7.51514595,842.0,0.7770,5624.00,1
9777062,"K07229.01",,"FALSE POSITIVE",186.53,19.230038188,1361.0,2.9160,7703.00,1
9786821,"K07230.01",,"FALSE POSITIVE",31.2,21.120005744,880.0,1.5980,6195.00,1
9790965,"K07231.01",,"FALSE POSITIVE",91.21,0.82206761,2941.0,1.9210,6531.00,1
9790965,"K07231.02",,"CANDIDATE",13333.5,4.74701479,1640.0,1.9210,6531.00,2
9811915,"K07232.01",,"CANDIDATE",1.18,1.96682825,1283.0,0.7960,5595.00,1
9818732,"K07233.01",,"FALSE POSITIVE",82.4,45.035589512,600.0,1.1530,6484.00,1
10665749,"K07359.01",,"CANDIDATE",2.26,4.237447181,1172.0,0.9930,5993.00,1
10670112,"K07360.01",,"CANDIDATE",7.76,4.0953585,1680.0,1.7000,6839.00,1
10680424,"K07361.01",,"CANDIDATE",1.16,0.92623983,1208.0,0.5910,4494.00,1
10685175,"K07362.01",,"FALSE POSITIVE",2.64,3.10197712,2246.0,1.7970,8709.00,1
10686876,"K07363.01",,"FALSE POSITIVE",109.33,2.618414643,2582.0,2.3610,8143.00,1
10686930,"K07364.01",,"FALSE POSITIVE",2.16,2.61844178,2033.0,3.2930,5088.00,1
10711913,"K07365.01",,"FALSE POSITIVE",44.96,19.407958161,633.0,0.7990,5702.00,1
10732401,"K07366.01",,"FALSE POSITIVE",8.93,0.933747375,2003.0,1.0240,6224.00,1
11906217,"K07490.01",,"FALSE POSITIVE",29.45,37.910213899,358.0,0.5600,4623.00,1
11913052,"K07491.01",,"FALSE POSITIVE",9.04,3.74785307,2440.0,7.7000,4929.00,1
11913071,"K07492.01",,"FALSE POSITIVE",141.7,3.747835042,2697.0,3.0650,8529.00,1
11918482,"K07493.01",,"FALSE POSITIVE",224.79,0.94754848,622.0,0.2000,3246.00,1
11922648,"K07494.01",,"FALSE POSITIVE",0.58,1.75643185,1366.0,0.8120,5696.00,1
11922782,"K07495.01",,"FALSE POSITIVE",87.4,1.756466865,1831.0,1.4650,5726.00,1
11923819,"K07496.01",,"FALSE POSITIVE",146.47,33.159475806,1068.0,2.3790,7967.00,1
11959569,"K07497.01",,"FALSE POSITIVE",114.2,46.14869106,647.0,1.9350,5383.00,1
11966557,"K07498.01",,"FALSE POSITIVE",63.57,60.2976774,481.0,0.9770,5995.00,1
5897826,"K00126.02",,"CANDIDATE",0.73,0.875197345,2518.0,1.7960,5855.00,3
3240158,"K01106.03",,"CANDIDATE",1.5,13.2298203,856.0,1.1760,6049.00,3
2837111,"K01110.02",,"CANDIDATE",0.84,3.71840884,1184.0,0.9600,5982.00,2
3241619,"K06312.01",,"FALSE POSITIVE",47.62,1.703347524,1202.0,0.6480,5325.00,1
3241662,"K06313.01",,"FALSE POSITIVE",0.86,1.70332915,1420.0,0.8640,5749.00,1
3245000,"K06314.01",,"FALSE POSITIVE",16.5,20.413812,586.0,0.8260,5514.00,1
3246867,"K06315.01",,"CANDIDATE",0.7,5.32737192,782.0,0.6790,4905.00,1
3247294,"K06316.01",,"FALSE POSITIVE",49.46,67.41958542,470.0,0.9620,6071.00,1
3248332,"K06317.01",,"FALSE POSITIVE",82.22,7.363572395,1287.0,1.5080,6793.00,2
3249334,"K06318.01",,"CANDIDATE",1.26,5.90260586,759.0,0.7070,4960.00,1
3323289,"K06319.01",,"FALSE POSITIVE",68.86,33.693201537,518.0,0.8990,5427.00,1
3324069,"K06320.01",,"CANDIDATE",2.36,22.80265,1045.0,3.3240,5011.00,1
4758350,"K06447.01",,"FALSE POSITIVE",66.58,1.120997701,3992.0,4.8450,6720.00,1
4758368,"K06448.01",,"FALSE POSITIVE",378.99,1.874967748,4440.0,18.3280,4588.00,1
4760959,"K06449.01",,"CANDIDATE",1.58,29.9315174,517.0,0.8090,5551.00,1
4764969,"K06450.01",,"CANDIDATE",0.78,0.602277579,2699.0,1.2280,6510.00,1
4768756,"K06451.01",,"FALSE POSITIVE",0.42,2.40440112,1172.0,0.7690,5433.00,1
4769824,"K06452.01",,"FALSE POSITIVE",1.26,21.926779,618.0,0.8680,5853.00,1
4773155,"K06453.01",,"FALSE POSITIVE",67.11,25.706001174,579.0,0.9030,5642.00,1
4830859,"K06454.01",,"CANDIDATE",1.34,27.2173855,667.0,1.0190,6263.00,1
4832273,"K06455.01",,"FALSE POSITIVE",1.83,501.90703,254.0,1.0360,6316.00,1
5353938,"K06568.01",,"CANDIDATE",0.65,6.27651592,532.0,0.5150,3914.00,1
5359678,"K06569.01",,"FALSE POSITIVE",61.66,3.115304946,1404.0,1.0870,6367.00,1
5380812,"K06570.01",,"CANDIDATE",3.53,16.214474,1256.0,2.6370,6801.00,4
5385469,"K06571.01",,"FALSE POSITIVE",0.86,12.422524,1107.0,1.4140,7225.00,1
5385647,"K06572.01",,"FALSE POSITIVE",1.66,12.4269264,906.0,1.5050,5349.00,1
5385667,"K06573.01",,"FALSE POSITIVE",1.88,12.4261809,976.0,1.4320,5948.00,1
5388229,"K06574.01",,"FALSE POSITIVE",39.52,0.61810542,1994.0,0.9490,5371.00,1
5389184,"K06575.01",,"FALSE POSITIVE",0.9,1.06995136,1991.0,1.2210,5869.00,1
6421483,"K06703.01",,"FALSE POSITIVE",101.02,2.158398259,1829.0,1.9460,5210.00,1
6421937,"K06704.01",,"FALSE POSITIVE",64333.8,359.534371,491.0,5.8990,5087.00,2
6423922,"K06705.01",,"CANDIDATE",0.22,0.9951412,509.0,0.1090,3325.00,1
6428942,"K06706.01",,"FALSE POSITIVE",4.3,534.86668,328.0,1.7910,6668.00,1
6436505,"K06707.01",,"CANDIDATE",1.86,43.535891,444.0,0.7780,5481.00,1
6437993,"K06708.01",,"FALSE POSITIVE",0.49,1.39797542,1316.0,0.7610,5074.00,1
6442246,"K06709.01",,"FALSE POSITIVE",0.68,2.2127498,1801.0,1.4050,6195.00,1
6443392,"K06710.01",,"FALSE POSITIVE",48.15,0.776976021,2083.0,1.0420,5999.00,2
7137798,"K06836.01",,"FALSE POSITIVE",96.65,2.25353739,2056.0,1.6620,6951.00,1
7177553,"K06837.01",,"FALSE POSITIVE",114.45,17.99646148,1004.0,2.2490,5684.00,1
7177892,"K06838.01",,"FALSE POSITIVE",78.6,1.386249249,2137.0,1.5940,6226.00,1
7185487,"K06839.01",,"FALSE POSITIVE",0.54,0.53482911,753.0,0.2010,3229.00,1
7198648,"K06840.01",,"FALSE POSITIVE",1.27,0.566799833,1900.0,0.7890,5488.00,1
7199935,"K06841.01",,"FALSE POSITIVE",0.64,0.566795728,2755.0,1.3930,6130.00,1
7200102,"K06842.01",,"FALSE POSITIVE",67.17,14.665759784,712.0,1.0020,5385.00,1
7200225,"K06843.01",,"FALSE POSITIVE",0.75,0.566780836,2204.0,0.9620,5949.00,1
8488381,"K07888.01",,"CANDIDATE",0.6,4.7368156,1137.0,1.0110,6088.00,1
8111622,"K06968.01",,"FALSE POSITIVE",52.93,15.44605962,701.0,0.8970,5838.00,1
8112013,"K06969.01",,"FALSE POSITIVE",32.19,1.790518325,1850.0,1.2190,6586.00,1
8115647,"K06970.01",,"CANDIDATE",1.87,40.7698541,585.0,1.2100,5884.00,1
8120820,"K06971.01",,"CANDIDATE",2.01,129.222771,288.0,0.8090,4934.00,1
8123170,"K06972.01",,"FALSE POSITIVE",0.87,1.03905082,2297.0,1.2800,6558.00,1
8123937,"K06973.01",,"FALSE POSITIVE",2.99,0.503201954,3550.0,2.3060,6157.00,1
8128965,"K06974.01",,"FALSE POSITIVE",61.56,7.140373046,1132.0,1.3330,5945.00,1
8129189,"K06975.01",,"FALSE POSITIVE",142.04,53.647084859,753.0,2.9430,5261.00,1
8878681,"K07103.01",,"FALSE POSITIVE",112.28,2.496328637,2317.0,2.6150,6757.00,1
8879427,"K07104.01",,"FALSE POSITIVE",30.85,16.31328124,747.0,1.0060,6008.00,1
8879915,"K07105.01",,"FALSE POSITIVE",83.69,1.721313779,1627.0,1.0730,5960.00,1
8881169,"K07106.01",,"CANDIDATE",1.08,5.01880305,1178.0,1.0830,6220.00,1
8890996,"K07107.01",,"FALSE POSITIVE",1.13,1.50650745,2498.0,2.0200,6839.00,1
8906676,"K07108.01",,"FALSE POSITIVE",149.52,8.209514329,1371.0,2.1110,6258.00,1
8938628,"K07109.01",,"FALSE POSITIVE",47.48,3.431126546,1251.0,0.9690,5815.00,1
8940961,"K07110.01",,"FALSE POSITIVE",52,1.583334941,1548.0,0.9530,5846.00,1
8953278,"K07111.01",,"CANDIDATE",,23.59919017,,,,1
9821078,"K07234.01",,"FALSE POSITIVE",49.49,8.429438192,582.0,0.6800,4268.00,1
9821428,"K07235.01",,"CANDIDATE",1.15,299.70688,237.0,0.7600,5606.00,1
9837013,"K07236.01",,"CANDIDATE",1.05,14.461834,785.0,1.1960,5457.00,1
9848420,"K07237.01",,"FALSE POSITIVE",1.04,7.9320191,811.0,0.9050,5219.00,1
9850387,"K07238.01",,"FALSE POSITIVE",96.85,1.374249107,2725.0,2.1210,7053.00,1
9850912,"K07239.01",,"FALSE POSITIVE",1.85,8.4804737,930.0,0.9980,6092.00,1
9852050,"K07240.01",,"FALSE POSITIVE",,0.94242156,,,,1
9873869,"K07241.01",,"FALSE POSITIVE",62.69,4.994773558,1264.0,1.1810,6253.00,1
10736223,"K07367.01",,"FALSE POSITIVE",267.59,1.105094098,3771.0,2.9270,8011.00,1
10736489,"K07368.01","Kepler-1974 b","CONFIRMED",,6.842939,,,,1
10743600,"K07369.01",,"FALSE POSITIVE",57.56,0.8170226,1947.0,1.0000,5780.00,1
10751908,"K07370.01",,"CANDIDATE",0.96,4.48538145,962.0,0.7370,5654.00,1
10753734,"K07371.01",,"FALSE POSITIVE",57.97,19.40669392,597.0,0.7780,5622.00,1
10794242,"K07372.01",,"FALSE POSITIVE",44.78,7.143708297,943.0,0.9920,5655.00,1
10794405,"K07373.01",,"FALSE POSITIVE",28.44,0.952377862,1713.0,0.8630,5662.00,2
10809677,"K07374.01",,"FALSE POSITIVE",256.2,3.521050679,2434.0,6.6190,5149.00,1
10812541,"K07375.01",,"CANDIDATE",1.51,4.84847245,667.0,0.6470,4137.00,4
11967004,"K07499.01",,"FALSE POSITIVE",59.71,1.941635737,1728.0,1.1610,6525.00,1
11968490,"K07500.01",,"FALSE POSITIVE",68.65,0.539445498,2959.0,1.4560,6486.00,1
11970288,"K07501.01",,"FALSE POSITIVE",89.55,20.7106853,1246.0,2.8880,6956.00,1
12004679,"K07502.01",,"FALSE POSITIVE",56.59,2.521245368,1241.0,0.8540,5605.00,1
12004680,"K07503.01",,"FALSE POSITIVE",0.91,2.52122764,1177.0,0.8100,5546.00,1
12004689,"K07504.01",,"FALSE POSITIVE",0.81,2.5212708,1003.0,0.6370,5110.00,1
12013615,"K07505.01",,"FALSE POSITIVE",110.46,8.202869679,1190.0,1.6430,6060.00,1
12016243,"K07506.01",,"CANDIDATE",1.41,11.8436119,830.0,0.9990,6077.00,1
12022517,"K07507.01",,"FALSE POSITIVE",47.02,3.442714533,1157.0,0.8610,5819.00,1
6307521,"K01126.02",,"FALSE POSITIVE",28.22,475.91706,221.0,1.0040,5334.00,2
7037540,"K01347.02",,"FALSE POSITIVE",0.9,0.858285844,2274.0,1.3460,5945.00,3
11129738,"K01427.02",,"CANDIDATE",0.84,4.88446644,579.0,0.5170,3883.00,2
10028792,"K01574.04",,"CANDIDATE",1.79,8.9772888,1113.0,1.6990,5597.00,4
4860678,"K01602.02",,"CANDIDATE",1.55,3.03359398,1529.0,1.6160,5557.00,2
5531953,"K01681.04",,"CANDIDATE",10.39,21.9139549,303.0,0.4200,3638.00,3
4349442,"K01803.03",,"FALSE POSITIVE",0.7,6.238315363,746.0,0.7240,4914.00,3
7765528,"K01840.02",,"CANDIDATE",20.91,9.3888216,963.0,1.2400,5846.00,2
3327980,"K06321.01",,"FALSE POSITIVE",191.42,2.115510941,2701.0,2.6380,7563.00,1
3329643,"K06322.01",,"FALSE POSITIVE",1.98,1.015044104,1979.0,1.1240,5910.00,1
3335816,"K06323.01",,"FALSE POSITIVE",55.69,3.711013336,1436.0,1.2470,6338.00,1
3337438,"K06324.01",,"FALSE POSITIVE",5.65,2.97606298,2615.0,6.6690,5321.00,1
3337548,"K06325.01",,"FALSE POSITIVE",0.85,2.97586085,1135.0,0.8350,5481.00,1
3339538,"K06326.01",,"FALSE POSITIVE",121.59,14.658013949,855.0,1.6260,5146.00,1
3341934,"K06327.01",,"FALSE POSITIVE",45.2,18.839487435,734.0,1.0240,6208.00,1
3343866,"K06328.01",,"FALSE POSITIVE",1.9,0.555973803,3049.0,2.1170,5445.00,1
4839180,"K06456.01",,"FALSE POSITIVE",78.3,4.426344495,1316.0,1.2260,6228.00,1
4840263,"K06457.01",,"FALSE POSITIVE",110.91,0.957823876,2649.0,2.0330,5908.00,1
4840818,"K06458.01",,"FALSE POSITIVE",42.15,5.024768971,1159.0,0.9890,6322.00,1
4847832,"K06459.01",,"FALSE POSITIVE",62.08,30.960216668,527.0,0.9260,5291.00,1
4851217,"K06460.01",,"FALSE POSITIVE",157.82,2.470283788,2657.0,2.6750,7823.00,1
4851338,"K06461.01",,"FALSE POSITIVE",0.92,1.23516416,1866.0,1.0760,6249.00,1
4851356,"K06462.01",,"FALSE POSITIVE",0.7,1.23513471,1743.0,0.9970,5930.00,1
4862332,"K06463.01",,"FALSE POSITIVE",20.96,0.8903331,5714.0,18.3740,4981.00,1
4862625,"K06464.01",,"FALSE POSITIVE",21.57,20.000242814,746.0,1.0470,6373.00,1
5393558,"K06576.01",,"FALSE POSITIVE",81.1,10.217121652,994.0,1.3490,5931.00,1
5397905,"K06577.01",,"FALSE POSITIVE",0.51,0.618060842,1854.0,0.7930,5339.00,1
5444392,"K06578.01",,"FALSE POSITIVE",138.54,0.759764419,2715.0,1.9090,5807.00,1
5456979,"K06579.01",,"CANDIDATE",1.17,2.6528082,1280.0,0.9350,5778.00,1
5460835,"K06580.01",,"FALSE POSITIVE",53,21.539269242,674.0,0.9330,6136.00,1
5462901,"K06581.01",,"FALSE POSITIVE",37.93,5.270733213,693.0,0.6780,4348.00,1
5466109,"K06582.01",,"CANDIDATE",1.07,2.43135542,1422.0,0.9550,6231.00,1
5471010,"K06583.01",,"FALSE POSITIVE",1.3,12.4232158,685.0,0.8090,5497.00,1
6447326,"K06711.01",,"FALSE POSITIVE",1.66,4.3206933,1205.0,1.0310,6225.00,1
6448768,"K06712.01",,"FALSE POSITIVE",46.92,16.486796364,1053.0,2.0970,6020.00,1
6449291,"K06713.01",,"FALSE POSITIVE",3.13,5.7768734,1399.0,2.1620,5473.00,1
6449552,"K06714.01",,"FALSE POSITIVE",68.52,20.148807707,631.0,0.9180,5547.00,1
6452742,"K06715.01",,"FALSE POSITIVE",46.27,0.687772143,2097.0,0.9330,5885.00,1
6464285,"K06716.01",,"FALSE POSITIVE",39.98,0.843651274,1553.0,0.6950,5220.00,1
6466939,"K06717.01",,"FALSE POSITIVE",43.5,1.142946648,1293.0,0.6080,5058.00,1
6468938,"K06718.01",,"FALSE POSITIVE",89.71,7.217010987,1096.0,1.2110,6047.00,1
8429014,"K07885.01",,"FALSE POSITIVE",42.47,9.72869627,1126.0,1.3510,6881.00,1
7200301,"K06844.01",,"FALSE POSITIVE",0.66,0.566791802,2040.0,0.8870,5691.00,1
7203179,"K06845.01",,"FALSE POSITIVE",99.05,2.245738777,1737.0,1.3120,6508.00,1
7203194,"K06846.01",,"FALSE POSITIVE",0.74,2.24572117,1479.0,1.0260,6158.00,1
7204073,"K06847.01",,"FALSE POSITIVE",0.55,0.566801906,1344.0,0.5830,4208.00,2
7212722,"K06848.01",,"FALSE POSITIVE",49.53,2.316171991,1288.0,0.7950,5932.00,1
7217088,"K06849.01",,"CANDIDATE",1.88,12.54474243,840.0,1.1590,5767.00,1
7280953,"K06850.01",,"FALSE POSITIVE",,0.56680208,,,,1
7281217,"K06851.01",,"FALSE POSITIVE",1.49,0.566810701,1921.0,0.7520,5593.00,1
7281229,"K06852.01",,"FALSE POSITIVE",23.19,0.566813319,2313.0,1.0300,6108.00,1
8143170,"K06976.01",,"FALSE POSITIVE",91.26,28.787257509,971.0,3.9810,5154.00,1
8145789,"K06977.01",,"FALSE POSITIVE",30.54,0.835315046,1490.0,0.6900,5009.00,1
8145958,"K06978.01",,"CANDIDATE",0.84,3.07551068,1389.0,1.2420,5763.00,1
8155584,"K06979.01",,"FALSE POSITIVE",61.04,26.0164225,755.0,1.2800,6287.00,1
8155654,"K06980.01",,"CANDIDATE",1.08,6.29340543,1072.0,1.0760,6214.00,1
8158324,"K06981.01",,"FALSE POSITIVE",1.63,593.19521,234.0,1.0300,6103.00,1
8162376,"K06982.01",,"FALSE POSITIVE",0.41,0.706430188,1473.0,0.5680,5037.00,1
8167504,"K06983.01",,"CANDIDATE",0.85,7.7021729,888.0,0.9690,5618.00,1
8953281,"K07112.01",,"FALSE POSITIVE",1.14,0.78430061,1566.0,0.6810,5176.00,1
8953426,"K07113.01",,"FALSE POSITIVE",67.43,2.665875491,1502.0,1.1590,6234.00,1
8953475,"K07114.01",,"FALSE POSITIVE",0.99,2.6658312,1663.0,1.3530,6276.00,1
8957572,"K07115.01",,"FALSE POSITIVE",15.68,1.5765874,2946.0,3.1380,6742.00,1
8958811,"K07116.01",,"CANDIDATE",0.62,2.52557582,1364.0,1.0360,5821.00,1
8958939,"K07117.01",,"CANDIDATE",1.01,8.2927558,927.0,0.9430,6146.00,1
8958939,"K07117.02",,"CANDIDATE",1.45,22.786522,661.0,0.9430,6146.00,2
8973000,"K07118.01",,"FALSE POSITIVE",31.3,28.027891356,440.0,0.5440,5231.00,1
9881258,"K07242.01",,"FALSE POSITIVE",50.28,2.028512246,1542.0,1.0250,6105.00,1
9899153,"K07243.01",,"FALSE POSITIVE",0.63,1.33256167,1326.0,0.8280,4895.00,1
9899193,"K07244.01",,"FALSE POSITIVE",0.96,1.332567821,2395.0,1.6810,6600.00,1
9899410,"K07245.01",,"FALSE POSITIVE",28.37,1.332545609,5080.0,16.4860,5154.00,1
9899421,"K07246.01",,"FALSE POSITIVE",16.03,1.33256256,4529.0,12.5810,4601.00,1
9899577,"K07247.01",,"FALSE POSITIVE",0.67,1.33258981,1369.0,0.7630,5309.00,1
9899583,"K07248.01",,"FALSE POSITIVE",0.84,1.33258375,1727.0,0.9970,6108.00,1
9906489,"K07249.01",,"FALSE POSITIVE",28.97,8.9648813,1040.0,1.1590,6543.00,1
10815677,"K07376.01",,"CANDIDATE",1.18,1.284241817,1623.0,0.9190,5849.00,1
10816107,"K07377.01",,"FALSE POSITIVE",29.61,2.161583501,1646.0,1.2190,5888.00,1
10843431,"K07378.01","Kepler-1999 b","CONFIRMED",3.29,8.7396758,577.0,0.6280,4406.00,1
10847907,"K07379.01",,"FALSE POSITIVE",1.42,0.535493486,3181.0,1.8640,6328.00,1
10848097,"K07380.01",,"CANDIDATE",1.21,15.9474242,670.0,0.8770,5472.00,1
10849244,"K07381.01",,"FALSE POSITIVE",58.48,24.261683827,659.0,0.9830,6151.00,1
10857589,"K07382.01",,"FALSE POSITIVE",24.35,32.532521502,535.0,0.8380,5845.00,1
10866969,"K07383.01",,"CANDIDATE",1.2,50.0122,432.0,0.8140,5357.00,1
12022718,"K07508.01",,"FALSE POSITIVE",32.62,4.627775175,1039.0,0.8740,5845.00,1
12053823,"K07509.01",,"FALSE POSITIVE",2.5,28.7850347,993.0,2.4200,6581.00,1
12067960,"K07510.01",,"CANDIDATE",1.04,5.60682001,942.0,0.8530,5699.00,1
12071006,"K07511.01",,"FALSE POSITIVE",406.97,6.096030635,1925.0,2.6920,7598.00,1
12105785,"K07512.01",,"FALSE POSITIVE",47.96,31.953038766,864.0,2.7340,5524.00,1
12106875,"K07513.01",,"FALSE POSITIVE",1.17,5.9371708,945.0,0.9230,5475.00,1
12157983,"K07514.01",,"FALSE POSITIVE",18.93,0.577844035,1980.0,0.8160,5693.00,1
12164751,"K07515.01",,"FALSE POSITIVE",83.5,2.630090609,1551.0,1.1080,6315.00,1
12217907,"K07516.01",,"FALSE POSITIVE",43.15,43.204596783,519.0,0.9320,6003.00,1
10028352,"K01957.02",,"FALSE POSITIVE",1.8,1.75147897,2340.0,2.0370,6823.00,2
6307083,"K02050.02",,"CANDIDATE",0.74,3.17796408,1034.0,0.8410,5061.00,3
7620413,"K02103.02",,"CANDIDATE",0.82,3.66520844,1168.0,1.0290,5579.00,2
11705004,"K02199.02",,"CANDIDATE",1.18,3.05293416,1047.0,0.7880,5311.00,2
2854181,"K02232.02",,"CANDIDATE",1.73,12.834857,755.0,1.0160,5492.00,2
5978559,"K02321.02",,"CANDIDATE",1.43,36.2530992,582.0,1.0810,6002.00,2
8838950,"K02421.02",,"CANDIDATE",0.48,4.02321842,747.0,0.5280,4671.00,2
6867555,"K02439.02",,"CANDIDATE",1.32,7.5017934,1046.0,1.1250,6321.00,2
12208631,"K02449.02",,"CANDIDATE",1.46,0.912351255,1840.0,1.0360,5481.00,2
3346543,"K06329.01",,"CANDIDATE",2.06,12.4701111,1074.0,2.1090,5623.00,1
3352751,"K06330.01",,"FALSE POSITIVE",84.49,3.495457889,2051.0,1.5580,8529.00,1
3356193,"K06331.01",,"CANDIDATE",1.36,5.8229815,914.0,0.8040,5704.00,1
3427776,"K06332.01",,"FALSE POSITIVE",22.11,4.01668015,1016.0,0.7940,5448.00,1
3437739,"K06333.01",,"FALSE POSITIVE",0.99,1.89134156,1673.0,1.1050,6387.00,1
3440230,"K06334.01",,"FALSE POSITIVE",446.29,2.881100027,2946.0,3.3690,8104.00,1
3441340,"K06335.01",,"FALSE POSITIVE",0.89,0.806277023,2046.0,0.9960,6122.00,1
3448323,"K06336.01",,"FALSE POSITIVE",0.83,0.513482156,2072.0,0.8820,5495.00,1
4862625,"K06464.02",,"FALSE POSITIVE",1.94,225.66716,331.0,1.0350,6363.00,6
4863369,"K06465.01",,"FALSE POSITIVE",1.01,4.24748886,1079.0,0.9220,5807.00,1
4863753,"K06466.01",,"FALSE POSITIVE",2.12,1.000012952,2858.0,3.6050,5176.00,1
4902030,"K06467.01",,"FALSE POSITIVE",51.97,0.878803439,1347.0,0.7370,4524.00,1
4908495,"K06468.01",,"FALSE POSITIVE",45.91,1.560158562,1223.0,0.7490,4926.00,1
4912589,"K06469.01",,"FALSE POSITIVE",74.5,34.188302705,660.0,1.3450,5757.00,1
4914709,"K06470.01",,"FALSE POSITIVE",1.88,8.65303996,764.0,0.8400,5301.00,1
4914737,"K06471.01",,"FALSE POSITIVE",0.85,8.65311903,493.0,0.5500,3929.00,1
5471141,"K06584.01",,"FALSE POSITIVE",1.14,12.4253812,823.0,1.0660,5925.00,1
5471328,"K06585.01",,"FALSE POSITIVE",4.72,12.42555999,599.0,0.7040,4922.00,4
5471415,"K06586.01",,"FALSE POSITIVE",8.43,12.4257442,1551.0,2.1930,8691.00,1
5471480,"K06587.01",,"FALSE POSITIVE",2.17,12.4254241,755.0,0.8950,5853.00,1
5475712,"K06588.01",,"FALSE POSITIVE",40.11,2.991884392,1486.0,1.0940,6596.00,1
5479973,"K06589.01",,"FALSE POSITIVE",55.26,1.795273026,1642.0,1.0120,6363.00,1
5513822,"K06590.01",,"FALSE POSITIVE",0.47,0.755109271,1961.0,0.9620,5606.00,1
5513833,"K06591.01",,"FALSE POSITIVE",0.19,0.755101141,680.0,0.2070,3256.00,1
6471229,"K06719.01",,"FALSE POSITIVE",1.02,1.75251585,1447.0,0.8440,5952.00,1
6471230,"K06720.01",,"FALSE POSITIVE",0.79,1.752450163,1552.0,0.9900,5779.00,1
6521174,"K06721.01",,"FALSE POSITIVE",1.08,8.27923132,815.0,0.8470,5631.00,1
6521542,"K06722.01",,"FALSE POSITIVE",69.18,2.212877035,1507.0,1.0000,6153.00,1
6522353,"K06723.01",,"FALSE POSITIVE",0.78,0.845097627,1584.0,0.7830,5252.00,1
6522750,"K06724.01",,"FALSE POSITIVE",63.46,17.445640466,682.0,0.9450,5759.00,1
6523216,"K06725.01",,"FALSE POSITIVE",34.98,14.313157391,1144.0,2.3790,5750.00,1
6531485,"K06726.01",,"FALSE POSITIVE",37.5,0.676990194,1919.0,0.8160,5813.00,1
6531801,"K06727.01",,"FALSE POSITIVE",7.22,0.515875396,3189.0,1.3800,7229.00,3
7281356,"K06853.01",,"FALSE POSITIVE",0.93,2.83401711,1381.0,1.0020,6247.00,2
7281399,"K06854.01",,"FALSE POSITIVE",0.64,0.566803996,1350.0,0.5440,4373.00,1
7281410,"K06855.01",,"FALSE POSITIVE",,0.56681118,,,,1
7281616,"K06856.01",,"FALSE POSITIVE",0.77,0.566799927,1649.0,0.6450,5092.00,1
7281699,"K06857.01",,"FALSE POSITIVE",0.79,0.566786121,1984.0,0.8460,5603.00,1
7282008,"K06858.01",,"FALSE POSITIVE",0.65,0.56679797,1799.0,0.7770,5230.00,1
7285616,"K06859.01",,"FALSE POSITIVE",1.29,0.566802891,3111.0,1.7480,6487.00,1
7335514,"K06860.01",,"CANDIDATE",0.43,0.576732089,1537.0,0.7170,4524.00,1
8178616,"K06984.01",,"FALSE POSITIVE",0.47,1.01884975,1754.0,0.8290,6068.00,1
8180290,"K06985.01",,"CANDIDATE",0.81,10.9279755,834.0,0.9550,6045.00,1
8183389,"K06986.01",,"FALSE POSITIVE",44.56,32.440339204,448.0,0.6960,5081.00,1
8192861,"K06987.01",,"FALSE POSITIVE",10.04,0.552141897,2206.0,0.9040,5952.00,1
8193315,"K06988.01",,"FALSE POSITIVE",74.23,2.62387291,1790.0,1.4600,6728.00,1
8195877,"K06989.01",,"FALSE POSITIVE",60.74,0.75509861,2359.0,1.2130,6038.00,2
8196180,"K06990.01",,"FALSE POSITIVE",105.82,3.671661096,1967.0,1.9400,7343.00,1
8210721,"K06991.01",,"FALSE POSITIVE",30.92,22.673145675,684.0,1.1530,5619.00,1
8977176,"K07119.01",,"FALSE POSITIVE",1.22,0.50948306,3024.0,1.3900,6344.00,1
9001468,"K07120.01",,"FALSE POSITIVE",42.58,17.329965871,548.0,0.6830,5079.00,1
9005854,"K07121.01",,"FALSE POSITIVE",42.05,1.890227354,1236.0,0.7800,5356.00,1
9007918,"K07122.01",,"FALSE POSITIVE",103.41,1.387206724,2619.0,1.8940,7207.00,1
9007953,"K07123.01",,"FALSE POSITIVE",0.68,1.38718209,1707.0,0.9960,6122.00,1
9024857,"K07124.01",,"FALSE POSITIVE",34.88,35.026564845,489.0,0.8100,5546.00,1
9025739,"K07125.01",,"CANDIDATE",0.93,7.918267,953.0,1.0160,5966.00,1
9029486,"K07126.01",,"FALSE POSITIVE",59.24,3.138580493,1281.0,1.0830,5593.00,1
9906802,"K07250.01",,"FALSE POSITIVE",,9.26147679,,,,1
9906841,"K07251.01",,"FALSE POSITIVE",161858,581.0723,639.0,16.8910,5026.00,1
9909965,"K07252.01",,"CANDIDATE",1.17,10.2170589,929.0,1.0540,6211.00,1
9913481,"K07253.01",,"FALSE POSITIVE",200.24,3.50474265,2689.0,3.6820,7624.00,1
9913798,"K07254.01",,"FALSE POSITIVE",28.69,2.14344093,1033.0,0.7000,4817.00,1
9932197,"K07255.01",,"CANDIDATE",,86.95432088,,,,1
9934208,"K07256.01",,"FALSE POSITIVE",20.51,9.058487716,547.0,0.5730,4340.00,1
9936698,"K07257.01",,"FALSE POSITIVE",88.52,2.856085147,1739.0,1.5260,6604.00,1
10867017,"K07384.01",,"FALSE POSITIVE",0.85,0.876941133,1938.0,0.9750,6018.00,1
10909274,"K07385.01",,"FALSE POSITIVE",90.93,39.238141571,656.0,1.2340,6599.00,1
10920813,"K07386.01",,"FALSE POSITIVE",25.44,53.7406575,398.0,0.7370,5288.00,1
10923260,"K07387.01",,"FALSE POSITIVE",31.39,7.436016459,968.0,0.9330,6214.00,1
10924400,"K07388.01",,"FALSE POSITIVE",0.48,0.750737313,1603.0,0.7610,5151.00,1
10932270,"K07389.01",,"CANDIDATE",11.03,27.5837778,1330.0,7.9130,5092.00,1
10936427,"K07390.01",,"FALSE POSITIVE",45.9,14.361021578,594.0,0.6680,5229.00,1
10937609,"K07391.01",,"FALSE POSITIVE",50.18,2.570431263,1411.0,0.9710,6244.00,1
10965963,"K07392.01",,"FALSE POSITIVE",74.4,6.64024496,1114.0,1.2150,6085.00,1
12251779,"K07517.01",,"FALSE POSITIVE",28.97,14.844240386,810.0,0.9880,6161.00,1
12268220,"K07518.01",,"FALSE POSITIVE",188.89,4.42158021,2565.0,3.4610,8026.00,1
12302391,"K07519.01",,"FALSE POSITIVE",56.62,25.321698729,655.0,1.0290,6109.00,1
12304728,"K07520.01",,"CANDIDATE",3.45,3.14735789,2209.0,4.9300,5189.00,1
12306808,"K07521.01",,"FALSE POSITIVE",46.42,37.878483588,503.0,0.7580,5985.00,1
12351927,"K07522.01",,"FALSE POSITIVE",17.21,10.116144515,549.0,0.5190,4717.00,1
12353633,"K07523.01",,"FALSE POSITIVE",1.12,0.684496369,2913.0,2.0530,5800.00,1
12353720,"K07524.01",,"FALSE POSITIVE",151.56,1.953285321,2927.0,3.9280,6450.00,1
8565912,"K07898.01",,"FALSE POSITIVE",114.4,1.012174295,2737.0,1.7160,6987.00,1
7778767,"K02523.02",,"CANDIDATE",1.8,2.61090223,1323.0,1.0710,5514.00,2
9026749,"K02564.02",,"CANDIDATE",2.98,17.6637979,1178.0,3.4050,5734.00,2
10916600,"K02623.02",,"CANDIDATE",0.68,4.02664625,1318.0,1.2380,6187.00,2
6198182,"K02636.02",,"CANDIDATE",0.63,5.1777226,1050.0,0.9790,5854.00,2
5695396,"K00283.03",,"CANDIDATE",0.73,9.48814747,856.0,1.0160,5680.00,3
6964929,"K02756.02",,"CANDIDATE",0.92,5.06993245,1053.0,0.9370,5957.00,2
2853828,"K02896.02",,"FALSE POSITIVE",1.57,346.36642,314.0,1.2590,6327.00,2
7008149,"K02918.02",,"FALSE POSITIVE",,0.51554111,,,,2
3458919,"K06337.01",,"FALSE POSITIVE",46.75,0.892061734,1724.0,0.8550,5561.00,1
3542573,"K06338.01",,"FALSE POSITIVE",89.62,3.471399214,1558.0,1.6890,6026.00,1
3543270,"K06339.01",,"FALSE POSITIVE",31.35,4.176929219,938.0,0.7080,5462.00,1
3544678,"K06340.01",,"FALSE POSITIVE",,6.3762199,,,,1
3545626,"K06341.01",,"CANDIDATE",,9.78184193,,,,1
3547178,"K06342.01",,"CANDIDATE",0.83,8.1770751,1115.0,1.2090,6501.00,1
3548622,"K06343.01",,"CANDIDATE",1.96,569.45051,225.0,0.9470,6117.00,1
3556742,"K06344.01",,"FALSE POSITIVE",22.17,0.823014905,1482.0,0.7240,4975.00,1
4917014,"K06472.01",,"FALSE POSITIVE",10.23,0.796815149,5480.0,13.4990,4897.00,1
4931073,"K06473.01",,"FALSE POSITIVE",146.33,26.951237675,1082.0,2.7470,6675.00,1
4932691,"K06474.01",,"FALSE POSITIVE",96.62,18.11208877,1068.0,1.7220,7323.00,1
4939265,"K06475.01",,"CANDIDATE",1.54,4.84505985,723.0,0.7140,4337.00,3
4940201,"K06476.01",,"FALSE POSITIVE",35.68,4.408295716,942.0,0.7430,5496.00,1
4946680,"K06477.01",,"FALSE POSITIVE",82.42,8.665259912,1378.0,2.3890,6071.00,1
4947726,"K06478.01",,"FALSE POSITIVE",41.38,4.726086185,1032.0,0.8630,5873.00,1
4948863,"K06479.01",,"FALSE POSITIVE",38.21,8.643550046,779.0,0.7470,5679.00,1
8308516,"K07880.01",,"CANDIDATE",1.81,623.70774,258.0,1.1320,6626.00,2
5529501,"K06592.01",,"FALSE POSITIVE",0.5,1.51945182,1901.0,1.3070,6168.00,1
5529560,"K06593.01",,"FALSE POSITIVE",0.91,0.759755409,2121.0,1.0710,6090.00,1
5530881,"K06594.01",,"FALSE POSITIVE",61.88,5.082523739,1266.0,1.1450,6507.00,1
5534476,"K06595.01",,"FALSE POSITIVE",0.94,1.02547271,2657.0,1.7120,6862.00,2
5534702,"K06596.01",,"FALSE POSITIVE",106.84,1.025465924,2710.0,1.8830,6700.00,1
5535280,"K06597.01",,"FALSE POSITIVE",49.22,74.985292949,425.0,0.9100,5955.00,1
5552808,"K06598.01",,"CANDIDATE",,10.95210361,,,,4
5553624,"K06599.01",,"FALSE POSITIVE",74.87,25.762056721,604.0,1.0270,5539.00,1
5564082,"K06600.01",,"CANDIDATE",0.69,2.70581614,1356.0,0.9610,5992.00,1
6543682,"K06728.01",,"FALSE POSITIVE",75.54,1.195516859,1715.0,1.0000,5780.00,1
6545018,"K06729.01",,"FALSE POSITIVE",45.2,1.995728294,1409.0,0.8610,5807.00,1
6548447,"K06730.01",,"FALSE POSITIVE",52.8,10.768391927,970.0,1.6430,5226.00,2
6551106,"K06731.01",,"CANDIDATE",1.14,3.84615171,1199.0,0.9660,6106.00,1
6584167,"K06732.01",,"FALSE POSITIVE",0.96,0.733724504,2601.0,1.4050,6175.00,1
6584278,"K06733.01",,"CANDIDATE",2.48,1.28940823,3112.0,4.1890,5826.00,1
6590726,"K06734.01",,"CANDIDATE",2.12,498.27269,214.0,0.9320,5618.00,2
6591789,"K06735.01",,"FALSE POSITIVE",55.3,5.08840787,937.0,0.7910,5618.00,1
6593363,"K06736.01",,"FALSE POSITIVE",64.66,18.527824075,1080.0,2.3210,6154.00,1
7336754,"K06861.01",,"FALSE POSITIVE",34.62,12.155241119,788.0,0.9320,5761.00,1
7345335,"K06862.01",,"CANDIDATE",0.83,11.0495766,738.0,0.8190,5533.00,1
7350067,"K06863.01","Kepler-1646 b","CONFIRMED",0.95,4.48559215,365.0,0.1930,3236.00,1
7362534,"K06864.01",,"FALSE POSITIVE",0.4,0.566789763,1984.0,0.7580,5799.00,1
7362632,"K06865.01",,"FALSE POSITIVE",0.91,0.566811926,2293.0,0.9420,6165.00,1
7365447,"K06866.01",,"FALSE POSITIVE",67.24,2.525386934,1701.0,1.2330,6826.00,1
7366036,"K06867.01",,"FALSE POSITIVE",0.62,0.566801506,2557.0,1.1110,6398.00,1
7366065,"K06868.01",,"FALSE POSITIVE",1.13,0.566803738,2450.0,1.0570,6300.00,1
8211521,"K06992.01",,"FALSE POSITIVE",0.74,1.69421771,1274.0,0.7170,5402.00,1
8227086,"K06993.01",,"CANDIDATE",1.09,13.8086331,659.0,0.7610,5515.00,1
8227464,"K06994.01",,"CANDIDATE",0.7,4.25907841,1253.0,1.3160,5560.00,1
8229048,"K06995.01",,"FALSE POSITIVE",50.48,2.739477089,1475.0,1.0560,6469.00,1
8231877,"K06996.01",,"FALSE POSITIVE",29.17,1.307761491,1298.0,0.6730,5112.00,1
8234477,"K06997.01",,"FALSE POSITIVE",52.42,4.028671454,1492.0,1.5280,6327.00,1
8240109,"K06998.01",,"FALSE POSITIVE",140.23,2.30118753,2783.0,2.6520,7970.00,1
8240861,"K06999.01",,"FALSE POSITIVE",95.83,0.449249224,2941.0,1.2990,6338.00,2
9049010,"K07127.01",,"FALSE POSITIVE",2.89,0.687004402,3535.0,2.8030,6240.00,3
9083503,"K07128.01",,"FALSE POSITIVE",1,0.91839938,1558.0,0.7950,5222.00,1
9085039,"K07129.01",,"CANDIDATE",1.74,64.1983721,506.0,1.0770,6088.00,1
9093566,"K07130.01",,"FALSE POSITIVE",0.76,0.94356284,3176.0,1.9840,7693.00,1
9098590,"K07131.01",,"FALSE POSITIVE",21.11,2.243569483,1364.0,0.8010,6081.00,1
9098810,"K07132.01",,"FALSE POSITIVE",58.19,8.258181993,809.0,0.8880,5306.00,1
9099773,"K07133.01",,"CANDIDATE",2.16,82.78482,501.0,1.4800,5749.00,1
9101208,"K07134.01",,"FALSE POSITIVE",14.47,1.81139053,1466.0,0.9110,5941.00,1
9943009,"K07258.01",,"CANDIDATE",0.79,2.4376438,1686.0,1.5300,5927.00,1
9944201,"K07259.01",,"CANDIDATE",11.04,0.721522907,1475.0,0.6250,4893.00,1
9944421,"K07260.01",,"FALSE POSITIVE",50.23,7.09520543,813.0,0.7780,5481.00,1
9945280,"K07261.01",,"FALSE POSITIVE",71.9,0.651731691,2604.0,1.4720,5791.00,1
9953736,"K07262.01",,"FALSE POSITIVE",1.26,0.50818743,3274.0,1.5600,7141.00,1
9958053,"K07263.01",,"FALSE POSITIVE",,2.73398963,,,,1
9959093,"K07264.01",,"CANDIDATE",1.83,19.1644498,988.0,2.2340,5877.00,1
9963009,"K07265.01",,"FALSE POSITIVE",27.38,40.069674617,588.0,1.2070,5911.00,1
8545603,"K07893.01",,"FALSE POSITIVE",2.11,55.884827,438.0,0.8680,5668.00,1
10976412,"K07393.01",,"FALSE POSITIVE",3.1,3.75938475,1677.0,2.6380,4976.00,1
10979716,"K07394.01",,"FALSE POSITIVE",26.43,10.6840477,444.0,0.5230,3887.00,1
10982373,"K07395.01",,"FALSE POSITIVE",,2.00280845,,,,1
10987439,"K07396.01",,"FALSE POSITIVE",68.58,10.67459836,1083.0,1.4850,6496.00,1
10989032,"K07397.01",,"FALSE POSITIVE",89.22,2.305097141,2753.0,2.1780,8851.00,1
10991989,"K07398.01",,"FALSE POSITIVE",618.37,0.974477904,5205.0,15.0040,5210.00,1
10992733,"K07399.01",,"FALSE POSITIVE",64.42,18.525917446,618.0,0.8870,5492.00,1
11019739,"K07400.01",,"CANDIDATE",1.09,4.15736472,931.0,0.7820,5183.00,1
12356746,"K07525.01",,"FALSE POSITIVE",43.95,0.502454299,2336.0,0.9010,6134.00,1
12356914,"K07526.01",,"FALSE POSITIVE",47.06,27.308150159,523.0,0.7390,5541.00,1
12365000,"K07527.01",,"FALSE POSITIVE",134.45,1.262742487,2548.0,3.1500,5273.00,1
12365015,"K07528.01",,"FALSE POSITIVE",,0.59586463,,,,1
12367017,"K07529.01",,"FALSE POSITIVE",30.32,1.222127938,1470.0,0.8700,5157.00,1
12367310,"K07530.01",,"FALSE POSITIVE",188.55,8.627475562,1446.0,4.0630,5146.00,1
12403968,"K07531.01",,"FALSE POSITIVE",1.03,0.589753355,1760.0,0.6780,5414.00,1
12418662,"K07532.01",,"FALSE POSITIVE",42.98,2.751566365,1171.0,0.8610,5461.00,1
12418816,"K07533.01",,"FALSE POSITIVE",35.68,0.760935268,1285.0,0.5110,4675.00,1
8709688,"K03019.02",,"CANDIDATE",0.99,2.012094,1523.0,1.1620,5633.00,2
9959492,"K03051.02",,"FALSE POSITIVE",1.13,1.33258772,1825.0,1.2890,5576.00,1
2716801,"K03053.02",,"CANDIDATE",1.38,9.4767057,841.0,0.9140,5911.00,2
3230805,"K03068.02",,"CANDIDATE",0.84,6.65171459,713.0,0.6860,4889.00,2
11810124,"K03344.03",,"CANDIDATE",2.84,208.54335,321.0,1.1660,5533.00,3
9349757,"K03348.02",,"CANDIDATE",1.44,17.7189786,713.0,1.0990,5566.00,2
3219037,"K03395.02",,"CANDIDATE",0.78,5.0395851,1067.0,0.9240,5912.00,2
9117416,"K03425.03",,"CANDIDATE",1.85,7.64370363,1334.0,2.0000,6120.00,3
3558803,"K06345.01",,"FALSE POSITIVE",216.31,1.353414369,3617.0,8.5860,4850.00,1
3634169,"K06346.01",,"FALSE POSITIVE",0.65,2.9590637,1564.0,1.3220,6192.00,1
3644174,"K06347.01",,"FALSE POSITIVE",1.05,1.806631432,1059.0,0.6990,4606.00,1
3655326,"K06348.01",,"FALSE POSITIVE",88.56,15.066491533,932.0,1.6260,5751.00,1
3656322,"K06349.01",,"FALSE POSITIVE",49.38,1.831829703,2078.0,2.1830,5269.00,1
3656700,"K06350.01",,"FALSE POSITIVE",49.08,0.738527259,2978.0,2.3130,5869.00,1
3659940,"K06351.01",,"FALSE POSITIVE",43.47,0.89627093,1733.0,0.8610,5551.00,1
3663494,"K06352.01",,"CANDIDATE",1.16,5.11683678,1039.0,0.9100,5955.00,1
4949027,"K06480.01",,"FALSE POSITIVE",0.94,1.06100327,1793.0,0.9610,5966.00,1
4949214,"K06481.01",,"FALSE POSITIVE",49.63,0.922030594,2194.0,1.1530,6484.00,1
4950341,"K06482.01",,"FALSE POSITIVE",1.53,611.09299,215.0,0.9290,6032.00,1
4950557,"K06483.01",,"FALSE POSITIVE",112.24,24.714790706,901.0,1.8620,6300.00,1
4995716,"K06484.01",,"CANDIDATE",1.34,16.1191449,619.0,0.7830,5319.00,1
5000179,"K06485.01",,"FALSE POSITIVE",,3.6329347,,,,1
5017058,"K06486.01",,"FALSE POSITIVE",68.69,1.161947482,2174.0,1.4570,6225.00,1
5018787,"K06487.01",,"FALSE POSITIVE",12.44,0.607191908,1759.0,0.6710,5370.00,1
8345473,"K07881.01",,"FALSE POSITIVE",19.94,2.2502073,3637.0,12.7870,4507.00,1
5597361,"K06601.01",,"CANDIDATE",1.62,17.9925973,748.0,1.0870,5931.00,1
5598639,"K06602.01",,"FALSE POSITIVE",41.58,0.648775795,1714.0,0.7760,5143.00,1
5610698,"K06603.01",,"FALSE POSITIVE",93.1,4.132521615,1628.0,1.6360,6567.00,1
5616489,"K06604.01",,"FALSE POSITIVE",200346,410.88527,774.0,18.4890,5015.00,1
5617510,"K06605.01",,"CANDIDATE",2.39,74.371666,767.0,2.2110,6865.00,4
5621294,"K06606.01",,"FALSE POSITIVE",205.64,0.938905082,4281.0,3.0030,8615.00,1
5621299,"K06607.01",,"FALSE POSITIVE",1.13,0.93891532,2667.0,1.7970,6534.00,1
5622250,"K06608.01",,"FALSE POSITIVE",68.05,16.294213708,929.0,1.5080,6237.00,1
5632781,"K06609.01",,"FALSE POSITIVE",164.02,11.02520205,1294.0,2.3000,6047.00,1
6594972,"K06737.01",,"FALSE POSITIVE",67.76,10.819169459,850.0,0.9910,5955.00,1
6595662,"K06738.01",,"FALSE POSITIVE",48.86,2.680514453,1431.0,1.0760,6038.00,1
6603765,"K06739.01",,"CANDIDATE",1.11,19.164111,519.0,0.6740,5103.00,1
6606282,"K06740.01",,"FALSE POSITIVE",299.87,1.053573674,4319.0,7.3850,5838.00,1
6606669,"K06741.01",,"FALSE POSITIVE",18.65,0.970085646,5119.0,15.6300,4555.00,1
6607610,"K06742.01",,"FALSE POSITIVE",77.1,63.52017525,745.0,4.3300,4938.00,1
6610219,"K06743.01",,"FALSE POSITIVE",97.12,11.300987626,1019.0,1.4480,6143.00,1
6610433,"K06744.01",,"FALSE POSITIVE",,0.92098747,,,,1
7368103,"K06869.01",,"FALSE POSITIVE",128.15,2.182515126,2703.0,2.3470,8051.00,1
7369523,"K06870.01",,"FALSE POSITIVE",61.52,2.659418888,1352.0,0.9320,6156.00,1
7376982,"K06871.01",,"FALSE POSITIVE",0.7,2.31610674,1559.0,1.1930,6025.00,1
7381580,"K06872.01",,"CANDIDATE",0.88,13.5164708,645.0,0.7470,5442.00,1
7381695,"K06873.01",,"FALSE POSITIVE",1.12,0.948683571,1665.0,0.8520,5576.00,1
7385387,"K06874.01",,"FALSE POSITIVE",0.9,1.65546056,1331.0,0.8200,5438.00,1
7385478,"K06875.01",,"FALSE POSITIVE",125.25,1.655472351,2546.0,2.1710,6725.00,1
7421876,"K06876.01",,"FALSE POSITIVE",,4.50279037,,,,1
8243263,"K07000.01",,"FALSE POSITIVE",40.79,1.759276227,1861.0,1.2320,6656.00,1
8244295,"K07001.01",,"FALSE POSITIVE",0.74,1.09206792,1320.0,0.7280,4856.00,2
8248103,"K07002.01",,"CANDIDATE",1.3,4.83014159,1039.0,0.9390,5693.00,1
8256882,"K07003.01",,"CANDIDATE",1.35,2.41194057,1654.0,1.5940,5598.00,1
8262223,"K07004.01",,"FALSE POSITIVE",157.33,1.613014741,3145.0,2.7790,7832.00,1
8265520,"K07005.01",,"FALSE POSITIVE",9.2,6.2089181,1378.0,2.1130,5548.00,1
8265990,"K07006.01",,"FALSE POSITIVE",0.83,0.77996263,2607.0,1.6290,6002.00,1
8283875,"K07007.01",,"CANDIDATE",0.77,0.800263219,1240.0,0.5900,4336.00,1
9119405,"K07135.01",,"FALSE POSITIVE",213.31,18.646323091,1194.0,3.4780,5786.00,1
9150870,"K07136.01",,"CANDIDATE",2.27,441.17369,217.0,0.8580,5610.00,1
9156957,"K07137.01",,"FALSE POSITIVE",0.62,3.6673005,627.0,0.5190,3823.00,1
9159301,"K07138.01",,"FALSE POSITIVE",231.93,3.044771557,2816.0,3.1630,8199.00,1
9163674,"K07139.01",,"FALSE POSITIVE",107.13,0.773144492,2860.0,1.9100,6413.00,1
9164788,"K07140.01",,"FALSE POSITIVE",1.53,2.66811113,1792.0,1.5610,6593.00,2
9172506,"K07141.01",,"FALSE POSITIVE",51.5,50.440285363,673.0,1.6460,6225.00,1
9179531,"K07142.01",,"FALSE POSITIVE",40.58,3.255385289,1236.0,0.9750,5806.00,1
9963639,"K07266.01",,"FALSE POSITIVE",0.81,7.4185369,1963.0,2.0450,9763.00,1
9965691,"K07267.01",,"FALSE POSITIVE",56.23,15.68434493,1136.0,2.1910,6407.00,1
9971475,"K07268.01",,"FALSE POSITIVE",124.05,5.357409918,1492.0,2.0570,5768.00,1
10000490,"K07269.01",,"FALSE POSITIVE",98.13,1.400991827,2468.0,1.9240,6706.00,1
10002049,"K07270.01",,"CANDIDATE",1.42,19.2532128,692.0,0.9530,6060.00,1
10014702,"K07271.01",,"FALSE POSITIVE",0.82,1.34062901,1678.0,0.9550,6045.00,1
10019854,"K07272.01",,"CANDIDATE",1.26,14.1011023,904.0,1.1990,6534.00,1
10020423,"K07273.01",,"FALSE POSITIVE",34.37,7.448375935,871.0,0.8670,5636.00,1
11027270,"K07401.01",,"FALSE POSITIVE",2.41,0.533628226,3885.0,2.1770,7163.00,2
11027722,"K07402.01",,"FALSE POSITIVE",30.37,0.678137665,2274.0,0.9420,6429.00,1
11029877,"K07403.01",,"FALSE POSITIVE",55.45,2.069415479,1768.0,1.2500,6640.00,1
11068630,"K07404.01",,"CANDIDATE",1.39,1.817079849,1454.0,0.9630,5808.00,1
11071207,"K07405.01",,"FALSE POSITIVE",95.98,8.04963472,1247.0,1.4850,6698.00,1
11073223,"K07406.01",,"FALSE POSITIVE",58.32,11.578946873,869.0,1.0140,6028.00,1
11076279,"K07407.01",,"FALSE POSITIVE",123.25,1.47258471,2705.0,2.0240,7360.00,1
11092783,"K07408.01",,"CANDIDATE",19.07,5.15998178,574.0,0.5340,3900.00,1
11124509,"K07409.01",,"FALSE POSITIVE",36.15,4.446459958,1030.0,0.8930,5615.00,1
12454800,"K07534.01",,"CANDIDATE",0.92,23.3787733,694.0,1.0540,6210.00,1
12458817,"K07535.01",,"CANDIDATE",4.11,15.09984259,576.0,0.6500,5191.00,1
12470530,"K07536.01",,"FALSE POSITIVE",46.82,8.207257515,650.0,0.6210,4859.00,1
12504353,"K07537.01",,"FALSE POSITIVE",2.44,498.68845,246.0,1.0380,6184.00,1
12506342,"K07538.01",,"FALSE POSITIVE",1,1.22775105,1094.0,0.5600,4551.00,1
12519942,"K07539.01",,"CANDIDATE",1.3,15.3416245,605.0,0.8140,5061.00,1
12555616,"K07540.01",,"CANDIDATE",0.92,21.980467,625.0,0.9360,5573.00,1
12557713,"K07541.01",,"FALSE POSITIVE",16.79,7.214721393,630.0,0.5520,4705.00,1
9730163,"K02704.03","Kepler-445 d","CONFIRMED",2.44,8.15275885,305.0,0.1890,3327.00,3
2437112,"K03461.02",,"FALSE POSITIVE",0.81,3.18740907,919.0,0.7150,4808.00,3
8719324,"K03716.02",,"FALSE POSITIVE",,10.23273611,,,,1
5471690,"K04006.02",,"FALSE POSITIVE",1.12,0.962815183,3152.0,2.4450,6638.00,3
7100673,"K04032.05",,"CANDIDATE",0.82,7.23524221,948.0,1.0650,5574.00,5
3937814,"K04084.02",,"CANDIDATE",1.78,10.72900793,722.0,0.8760,5375.00,2
3937814,"K04084.03",,"CANDIDATE",1.55,8.19619768,851.0,0.9950,5323.00,2
4548098,"K04157.02",,"CANDIDATE",0.83,5.215752,1156.0,1.1220,6202.00,2
5078025,"K04211.02",,"FALSE POSITIVE",12.63,0.696290095,1969.0,0.8670,5904.00,2
3733638,"K06353.01",,"CANDIDATE",1.98,10.0714369,1362.0,2.8100,5768.00,1
3746248,"K06354.01",,"FALSE POSITIVE",1.63,0.62240698,2663.0,1.2900,6661.00,1
3748855,"K06355.01",,"CANDIDATE",0.93,4.37198905,1085.0,0.9190,5823.00,1
3748855,"K06355.02",,"CANDIDATE",1.03,6.72876606,940.0,0.9190,5823.00,2
3757588,"K06356.01",,"FALSE POSITIVE",9.39,24.09002065,551.0,0.8040,5354.00,1
3764411,"K06357.01",,"FALSE POSITIVE",1.42,4.4158933,1138.0,1.0220,5977.00,1
3765692,"K06358.01",,"CANDIDATE",1.32,3.09383248,998.0,0.6810,5327.00,1
3766353,"K06359.01",,"FALSE POSITIVE",40.68,2.666961614,1469.0,0.9740,6609.00,1
5019567,"K06488.01",,"FALSE POSITIVE",2.22,1.17430183,3020.0,2.1450,7537.00,1
5021432,"K06489.01",,"CANDIDATE",,14.05652256,,,,1
5021732,"K06490.01",,"FALSE POSITIVE",51.71,15.039464523,877.0,1.1780,6410.00,1
5022440,"K06491.01",,"FALSE POSITIVE",20.88,3.693951168,1148.0,0.8810,5968.00,1
5022900,"K06492.01",,"FALSE POSITIVE",0.83,1.05680287,1633.0,0.8850,5584.00,1
5024126,"K06493.01",,"FALSE POSITIVE",20.76,0.787122102,1655.0,0.7990,5210.00,1
5024268,"K06494.01",,"FALSE POSITIVE",24.27,2.15045295,4340.0,18.9200,4899.00,1
5024372,"K06495.01",,"FALSE POSITIVE",0.43,0.561524348,2050.0,0.7150,5919.00,1
5633259,"K06610.01",,"CANDIDATE",,315.07717192,,,,1
5647638,"K06611.01",,"FALSE POSITIVE",1.92,1.21607873,2803.0,2.5000,6234.00,1
5653126,"K06612.01",,"FALSE POSITIVE",124.34,38.49536985,824.0,2.3450,6050.00,1
5686974,"K06613.01",,"FALSE POSITIVE",1.07,4.18224416,1206.0,0.9990,6057.00,1
5696909,"K06614.01",,"FALSE POSITIVE",36.82,0.643002821,2188.0,1.0360,5681.00,1
5697628,"K06615.01",,"FALSE POSITIVE",0.47,1.95119541,1050.0,0.6280,4936.00,1
5700330,"K06616.01",,"FALSE POSITIVE",55.22,53.220416998,655.0,2.0570,5653.00,1
5702770,"K06617.01",,"CANDIDATE",0.9,8.0018897,864.0,0.8760,5830.00,1
6614748,"K06745.01",,"CANDIDATE",2.78,383.85362,314.0,1.2930,6675.00,1
6628926,"K06746.01",,"CANDIDATE",7.27,2.564012541,1720.0,1.4280,6274.00,1
6629156,"K06747.01",,"FALSE POSITIVE",,0.71538172,,,,1
6629588,"K06748.01",,"FALSE POSITIVE",102.12,2.264471713,2103.0,1.7520,6782.00,1
6636020,"K06749.01",,"FALSE POSITIVE",2.04,18.3602239,637.0,0.8560,5713.00,1
6664842,"K06750.01",,"CANDIDATE",1.24,5.21395046,1201.0,1.4120,5529.00,1
6665064,"K06751.01",,"CANDIDATE",2.4,24.996068,604.0,0.9560,5761.00,2
6670610,"K06752.01",,"CANDIDATE",0.89,8.9429645,536.0,0.5940,4183.00,1
7431665,"K06877.01",,"FALSE POSITIVE",85.77,281.509095,685.0,10.7090,4797.00,1
7447895,"K06878.01",,"CANDIDATE",1.11,2.405625303,1180.0,0.8300,5450.00,1
7455553,"K06879.01",,"FALSE POSITIVE",79.23,3.258249472,2057.0,2.3610,6712.00,1
7456521,"K06880.01",,"FALSE POSITIVE",56.89,552.8295063,229.0,0.9290,5956.00,1
7461314,"K06881.01",,"FALSE POSITIVE",0.96,0.773595312,1976.0,0.9350,5973.00,1
7461521,"K06882.01",,"CANDIDATE",1.87,0.7735301,2474.0,1.3500,6296.00,1
7499571,"K06883.01",,"FALSE POSITIVE",1.92,533.6593,205.0,0.8390,5695.00,1
7537660,"K06884.01",,"CANDIDATE",,2.42186898,,,,1
7541502,"K06885.01",,"FALSE POSITIVE",429,44.827323809,779.0,3.2790,5160.00,1
8285254,"K07008.01",,"FALSE POSITIVE",24.64,7.535894184,642.0,0.5370,4969.00,1
8285970,"K07009.01",,"FALSE POSITIVE",2.88,0.562498925,2129.0,0.9330,5638.00,1
8288719,"K07010.01",,"FALSE POSITIVE",30.47,0.755049082,1551.0,0.6220,5242.00,1
8294484,"K07011.01",,"FALSE POSITIVE",42.51,1.012694226,2230.0,1.2330,6487.00,1
8296467,"K07012.01",,"FALSE POSITIVE",69.66,10.303356001,787.0,0.9000,5497.00,1
8301013,"K07013.01",,"FALSE POSITIVE",94.23,2.214029545,1894.0,1.5260,6604.00,1
8302455,"K07014.01",,"FALSE POSITIVE",90.39,2.441988077,1993.0,2.0590,6078.00,1
8302473,"K07015.01",,"FALSE POSITIVE",0.95,2.44200193,1217.0,0.8510,5587.00,1
8311864,"K07016.01","Kepler-452 b","CONFIRMED",1.09,384.847556,220.0,0.7980,5579.00,1
9181340,"K07143.01",,"FALSE POSITIVE",35.68,2.131225773,1555.0,1.0280,6181.00,1
9203154,"K07144.01",,"CANDIDATE",0.92,0.839907158,1640.0,0.8530,5120.00,1
9205993,"K07145.01",,"FALSE POSITIVE",135.43,1.219736039,2611.0,1.6370,7358.00,1
9207508,"K07146.01",,"FALSE POSITIVE",132.05,2.015152464,2107.0,1.6490,6988.00,1
9210828,"K07147.01",,"FALSE POSITIVE",35.67,0.82820657,1473.0,0.6550,5033.00,1
9221627,"K07148.01",,"CANDIDATE",2.32,1.7613778,1824.0,1.2070,6544.00,1
9236858,"K07149.01",,"FALSE POSITIVE",67.96,2.537081943,1712.0,1.3090,6735.00,1
9243795,"K07150.01",,"FALSE POSITIVE",92.28,14.443127448,1182.0,2.7360,5757.00,1
9266285,"K07151.01",,"FALSE POSITIVE",34.24,5.61386908,714.0,0.7090,4504.00,1
10026136,"K07274.01",,"FALSE POSITIVE",76.4,9.080194398,1013.0,1.1310,6461.00,1
10026457,"K07275.01",,"FALSE POSITIVE",34.03,9.93442075,679.0,0.6690,5382.00,1
10031409,"K07276.01",,"FALSE POSITIVE",75.64,2.071939672,1696.0,1.2540,6140.00,1
10031526,"K07277.01",,"FALSE POSITIVE",1.21,8.5893644,792.0,0.8170,5602.00,1
10031808,"K07278.01",,"FALSE POSITIVE",140.07,8.589644815,1412.0,2.1940,6331.00,1
10053138,"K07279.01",,"CANDIDATE",0.93,11.7728146,788.0,1.0560,5410.00,1
10063044,"K07280.01",,"FALSE POSITIVE",125.31,1.009671584,3287.0,2.2420,7652.00,1
10066755,"K07281.01",,"CANDIDATE",1.14,2.46506501,1999.0,1.7140,6881.00,1
10070479,"K07282.01",,"CANDIDATE",1.6,1.758599866,1101.0,0.7250,4744.00,1
11134079,"K07410.01",,"FALSE POSITIVE",29.91,1.260575815,1410.0,0.7150,5388.00,1
11137061,"K07411.01",,"FALSE POSITIVE",0.59,1.88912273,1248.0,0.7540,5413.00,1
11144439,"K07412.01",,"FALSE POSITIVE",0.96,0.609125246,1896.0,0.7960,5595.00,1
7119481,"K00566.02",,"CANDIDATE",1.1,14.1573717,778.0,0.9640,6122.00,3
11147276,"K07413.01",,"FALSE POSITIVE",49.66,1.566528935,1551.0,0.9050,5883.00,1
11154043,"K07414.01",,"FALSE POSITIVE",12.22,4.52977632,2264.0,2.2990,8912.00,1
11182260,"K07415.01",,"CANDIDATE",10.97,1.291964282,1249.0,0.6380,4995.00,1
11187972,"K07416.01",,"CANDIDATE",0.97,37.4646974,677.0,1.3420,6266.00,1
4548011,"K04288.03",,"FALSE POSITIVE",0.58,4.32744048,1254.0,1.2270,5888.00,3
2852941,"K04298.02",,"FALSE POSITIVE",,11.57958162,,,,1
8773015,"K04301.02",,"CANDIDATE",1.04,6.31915999,1369.0,1.7060,6254.00,3
9883606,"K04383.02",,"CANDIDATE",0.77,2.58393841,1470.0,1.0900,6164.00,2
9597729,"K04417.02",,"FALSE POSITIVE",22.24,0.87630504,1911.0,0.9290,6032.00,1
9836563,"K04421.02",,"CANDIDATE",0.62,6.5595368,1079.0,1.1960,5950.00,2
6508221,"K00416.04",,"CANDIDATE",0.74,31.5322987,461.0,0.7390,5183.00,4
9100953,"K04500.03",,"CANDIDATE",1.7,14.7510068,629.0,0.8000,5295.00,3
3830820,"K06360.01",,"FALSE POSITIVE",14,15.582794732,397.0,0.5460,3849.00,1
3831523,"K06361.01",,"FALSE POSITIVE",2.26,1.529283907,2550.0,2.2660,6438.00,1
3834364,"K06362.01",,"FALSE POSITIVE",40.85,2.908454772,1153.0,0.7640,5631.00,1
3836413,"K06363.01",,"FALSE POSITIVE",48.81,1.540396094,1576.0,1.0000,5780.00,1
3836439,"K06364.01",,"FALSE POSITIVE",117.33,1.540395674,2850.0,2.2830,7394.00,1
3838004,"K06365.01",,"FALSE POSITIVE",2.43,2.344138713,1797.0,2.0950,5313.00,1
3851134,"K06366.01",,"FALSE POSITIVE",0.93,0.91849333,2205.0,1.1930,6469.00,1
3851193,"K06367.01",,"FALSE POSITIVE",41.8,1.341078755,1968.0,1.2250,6368.00,1
9595956,"K07604.01",,"FALSE POSITIVE",,316.950146,,,,1
9655792,"K07605.01",,"FALSE POSITIVE",2.03,589.74851,217.0,0.9320,6003.00,1
9970396,"K07606.01",,"FALSE POSITIVE",82.92,235.2976173,585.0,5.5680,4894.00,1
10079420,"K07607.01",,"CANDIDATE",,54.54312996,,,,4
10253638,"K07608.01",,"FALSE POSITIVE",,7.4539297,,,,1
10267121,"K07609.01",,"FALSE POSITIVE",1.3,36.136968,600.0,1.0460,6258.00,2
10341777,"K07610.01",,"FALSE POSITIVE",0.36,0.933746709,1893.0,0.8150,6302.00,1
10407271,"K07611.01",,"FALSE POSITIVE",0.63,0.93376738,1678.0,0.7870,5611.00,1
10471167,"K07612.01",,"FALSE POSITIVE",0.84,0.93374073,1371.0,0.7170,4753.00,1
10471174,"K07613.01",,"FALSE POSITIVE",0.78,0.93369659,1680.0,0.8380,5619.00,1
10471345,"K07614.01",,"FALSE POSITIVE",0.6,0.9337473,1625.0,0.7410,5649.00,1
11296798,"K07615.01",,"FALSE POSITIVE",7.12,677.35794,388.0,3.5230,6335.00,2
11463950,"K07616.01",,"FALSE POSITIVE",3.13,4.0551242,2013.0,2.5310,7064.00,1
11559304,"K07617.01",,"CANDIDATE",0.64,12.9284553,343.0,0.3750,3578.00,1
11621897,"K07618.01",,"FALSE POSITIVE",0.89,21.6817115,713.0,1.0310,6297.00,1
12253534,"K07619.01",,"FALSE POSITIVE",2.13,466.08101,305.0,1.5900,6098.00,1
12304202,"K07620.01",,"FALSE POSITIVE",,0.66573903,,,,1
4735826,"K03184.03",,"CANDIDATE",0.6,4.02018903,1337.0,1.3760,5788.00,2
9291039,"K03230.02",,"FALSE POSITIVE",0.71,3.796383639,1323.0,1.2100,6017.00,3
10155321,"K04422.02",,"FALSE POSITIVE",3.92,0.71059239,3318.0,1.8530,7454.00,2
5003670,"K04524.03",,"CANDIDATE",1.2,3.33930957,1205.0,1.0060,5700.00,3
4953173,"K04676.02",,"FALSE POSITIVE",44.77,3.36379289,1840.0,2.4070,5947.00,1
8973285,"K04782.02",,"CANDIDATE",3.66,4.29251656,1144.0,0.9730,6032.00,1
2861126,"K04957.02",,"CANDIDATE",0.73,4.98792404,485.0,0.3950,3606.00,1
6363560,"K05270.02",,"FALSE POSITIVE",0.55,0.907818056,2012.0,1.0140,6210.00,1
7539174,"K05397.02",,"FALSE POSITIVE",45.69,297.71402,706.0,10.8010,4916.00,1
7935997,"K05447.02","Kepler-1629 b","CONFIRMED",0.68,3.87594316,1081.0,0.8930,5713.00,1
8105398,"K05475.02",,"CANDIDATE",0.97,5.68325648,1257.0,1.2860,6072.00,2
10535708,"K05801.02",,"FALSE POSITIVE",1,0.93373761,2073.0,1.3260,5534.00,1
11453930,"K05900.02",,"FALSE POSITIVE",1.53,0.687739345,2837.0,1.4930,6823.00,1
4737267,"K06117.01",,"FALSE POSITIVE",151,9.524076544,1390.0,3.3710,5180.00,1
5955321,"K06140.01",,"FALSE POSITIVE",77.01,11.637858887,895.0,1.0580,6360.00,1
6182093,"K06143.02",,"FALSE POSITIVE",,50.900813,,,,3
4758350,"K06447.02",,"CANDIDATE",2.27,91.649983,568.0,1.6080,6705.00,2
4862625,"K06464.03",,"CANDIDATE",3.39,541.742985,248.0,1.0470,6373.00,3
10621666,"K01636.02",,"FALSE POSITIVE",1.17,14.5862195,702.0,0.8190,5904.00,2
5211470,"K06541.02",,"FALSE POSITIVE",417.01,0.938074536,5718.0,17.0320,4697.00,2
6665064,"K06751.02",,"FALSE POSITIVE",28.97,0.698359996,1990.0,0.9560,5761.00,1
3123418,"K07542.01",,"FALSE POSITIVE",2.55,563.94854,209.0,0.8680,5853.00,1
3458687,"K07543.01",,"FALSE POSITIVE",12.44,0.98376204,4203.0,5.2940,6431.00,1
3749508,"K07544.01",,"FALSE POSITIVE",27.04,2.403704619,3903.0,10.1050,6244.00,2
3955867,"K07545.01",,"FALSE POSITIVE",78.44,33.65766894,1211.0,6.4470,4774.00,1
3965201,"K07546.01",,"CANDIDATE",4.9,44.113873,1158.0,3.4620,7854.00,4
4074294,"K07547.01",,"FALSE POSITIVE",2.94,0.892988877,3285.0,2.9750,6228.00,1
4380560,"K07548.01",,"FALSE POSITIVE",15.33,0.705816203,2109.0,0.9660,6106.00,1
4384652,"K07549.01",,"FALSE POSITIVE",73.1,374.51648,220.0,0.7110,5714.00,1
7697568,"K01829.02",,"FALSE POSITIVE",1.29,10.3482112,724.0,0.8220,5383.00,2
4483235,"K07550.01",,"FALSE POSITIVE",1.53,1.7609276,2860.0,1.9670,8784.00,1
4662363,"K07551.01",,"FALSE POSITIVE",,321.24194284,,,,1
4680745,"K07552.01",,"FALSE POSITIVE",15.82,1.463148937,2371.0,1.8050,6525.00,1
4851195,"K07553.01",,"FALSE POSITIVE",139.55,374.514471,295.0,1.1550,6446.00,1
4862924,"K07554.01",,"CANDIDATE",1.98,482.62011,263.0,1.0950,6315.00,1
5024414,"K07555.01",,"FALSE POSITIVE",8.86,1.525924746,3786.0,10.5330,5000.00,1
5177065,"K07556.01",,"FALSE POSITIVE",0.47,1.25383162,2109.0,1.2990,6472.00,3
5268955,"K07557.01",,"FALSE POSITIVE",20.12,12.82252496,915.0,1.3520,5845.00,1
5271090,"K07558.01",,"CANDIDATE",0.94,10.1551587,721.0,0.7960,5275.00,1
5444276,"K07559.01",,"CANDIDATE",1.13,0.708965461,2417.0,1.1550,6528.00,1
5598645,"K07560.01",,"FALSE POSITIVE",2.6,0.648772102,3758.0,4.7080,4973.00,1
5696518,"K07561.01",,"FALSE POSITIVE",,0.96391996,,,,1
5878506,"K07562.01",,"CANDIDATE",,11.76872507,,,,1
5908086,"K07563.01",,"FALSE POSITIVE",6.09,0.93705132,5094.0,7.7810,6691.00,1
6307243,"K07564.01",,"FALSE POSITIVE",1.85,451.86579,464.0,2.0050,9024.00,1
6350522,"K07565.01",,"FALSE POSITIVE",1.43,491.52571,159.0,0.6690,4541.00,1
6385302,"K07566.01",,"FALSE POSITIVE",,411.54039644,,,,1
6443274,"K07567.01",,"CANDIDATE",1.46,608.20572,143.0,0.6460,4486.00,1
6508734,"K07568.01",,"FALSE POSITIVE",1.14,480.03759,109.0,0.4300,3622.00,1
6527050,"K07569.01",,"FALSE POSITIVE",,0.87985197,,,,1
5602588,"K02369.03",,"CANDIDATE",1.28,7.2274321,967.0,0.9690,6075.00,2
6590362,"K07570.01",,"FALSE POSITIVE",0.86,0.592618966,2103.0,0.8870,5926.00,1
6628740,"K07571.01",,"FALSE POSITIVE",1.21,0.532854237,3042.0,1.6130,6266.00,1
6876575,"K07572.01",,"CANDIDATE",1.59,91.069934,1103.0,4.2320,9051.00,3
7031126,"K07573.01",,"FALSE POSITIVE",1.08,0.566802672,2791.0,1.9610,5102.00,1
7031208,"K07574.01",,"FALSE POSITIVE",1.5,0.566796331,2411.0,1.0320,6319.00,1
7031742,"K07575.01",,"FALSE POSITIVE",0.84,0.566785459,2280.0,1.0120,6063.00,1
7032568,"K07576.01",,"FALSE POSITIVE",0.79,0.566792936,3114.0,1.6030,6432.00,1
7032687,"K07577.01",,"FALSE POSITIVE",0.88,0.5668004,2222.0,0.8720,6215.00,1
7115384,"K07578.01",,"FALSE POSITIVE",21.63,0.566793614,7584.0,27.3840,3789.00,1
7116282,"K07579.01",,"FALSE POSITIVE",0.68,0.566798676,2051.0,0.8870,5490.00,1
7116859,"K07580.01",,"FALSE POSITIVE",0.75,0.5667638,2178.0,0.9400,5766.00,1
7133286,"K07581.01",,"FALSE POSITIVE",18.68,38.51077573,352.0,0.6350,4374.00,3
7186259,"K07582.01",,"FALSE POSITIVE",,4.23965309,,,,1
7214090,"K07583.01",,"FALSE POSITIVE",1.1,0.577910513,2081.0,0.9080,5730.00,1
7281694,"K07584.01",,"FALSE POSITIVE",0.94,0.566807725,2524.0,1.7340,5018.00,1
7362450,"K07585.01",,"FALSE POSITIVE",1.13,0.566807422,2680.0,1.5470,5616.00,1
8007262,"K07586.01",,"FALSE POSITIVE",12.16,1.345078434,2324.0,1.6750,6664.00,1
8096395,"K07587.01",,"CANDIDATE",2.57,366.088938,257.0,0.9450,5941.00,1
8106973,"K07588.01",,"FALSE POSITIVE",24.7,439.1076969,221.0,0.8110,5810.00,1
8168509,"K07589.01",,"CANDIDATE",7.01,414.45008,364.0,1.6830,7037.00,1
10397751,"K02859.05",,"CANDIDATE",0.66,5.43103616,873.0,0.7210,5374.00,3
8258103,"K07590.01",,"FALSE POSITIVE",1.55,0.594003994,4952.0,2.9680,8596.00,1
8297319,"K07591.01",,"CANDIDATE",1.3,328.32211,193.0,0.6680,4906.00,1
8423344,"K07592.01",,"CANDIDATE",1.55,381.97977,132.0,0.5260,3761.00,1
8444868,"K07593.01",,"CANDIDATE",1.57,67.412998,572.0,1.3590,6525.00,4
8579684,"K07594.01",,"FALSE POSITIVE",1.93,2.08802799,2003.0,1.6700,6593.00,1
8649876,"K07595.01",,"FALSE POSITIVE",36.9,10.4212788,1235.0,2.0730,6183.00,1
8682094,"K07596.01",,"CANDIDATE",,359.8249913,,,,1
8846809,"K07597.01",,"FALSE POSITIVE",59.33,0.778705577,4233.0,3.0660,7846.00,1
8868686,"K07598.01",,"FALSE POSITIVE",0.96,4.44709107,1228.0,1.0760,6137.00,1
9025662,"K07599.01",,"FALSE POSITIVE",6140.44,293.70696,274.0,0.8930,6054.00,1
8572936,"K02459.01",,"FALSE POSITIVE",81.48,27.795762425,655.0,1.1300,5915.00,1
9837578,"K02937.01",,"FALSE POSITIVE",69.8,20.733748565,661.0,0.9740,5620.00,1
7821010,"K02938.01",,"FALSE POSITIVE",102.31,24.238241803,793.0,1.3650,6457.00,1
5473556,"K02939.01",,"FALSE POSITIVE",87.18,11.258825027,1080.0,1.4640,6217.00,1
6504534,"K03152.01",,"FALSE POSITIVE",23.52,28.162612575,470.0,0.7610,4936.00,1
6307062,"K03153.01",,"FALSE POSITIVE",58.76,75.378956896,365.0,0.7710,5420.00,1
5652983,"K00371.02",,"FALSE POSITIVE",2.46,9.0584662,1310.0,3.2070,5198.00,2
9092897,"K07600.01",,"FALSE POSITIVE",,3.9169155,,,,1
9246715,"K07601.01",,"FALSE POSITIVE",830.99,342.55315723,738.0,14.2190,4857.00,1
9292130,"K07602.01",,"FALSE POSITIVE",2.51,362.747593,384.0,2.1600,6176.00,1
9541144,"K07603.01",,"FALSE POSITIVE",1.57,0.536650344,3380.0,2.8250,5490.00,1
8677057,"K07903.01",,"CANDIDATE",0.64,0.694611128,1415.0,0.6620,4612.00,1
8702537,"K07905.01",,"CANDIDATE",0.85,7.4751841,1168.0,1.6020,5616.00,1
8757213,"K07911.01",,"FALSE POSITIVE",2.22,328.0485,292.0,1.1000,6268.00,1
8880003,"K07914.01",,"FALSE POSITIVE",0.65,1.72128752,1415.0,0.8330,5813.00,2
8953296,"K07916.01",,"FALSE POSITIVE",87.26,0.784294574,2651.0,1.4550,6576.00,1
8749844,"K07909.01",,"FALSE POSITIVE",6.85,361.51099,733.0,4.2980,9492.00,1
8962007,"K07917.01",,"FALSE POSITIVE",0.74,1.41435861,1578.0,0.9940,5470.00,1
8703491,"K07906.01",,"FALSE POSITIVE",1.72,0.616343903,2513.0,1.3400,6045.00,1
9043947,"K07920.01",,"CANDIDATE",1.09,1.04347858,2688.0,2.2460,6014.00,1
9079587,"K07921.01",,"FALSE POSITIVE",4.4,364.33929,228.0,0.8000,5606.00,1
8703506,"K07907.01",,"FALSE POSITIVE",3.75,352.710091,261.0,0.9080,6112.00,1
8590776,"K07900.01",,"FALSE POSITIVE",1.22,33.8938177,527.0,0.8480,5818.00,1
8761550,"K07912.01",,"FALSE POSITIVE",2.17,224.591055,392.0,1.7710,5786.00,2
8686761,"K07904.01",,"FALSE POSITIVE",4.67,374.93999098,381.0,2.9090,5382.00,1
8873450,"K07913.01","Kepler-1975 b","CONFIRMED",2.03,24.2783801,432.0,0.7070,4450.00,6
8880317,"K07915.01",,"CANDIDATE",2.15,382.5891,305.0,1.2390,6337.00,1
8750503,"K07910.01",,"FALSE POSITIVE",0.98,11.9283194,632.0,0.7500,5010.00,1
8639155,"K07902.01",,"FALSE POSITIVE",3.91,0.603351522,3730.0,2.9480,6240.00,1
9021047,"K07919.01",,"FALSE POSITIVE",5.88,31.97280045,626.0,1.0100,6340.00,1
8587439,"K07899.01",,"FALSE POSITIVE",1.1,8.39140024,921.0,0.9350,5892.00,1
8712863,"K07908.01",,"FALSE POSITIVE",1.87,0.532493086,4893.0,4.0320,6894.00,1
9079915,"K07922.01",,"FALSE POSITIVE",0.83,0.812678859,2403.0,1.2360,6636.00,1
10208894,"K08199.01",,"FALSE POSITIVE",51.64,183.836254,852.0,11.9630,4959.00,1
10214873,"K08200.01",,"FALSE POSITIVE",1.13,5.959695593,937.0,0.8840,5717.00,1
10253977,"K08201.01",,"CANDIDATE",2.25,392.601892,204.0,0.7530,5307.00,1
10268714,"K08202.01",,"FALSE POSITIVE",2.41,452.65206,345.0,1.7300,6664.00,1
10281311,"K08203.01",,"FALSE POSITIVE",1.68,234.66319186,328.0,1.0760,6306.00,2
10341876,"K08204.01",,"FALSE POSITIVE",3.57,351.204993,258.0,0.9180,5845.00,1
10351947,"K08205.01",,"CANDIDATE",25.39,260.446151,608.0,7.7960,4845.00,1
10160922,"K07990.01",,"CANDIDATE",1.87,87.487573,377.0,0.8180,5774.00,1
10198225,"K07991.01",,"CANDIDATE",3.32,11.9451376,1337.0,4.1630,5094.00,1
10214341,"K07992.01",,"CANDIDATE",1.84,277.13367,307.0,0.9710,6461.00,1
10219288,"K07993.01",,"FALSE POSITIVE",117.25,3.381607,6037.0,59.4370,3974.00,1
10226343,"K07994.01",,"FALSE POSITIVE",16.81,0.660655454,2497.0,1.2150,6520.00,1
10263598,"K07995.01",,"FALSE POSITIVE",15.34,145.750554,748.0,8.0380,5096.00,1
10266860,"K07996.01",,"FALSE POSITIVE",1,2.17813954,2073.0,1.8510,6511.00,1
4763020,"K08097.01",,"FALSE POSITIVE",1.63,384.09781,330.0,1.6280,5884.00,1
5128966,"K08098.01",,"FALSE POSITIVE",46.59,0.505322676,2275.0,0.9240,5941.00,1
5288744,"K08099.01",,"FALSE POSITIVE",3.53,333.71634048,362.0,1.7190,6045.00,1
5305225,"K08100.01",,"FALSE POSITIVE",2.11,322.50741,257.0,0.9330,5708.00,1
5598216,"K08101.01",,"FALSE POSITIVE",2.19,373.8716,279.0,1.1160,5846.00,2
5637036,"K08102.01",,"FALSE POSITIVE",32.31,171.046664,827.0,12.0480,4932.00,1
5647008,"K08103.01",,"FALSE POSITIVE",34.7,0.799868354,1816.0,0.8820,5568.00,1
10385708,"K08206.01",,"FALSE POSITIVE",2.5,345.7671,336.0,1.7020,5845.00,4
10404545,"K08207.01",,"FALSE POSITIVE",2.5,350.34114,202.0,0.6900,5188.00,1
10425070,"K08208.01",,"FALSE POSITIVE",40.48,363.97165,231.0,0.8410,5648.00,3
10425070,"K08208.02",,"FALSE POSITIVE",3.17,395.23753,225.0,0.8410,5648.00,4
10461045,"K08209.01",,"FALSE POSITIVE",1.72,385.97241,325.0,1.3160,6732.00,1
10493253,"K08210.01",,"FALSE POSITIVE",78.77,89.667675,1364.0,21.2910,4742.00,1
10515564,"K08211.01",,"CANDIDATE",0.67,5.0487451,922.0,0.8300,5450.00,1
10321927,"K07997.01",,"FALSE POSITIVE",1.96,321.02094,232.0,0.8100,5334.00,1
10321972,"K07998.01",,"CANDIDATE",2.96,122.11555,351.0,0.8940,5592.00,1
10322797,"K07999.01",,"FALSE POSITIVE",1.18,1.213742728,2599.0,1.9870,6532.00,1
10331279,"K08000.01",,"CANDIDATE",1.7,225.48805,267.0,0.7820,5663.00,1
10338529,"K08002.01",,"FALSE POSITIVE",2.35,366.74866,281.0,1.0870,6136.00,1
10340212,"K08003.01",,"FALSE POSITIVE",0.18,0.93374894,433.0,0.1160,2661.00,1
10383729,"K08004.01",,"FALSE POSITIVE",0.84,0.734548624,2082.0,1.0070,6046.00,1
5709226,"K08104.01",,"FALSE POSITIVE",2.22,317.99484,241.0,0.8200,5665.00,1
5775090,"K08105.01",,"FALSE POSITIVE",1.64,432.96732,151.0,0.5760,4403.00,1
5791705,"K08106.01",,"FALSE POSITIVE",2.43,614.39054,269.0,1.4270,6228.00,1
5802205,"K08107.01",,"CANDIDATE",1.69,578.88761,315.0,1.9170,6180.00,1
5812648,"K08108.01",,"FALSE POSITIVE",5.75,238.561202,568.0,3.3080,6565.00,6
5858919,"K08109.01",,"CANDIDATE",250.2,218.771117,1997.0,151.1840,3297.00,1
5872139,"K08110.01",,"FALSE POSITIVE",3.64,375.17737,264.0,1.0240,6089.00,1
10519701,"K08212.01",,"FALSE POSITIVE",47.48,334.87402,408.0,2.3480,6122.00,1
10664150,"K08213.01",,"FALSE POSITIVE",29.24,370.2402,270.0,0.9660,6296.00,1
10735575,"K08214.01",,"FALSE POSITIVE",79.51,1.6749812,8986.0,84.4610,3940.00,1
10753394,"K08215.01",,"FALSE POSITIVE",0.96,288.678554,172.0,0.5750,4326.00,1
10875937,"K08216.01",,"FALSE POSITIVE",76.66,307.94735718,492.0,4.4610,4878.00,7
10907307,"K08217.01",,"CANDIDATE",5.02,277.25118,304.0,1.0480,6046.00,1
11087662,"K08218.01",,"FALSE POSITIVE",42.55,264.63654,376.0,1.4610,6564.00,1
10389280,"K08005.01",,"FALSE POSITIVE",4.48,375.408923,858.0,4.5280,11357.00,1
10397315,"K08006.01",,"FALSE POSITIVE",0.78,2.17812769,1421.0,0.9580,6014.00,1
10403228,"K08007.01",,"CANDIDATE",9.66,67.176626864,179.0,0.3110,3391.00,3
10405224,"K08008.01",,"FALSE POSITIVE",0.63,0.93378068,1427.0,0.7530,4938.00,1
10405482,"K08009.01",,"FALSE POSITIVE",0.64,0.93373895,1993.0,1.0060,6223.00,1
10405546,"K08010.01",,"FALSE POSITIVE",0.48,0.93373718,2097.0,1.0870,6367.00,1
10407191,"K08011.01",,"CANDIDATE",,0.93420696,,,,1
5955197,"K08111.01",,"CANDIDATE",2.33,359.33831,216.0,0.7530,5316.00,1
5955427,"K08112.01",,"FALSE POSITIVE",1.91,213.201978,221.0,0.7520,4594.00,1
5956977,"K08113.01",,"FALSE POSITIVE",15.03,77.773042,955.0,7.0680,4763.00,1
6043574,"K08114.01",,"FALSE POSITIVE",55.75,381.782641,384.0,2.2900,6056.00,1
6049470,"K08115.01",,"FALSE POSITIVE",0.47,354.7897,134.0,0.5150,3778.00,1
6105359,"K08116.01",,"FALSE POSITIVE",2.13,235.544698,316.0,1.2550,5533.00,1
6114140,"K08117.01",,"CANDIDATE",3.45,0.933745798,2097.0,1.0870,6367.00,1
11099109,"K08219.01",,"FALSE POSITIVE",2.05,115.28415,374.0,1.0000,5780.00,1
11124353,"K08220.01",,"FALSE POSITIVE",2.48,423.73074,225.0,0.8530,5743.00,2
11338091,"K08221.01",,"CANDIDATE",1.35,293.38641,347.0,1.3400,6392.00,1
11400356,"K08222.01",,"FALSE POSITIVE",2.24,677.56282,190.0,0.8720,5511.00,1
11446424,"K08223.01",,"CANDIDATE",2.2,66.716453,402.0,0.8590,5447.00,1
11449696,"K08224.01",,"FALSE POSITIVE",2.55,371.21205,259.0,0.9400,6106.00,1
11456839,"K08225.01",,"FALSE POSITIVE",71.66,190.783023,989.0,19.8130,5013.00,1
10452252,"K08012.01",,"CANDIDATE",0.42,34.573718512,199.0,0.2180,3374.00,7
10462462,"K08013.01",,"FALSE POSITIVE",,0.85581563,,,,1
10470882,"K08014.01",,"FALSE POSITIVE",0.79,0.9337491,1662.0,0.8080,5628.00,1
10470993,"K08015.01",,"FALSE POSITIVE",0.64,0.93374417,2126.0,1.1310,6363.00,1
10471005,"K08016.01",,"FALSE POSITIVE",0.63,0.93374635,1895.0,1.0940,5593.00,1
10471055,"K08017.01",,"FALSE POSITIVE",0.63,0.9337465,1863.0,0.8870,6102.00,1
10471204,"K08018.01",,"FALSE POSITIVE",0.7,0.93371631,1743.0,0.8830,5734.00,1
6119605,"K08118.01",,"FALSE POSITIVE",3.13,260.02265,217.0,0.6080,5250.00,6
6230649,"K08119.01",,"FALSE POSITIVE",33.2,443.66,331.0,1.4330,6743.00,1
6286633,"K08120.01",,"FALSE POSITIVE",68.39,366.28999,666.0,12.8680,5083.00,3
6451125,"K08121.01",,"FALSE POSITIVE",34.52,72.6549842,699.0,1.9600,6793.00,1
6507334,"K08122.01",,"CANDIDATE",2.21,54.753883835,521.0,1.0470,6242.00,1
6516529,"K08123.01",,"FALSE POSITIVE",1.89,379.42818,252.0,0.9450,5947.00,1
6521526,"K08124.01",,"FALSE POSITIVE",2.05,103.039788,210.0,0.5810,3749.00,5
11501492,"K08226.01",,"FALSE POSITIVE",2.88,371.90464,271.0,1.0450,6164.00,1
11558217,"K08227.01",,"FALSE POSITIVE",1.9,362.85801,353.0,1.4710,6740.00,1
11649292,"K08228.01",,"FALSE POSITIVE",14.33,384.558321,382.0,3.0000,5078.00,1
11760931,"K08229.01",,"FALSE POSITIVE",1.48,397.72733,253.0,0.9730,6032.00,1
11854061,"K08230.01",,"FALSE POSITIVE",25.19,504.88419,157.0,0.6550,4559.00,4
11868122,"K08231.01",,"FALSE POSITIVE",1.64,384.92275,298.0,1.1910,6070.00,1
11872364,"K08232.01",,"CANDIDATE",3.31,189.183958,312.0,0.9810,5573.00,6
10471243,"K08019.01",,"FALSE POSITIVE",0.61,0.93376131,1682.0,0.8200,5665.00,1
10471296,"K08020.01",,"FALSE POSITIVE",0.43,0.93377253,1644.0,0.7960,5595.00,1
10535886,"K08021.01",,"FALSE POSITIVE",0.4,0.93376021,1019.0,0.5400,3885.00,1
10535897,"K08022.01",,"FALSE POSITIVE",0.41,0.93372008,1990.0,0.9830,6221.00,1
10535926,"K08023.01",,"FALSE POSITIVE",0.57,0.93373591,1904.0,0.9500,6028.00,1
10535991,"K08024.01",,"FALSE POSITIVE",0.66,0.93374911,1793.0,0.8460,5978.00,1
10536177,"K08025.01",,"FALSE POSITIVE",0.59,0.93372261,1949.0,1.0170,5984.00,1
6600492,"K08125.01",,"FALSE POSITIVE",2.01,312.61007,258.0,0.9250,5818.00,1
6685403,"K08126.01",,"FALSE POSITIVE",2.74,429.60143,223.0,0.8770,5587.00,2
6846544,"K08127.01",,"FALSE POSITIVE",2.61,499.88159,338.0,1.8120,6486.00,1
6848529,"K08128.01",,"FALSE POSITIVE",84.37,197.37704,815.0,2.6770,10974.00,7
6887321,"K08129.01",,"FALSE POSITIVE",0.54,1.65746034,1663.0,1.1300,5860.00,1
6953281,"K08130.01",,"FALSE POSITIVE",1.65,0.566799395,2448.0,1.0750,6322.00,1
7020168,"K08131.01",,"FALSE POSITIVE",2.41,203.8406,385.0,1.6160,5548.00,8
12012872,"K08233.01",,"FALSE POSITIVE",0.85,14.395425,672.0,0.7820,5715.00,1
12069319,"K08234.01",,"FALSE POSITIVE",37.37,231.157554,789.0,11.8390,5386.00,1
12121118,"K08235.01",,"FALSE POSITIVE",2,495.06538,236.0,0.9690,6075.00,1
12252732,"K08236.01",,"FALSE POSITIVE",1.18,595.78152,245.0,1.2880,5618.00,1
12554051,"K08237.01",,"FALSE POSITIVE",26.93,365.709623,604.0,8.5220,4787.00,1
12554485,"K08238.01",,"CANDIDATE",2.73,495.662346,207.0,0.8200,5515.00,1
12555140,"K08239.01",,"FALSE POSITIVE",1.56,655.25732,226.0,0.9410,6420.00,1
10536241,"K08026.01",,"CANDIDATE",0.93,7.7529342,1002.0,1.0720,5975.00,1
10614845,"K08027.01",,"FALSE POSITIVE",0.39,0.573762943,1538.0,0.5710,4891.00,1
10616829,"K08028.01",,"FALSE POSITIVE",81.42,1.072934147,2523.0,1.5230,7031.00,1
10686909,"K08029.01",,"FALSE POSITIVE",1.18,2.61854596,2008.0,2.6820,5657.00,1
10730250,"K08030.01",,"FALSE POSITIVE",0.91,13.667809025,705.0,0.8070,5796.00,1
10790401,"K08031.01",,"CANDIDATE",13.97,254.336707,586.0,6.5020,5193.00,1
10801951,"K08032.01",,"FALSE POSITIVE",0.83,1.105123883,1755.0,0.9590,5883.00,1
7049771,"K08132.01",,"FALSE POSITIVE",8.3,381.85852,453.0,4.4860,4959.00,1
7053328,"K08133.01",,"FALSE POSITIVE",5.34,455.77076435,419.0,2.6230,6785.00,1
7106437,"K08134.01",,"FALSE POSITIVE",2.8,212.760495,485.0,1.9760,7021.00,1
7117050,"K08135.01",,"FALSE POSITIVE",25.09,73.836858,1143.0,14.7060,4769.00,3
7185710,"K08136.01",,"FALSE POSITIVE",15.72,160.243128,686.0,6.7750,5128.00,1
7282872,"K08137.01",,"FALSE POSITIVE",2.52,402.41511,253.0,0.8890,6251.00,1
7340624,"K08138.01",,"FALSE POSITIVE",34.25,369.28177,250.0,0.9510,5900.00,1
12647110,"K08240.01",,"FALSE POSITIVE",8.92,462.463589,355.0,2.7990,5059.00,1
12647757,"K08241.01",,"CANDIDATE",7.67,490.63941,412.0,4.8170,5037.00,1
3629119,"K08242.01",,"CANDIDATE",1.36,331.55459,240.0,0.8010,5762.00,1
3662635,"K08243.01",,"FALSE POSITIVE",52.18,0.939375593,1936.0,0.9780,5826.00,1
3734501,"K08244.01",,"FALSE POSITIVE",9.36,31.1911468,1131.0,6.4430,4785.00,1
4169315,"K08245.01",,"FALSE POSITIVE",2.34,30.9587224,686.0,1.1610,6525.00,1
4446859,"K08246.01",,"CANDIDATE",1.58,425.64971,281.0,1.1950,6067.00,1
9084569,"K07923.01",,"CANDIDATE",0.97,395.13138,208.0,0.8690,5060.00,2
9087580,"K07924.01",,"CANDIDATE",0.68,0.770658979,1548.0,0.7390,5058.00,1
9099607,"K07925.01",,"CANDIDATE",0.64,4.6318914,1060.0,0.8870,5926.00,1
10844823,"K08033.01",,"CANDIDATE",2.23,362.13187,208.0,0.7660,5176.00,1
10862284,"K08034.01",,"FALSE POSITIVE",1.63,9.1447861,843.0,0.9190,5849.00,1
10862759,"K08035.01",,"CANDIDATE",1.46,29.4856392,793.0,1.4070,6870.00,1
10877024,"K08036.01",,"FALSE POSITIVE",21.66,0.786483923,2408.0,1.2820,6315.00,1
10920281,"K08037.01",,"CANDIDATE",0.72,3.65034525,578.0,0.4500,3704.00,4
10920420,"K08038.01",,"FALSE POSITIVE",1.45,0.9438885,3158.0,2.2970,6947.00,1
11032748,"K08039.01",,"CANDIDATE",1.12,43.9438891,505.0,0.8750,6008.00,1
7622473,"K08139.01",,"FALSE POSITIVE",115.94,40.244826,3302.0,89.8780,3674.00,1
7662744,"K08140.01",,"FALSE POSITIVE",1.83,135.428746,343.0,0.9190,5849.00,1
7686191,"K08141.01",,"FALSE POSITIVE",2.36,380.03903,219.0,0.8180,5477.00,2
7690521,"K08142.01",,"FALSE POSITIVE",2.27,380.294204,229.0,0.8220,5518.00,1
7747835,"K08143.01",,"FALSE POSITIVE",2.65,373.74691,260.0,0.9450,6131.00,1
7762886,"K08144.01",,"FALSE POSITIVE",1.82,315.81065,212.0,0.8100,4875.00,2
7811537,"K08145.01",,"FALSE POSITIVE",1.71,16.9341628,798.0,1.1250,6321.00,2
4566999,"K08247.01",,"FALSE POSITIVE",2,527.68601,203.0,0.8240,5657.00,1
4569942,"K08248.01",,"FALSE POSITIVE",2.38,267.911652,257.0,0.9260,5291.00,1
4572728,"K08249.01",,"CANDIDATE",1.96,309.191789,383.0,1.7540,6299.00,1
4772095,"K08250.01",,"FALSE POSITIVE",5.4,99.299502,682.0,2.5780,6832.00,1
4847801,"K08251.01",,"FALSE POSITIVE",1.2,371.47786,203.0,0.7540,5162.00,2
5026023,"K08252.01",,"FALSE POSITIVE",0.59,1.99638423,1590.0,1.0760,6249.00,1
5098334,"K08253.01",,"CANDIDATE",0.95,400.11482,226.0,0.9110,5547.00,1
9101271,"K07926.01",,"FALSE POSITIVE",51.33,29.3657204,685.0,1.1950,6167.00,1
9118340,"K07927.01",,"FALSE POSITIVE",105.66,1.035329922,3654.0,3.5120,7030.00,1
9142714,"K07928.01",,"CANDIDATE",,1.12625975,,,,4
9159198,"K07929.01",,"FALSE POSITIVE",0.68,3.04463691,1321.0,0.9800,6181.00,1
9210820,"K07930.01",,"CANDIDATE",1.37,377.67241,187.0,0.6150,5031.00,1
9227215,"K07931.01",,"CANDIDATE",2.11,242.0367,323.0,1.1160,6086.00,1
9278575,"K07932.01",,"CANDIDATE",1.03,502.25648,215.0,0.8330,5637.00,1
11098004,"K08041.01",,"FALSE POSITIVE",1.02,7.508818,1107.0,1.2130,6293.00,2
11135119,"K08042.01",,"FALSE POSITIVE",7.9,383.937324,389.0,3.2070,5216.00,1
11139682,"K08043.01",,"CANDIDATE",1.24,10.7781558,942.0,1.1230,6386.00,1
11145726,"K08044.01",,"FALSE POSITIVE",3.34,0.619618218,3818.0,4.7170,5180.00,1
11152950,"K08045.01",,"FALSE POSITIVE",2.52,4.17363793,2197.0,3.4100,6619.00,1
11182706,"K08046.01",,"CANDIDATE",50.93,384.37706,676.0,12.0230,4859.00,1
11294822,"K08047.01",,"CANDIDATE",1.98,302.34971,208.0,0.7940,4829.00,1
7811537,"K08145.02",,"FALSE POSITIVE",2.33,244.58323,328.0,1.1250,6321.00,1
7874976,"K08146.01",,"FALSE POSITIVE",1.01,185.83013,370.0,1.1870,6137.00,1
7888957,"K08147.01",,"FALSE POSITIVE",22.36,363.346158,537.0,7.6190,4994.00,1
7900114,"K08148.01",,"FALSE POSITIVE",1.97,303.91225,242.0,0.8870,5412.00,1
7936194,"K08149.01",,"FALSE POSITIVE",3,536.52197,273.0,1.7940,5335.00,1
7959310,"K08150.01",,"FALSE POSITIVE",2.22,350.514,346.0,1.5000,6382.00,1
8012732,"K08151.01",,"FALSE POSITIVE",10.28,431.51734,287.0,1.3120,6221.00,1
5391407,"K08254.01",,"FALSE POSITIVE",162.15,0.638697833,2464.0,1.1800,6424.00,1
5468555,"K08255.01",,"FALSE POSITIVE",2.04,539.214259,265.0,1.1710,6469.00,1
5638699,"K08256.01",,"FALSE POSITIVE",1.8,343.56446,298.0,1.3260,5770.00,1
5683219,"K08257.01",,"CANDIDATE",0.54,9.4609418,767.0,0.7880,5485.00,1
5871116,"K08258.01",,"FALSE POSITIVE",1.41,54.432903,404.0,0.8270,5119.00,1
5956171,"K08259.01",,"CANDIDATE",1.73,402.27493,262.0,0.9500,6299.00,1
6032318,"K08260.01",,"FALSE POSITIVE",1.71,235.20613,230.0,0.6790,5205.00,1
9347066,"K07933.01",,"FALSE POSITIVE",0.89,20.004714,577.0,0.8480,5299.00,1
9390228,"K07934.01",,"CANDIDATE",2.12,22.6432436,624.0,0.8910,5880.00,1
9392016,"K07935.01",,"FALSE POSITIVE",1.31,350.65158,243.0,0.8330,5882.00,1
9429631,"K07937.01",,"FALSE POSITIVE",0.89,4.18587282,1057.0,0.9090,5455.00,1
9469494,"K07938.01",,"CANDIDATE",2.33,275.5603,437.0,2.4670,5989.00,1
9518558,"K07939.01",,"FALSE POSITIVE",1.22,2.178142613,1452.0,0.8980,6290.00,1
9521317,"K07940.01",,"CANDIDATE",1.86,188.881049,330.0,0.9990,6077.00,1
11296205,"K08048.01",,"CANDIDATE",1.33,379.67276,247.0,0.8240,6156.00,1
11348086,"K08049.01",,"FALSE POSITIVE",1.61,391.420272,256.0,0.9490,6032.00,1
11350634,"K08050.01",,"CANDIDATE",6.81,278.38935,464.0,4.3420,4951.00,1
11357185,"K08051.01",,"FALSE POSITIVE",2.38,185.243906,354.0,1.1310,6218.00,1
11358305,"K08052.01",,"CANDIDATE",1.73,7.8687123,1323.0,1.6920,6738.00,1
11392362,"K08053.01",,"CANDIDATE",1.19,9.9105786,922.0,1.0760,6214.00,1
11443757,"K08054.01",,"CANDIDATE",7.33,43.9088053,885.0,4.3030,5216.00,1
8028465,"K08152.01",,"FALSE POSITIVE",1.46,261.684363,175.0,0.5260,4393.00,1
8129641,"K08153.01",,"FALSE POSITIVE",39.59,0.808106001,1978.0,0.9580,6014.00,1
8226720,"K08154.01",,"FALSE POSITIVE",1.68,391.33068,274.0,0.9770,6428.00,1
8307354,"K08155.01",,"FALSE POSITIVE",2.43,320.56794551,234.0,0.8100,5546.00,2
8439949,"K08156.01",,"CANDIDATE",3.12,364.98242,293.0,1.1160,6429.00,1
8527297,"K08157.01",,"CANDIDATE",,0.58730021,,,,3
8588982,"K08158.01",,"FALSE POSITIVE",37.99,116.025744,893.0,10.7880,4575.00,1
6182508,"K08261.01",,"FALSE POSITIVE",1.46,85.9770426,202.0,0.4520,3710.00,1
6195669,"K08262.01",,"FALSE POSITIVE",27.77,370.94353,228.0,0.7760,5755.00,1
6356506,"K08263.01",,"CANDIDATE",2.17,280.55544,308.0,1.0780,6292.00,1
6583107,"K08264.01",,"FALSE POSITIVE",1.55,30.6261927,655.0,1.1970,5860.00,1
6681618,"K08265.01",,"FALSE POSITIVE",36.37,364.42189,264.0,1.0020,6047.00,1
6946985,"K08266.01",,"FALSE POSITIVE",1.67,440.584562,505.0,1.9960,9935.00,1
7106438,"K08267.01",,"FALSE POSITIVE",2.54,269.331027,304.0,1.0550,6129.00,1
9529148,"K07942.01",,"FALSE POSITIVE",1.85,25.3428696,706.0,1.1720,6311.00,1
9531850,"K07943.01",,"FALSE POSITIVE",5.13,0.66234265,2089.0,1.0000,5780.00,1
9541094,"K07944.01",,"FALSE POSITIVE",0.67,0.536654028,2299.0,1.0010,5887.00,1
9579753,"K07945.01",,"FALSE POSITIVE",0.69,1.08908149,1131.0,0.6140,4327.00,1
9588880,"K07946.01",,"FALSE POSITIVE",,77.97621155,,,,7
9592831,"K07947.01",,"FALSE POSITIVE",1.35,0.609668222,1805.0,0.8150,5296.00,1
9602658,"K07948.01",,"FALSE POSITIVE",0.56,3.55650403,580.0,0.4270,3745.00,1
11453349,"K08055.01",,"CANDIDATE",0.86,4.40660737,1152.0,1.0010,6063.00,1
11560397,"K08056.01",,"FALSE POSITIVE",1.43,0.527673051,4056.0,2.6370,6762.00,1
11565903,"K08057.01",,"FALSE POSITIVE",15.87,117.140785,862.0,8.2430,5282.00,1
11601597,"K08058.01",,"FALSE POSITIVE",0.68,0.590281548,2643.0,1.3150,6124.00,1
11612241,"K08059.01",,"FALSE POSITIVE",1.04,4.5647147,1131.0,0.9900,5953.00,3
11661803,"K08060.01",,"FALSE POSITIVE",38.4,372.086704,283.0,1.0930,6289.00,1
11661803,"K08060.02",,"FALSE POSITIVE",37.03,363.448167,285.0,1.0930,6289.00,2
8608544,"K08159.01",,"FALSE POSITIVE",2.09,348.68162,302.0,1.1550,6450.00,1
8608544,"K08159.02",,"CANDIDATE",2.25,353.01861,301.0,1.1550,6450.00,2
8618147,"K08160.01",,"FALSE POSITIVE",1.94,345.128277,282.0,1.0760,6214.00,1
8630840,"K08161.01",,"FALSE POSITIVE",2.12,370.38642,328.0,1.5550,6179.00,1
8683144,"K08162.01",,"FALSE POSITIVE",1.7,267.970682,280.0,0.8970,6008.00,1
8708961,"K08163.01",,"CANDIDATE",119.96,370.98253,338.0,1.6300,6028.00,1
8740744,"K08164.01",,"FALSE POSITIVE",2.19,417.829033,248.0,0.9750,6018.00,1
7451315,"K08268.01",,"FALSE POSITIVE",26.7,368.5224,260.0,0.9410,6063.00,1
7751294,"K08269.01",,"FALSE POSITIVE",2.22,371.4589776,283.0,1.0330,6388.00,1
7832787,"K08270.01",,"CANDIDATE",2.09,338.00692,249.0,0.8980,5741.00,1
8008913,"K08271.01",,"FALSE POSITIVE",1.65,34.9989085,376.0,0.6480,4559.00,1
8022520,"K08272.01",,"CANDIDATE",1.14,432.42787,259.0,1.0090,6263.00,1
8108450,"K08273.01",,"FALSE POSITIVE",2.34,386.78734,224.0,0.8470,5425.00,2
8293631,"K08274.01",,"FALSE POSITIVE",55.33,449.557346,721.0,15.0750,5323.00,1
9604563,"K07949.01",,"CANDIDATE",0.62,1.001916708,1545.0,0.7340,5521.00,1
9639021,"K07950.01",,"FALSE POSITIVE",0.57,2.21568076,1236.0,0.8360,5349.00,1
9640649,"K07951.01",,"CANDIDATE",1.09,0.862329309,1825.0,0.8990,5806.00,1
9643210,"K07952.01",,"FALSE POSITIVE",0.28,3.850304552,407.0,0.2240,3274.00,2
9650579,"K07953.01",,"CANDIDATE",1.43,432.96905,219.0,0.8860,5580.00,1
9650762,"K07954.01",,"CANDIDATE",1.74,372.15035,232.0,0.8120,5769.00,1
9651155,"K07955.01",,"FALSE POSITIVE",137.54,1.07383154,3791.0,2.8590,8059.00,1
11709006,"K08061.01",,"FALSE POSITIVE",0.57,0.719741,2074.0,0.9930,6014.00,5
11714107,"K08063.01",,"CANDIDATE",2.11,405.35457,232.0,0.9060,5650.00,1
11724094,"K08064.01",,"FALSE POSITIVE",0.71,1.47623061,1802.0,1.1120,6325.00,1
11774383,"K08065.01",,"FALSE POSITIVE",50.41,0.520227316,2264.0,1.0000,5780.00,1
11804952,"K08066.01",,"FALSE POSITIVE",25.43,36.3192885,1410.0,12.3900,5008.00,1
11819135,"K08067.01",,"FALSE POSITIVE",89.89,1.901655058,2192.0,1.7040,6929.00,1
11904835,"K08068.01",,"CANDIDATE",1.28,9.4640413,839.0,0.8810,5968.00,1
8742735,"K08165.01",,"FALSE POSITIVE",2.25,331.92622,235.0,0.7980,5652.00,1
8743244,"K08166.01",,"FALSE POSITIVE",5.21,346.31688,278.0,1.0680,6060.00,1
8743244,"K08166.02",,"FALSE POSITIVE",4.42,365.61087,273.0,1.0680,6060.00,3
8748435,"K08167.01",,"FALSE POSITIVE",1.33,259.85736,237.0,0.7440,5374.00,1
8766268,"K08168.01",,"FALSE POSITIVE",1.13,5.29731736,989.0,0.8770,5815.00,1
8808064,"K08169.01",,"FALSE POSITIVE",2,447.97028,230.0,0.8870,5911.00,1
8813404,"K08170.01",,"FALSE POSITIVE",1.53,374.80095,286.0,1.2340,5804.00,1
8329346,"K08275.01",,"CANDIDATE",3.76,389.875816,207.0,0.7900,5289.00,1
8637903,"K08276.01",,"CANDIDATE",3.23,385.858683,300.0,1.1950,6551.00,1
8673511,"K08277.01",,"CANDIDATE",0.58,0.757261281,1908.0,0.9530,5651.00,1
8873674,"K08278.01",,"FALSE POSITIVE",1.6,172.280975,301.0,0.8690,5659.00,1
9011955,"K08279.01",,"CANDIDATE",35.3,367.0896,281.0,1.1000,6268.00,1
9159288,"K08280.01",,"CANDIDATE",2.64,66.67305,542.0,1.1900,6592.00,1
9209808,"K08281.01",,"FALSE POSITIVE",1.74,244.547128,228.0,0.7360,5094.00,1
9656547,"K07956.01",,"FALSE POSITIVE",0.63,1.27228771,1275.0,0.6860,5044.00,1
9658192,"K07957.01",,"FALSE POSITIVE",0.65,1.886002102,1433.0,0.9250,5793.00,1
9710611,"K07958.01",,"FALSE POSITIVE",1.43,386.35444,287.0,1.1770,6165.00,2
9710626,"K07959.01",,"FALSE POSITIVE",28.21,371.21454,212.0,0.8500,5189.00,1
9710792,"K07960.01",,"FALSE POSITIVE",3.04,365.5435,283.0,1.0760,6306.00,1
9770983,"K07961.01",,"FALSE POSITIVE",0.92,7.02932339,974.0,1.0220,5977.00,1
9777089,"K07962.01",,"FALSE POSITIVE",1.97,19.229478,970.0,1.7120,6654.00,1
11918793,"K08069.01",,"FALSE POSITIVE",5.57,38.35312,557.0,1.0040,5979.00,1
11922290,"K08070.01",,"FALSE POSITIVE",1.38,114.661733,316.0,0.7120,5412.00,1
11966668,"K08071.01",,"FALSE POSITIVE",1.95,313.19875,216.0,0.7300,5254.00,1
11967872,"K08072.01",,"FALSE POSITIVE",1.95,134.370692,351.0,0.9400,5910.00,1
12004656,"K08073.01",,"FALSE POSITIVE",9.68,2.52123022,726.0,0.5200,3932.00,1
12008916,"K08074.01",,"FALSE POSITIVE",8.83,47.4314857,1029.0,6.8910,5166.00,1
12021943,"K08075.01",,"FALSE POSITIVE",0.62,6.0962602,1048.0,1.0300,6108.00,1
8815031,"K08171.01",,"FALSE POSITIVE",2.28,472.6038,218.0,0.8630,5764.00,1
8821936,"K08172.01",,"FALSE POSITIVE",2.28,371.51852,284.0,1.0890,6227.00,1
8832676,"K08173.01",,"FALSE POSITIVE",1.58,323.66542,133.0,0.4660,3737.00,2
8873873,"K08174.01",,"CANDIDATE",0.64,295.06066,233.0,0.7620,5332.00,1
9075882,"K08175.01",,"FALSE POSITIVE",2.46,367.01607,245.0,0.8630,5931.00,1
9084832,"K08176.01",,"FALSE POSITIVE",2.14,568.08251,205.0,0.9500,5359.00,2
9093859,"K08177.01",,"FALSE POSITIVE",0.68,3.0447752,1061.0,0.7800,5390.00,1
9239670,"K08282.01",,"FALSE POSITIVE",1.48,456.55308,270.0,1.2980,5678.00,1
9388557,"K08283.01",,"FALSE POSITIVE",14.36,209.941369,651.0,6.6900,5125.00,1
9532997,"K08284.01",,"FALSE POSITIVE",2.43,49.763624,588.0,1.1870,6477.00,1
9536836,"K08285.01",,"FALSE POSITIVE",1.58,320.347208,274.0,0.9430,6146.00,1
9592621,"K08286.01",,"CANDIDATE",3.54,191.03728,286.0,0.9010,5440.00,1
10010452,"K08287.01",,"FALSE POSITIVE",2.25,358.74318,224.0,0.8260,5482.00,1
10226420,"K08288.01",,"FALSE POSITIVE",1.32,0.660663034,2385.0,1.1340,6353.00,1
9777990,"K07963.01",,"FALSE POSITIVE",0.68,14.3400358,248.0,0.1740,3358.00,1
9813678,"K07964.01",,"FALSE POSITIVE",86.41,0.505079006,2997.0,1.8430,5398.00,1
9826551,"K07965.01",,"FALSE POSITIVE",1.2,7.19680984,1275.0,1.6760,6325.00,1
9838537,"K07966.01",,"FALSE POSITIVE",0.44,1.33257715,1553.0,0.8370,5852.00,1
9838761,"K07967.01",,"FALSE POSITIVE",0.93,1.33254428,1427.0,0.7340,5460.00,1
9839062,"K07968.01",,"FALSE POSITIVE",8.13,424.623345,265.0,1.0170,6339.00,1
9851983,"K07969.01",,"FALSE POSITIVE",52.87,1.456383399,2721.0,2.6460,6184.00,1
12156930,"K08076.01",,"CANDIDATE",1.42,71.10684,523.0,1.2240,6339.00,1
12266099,"K08077.01",,"CANDIDATE",1.29,77.177672,327.0,0.7490,4840.00,1
12307496,"K08078.01",,"CANDIDATE",29.85,0.805941833,1498.0,0.6720,5022.00,1
12419303,"K08079.01",,"FALSE POSITIVE",1.15,0.608074963,2362.0,1.0440,6309.00,1
12453855,"K08080.01",,"FALSE POSITIVE",27.21,0.559643825,1860.0,0.7740,5240.00,1
12459808,"K08081.01",,"FALSE POSITIVE",0.43,0.502446098,2705.0,1.1970,6306.00,1
12602999,"K08082.01",,"CANDIDATE",2.48,8.2766028,1623.0,2.7530,6787.00,1
9114508,"K08178.01",,"FALSE POSITIVE",9.44,256.45616,175.0,0.6460,4070.00,4
9216810,"K08179.01",,"FALSE POSITIVE",,138.62902498,,,,2
9268159,"K08180.01",,"CANDIDATE",2.76,185.97534,688.0,3.6380,7365.00,3
9340460,"K08181.01",,"FALSE POSITIVE",2.3,388.519605,350.0,1.8250,6164.00,1
9409493,"K08182.01",,"FALSE POSITIVE",28.92,60.049737,320.0,0.6630,4538.00,1
9468848,"K08183.01",,"CANDIDATE",0.6,5.8877038,1026.0,0.9470,6065.00,1
9649205,"K08184.01",,"FALSE POSITIVE",1.23,237.26601,299.0,1.0070,5786.00,1
10341781,"K08289.01",,"FALSE POSITIVE",0.75,0.93371211,1318.0,0.6960,4604.00,1
10459805,"K08290.01",,"FALSE POSITIVE",1.26,461.13781,173.0,0.6360,4988.00,1
10471090,"K08291.01",,"FALSE POSITIVE",0.57,0.93376089,2064.0,1.0780,6292.00,1
10532751,"K08292.01",,"FALSE POSITIVE",20.06,367.761848,623.0,9.8880,5348.00,1
10585887,"K08293.01",,"FALSE POSITIVE",1.53,378.65484,258.0,0.9700,6000.00,1
11867733,"K08294.01",,"FALSE POSITIVE",3.03,384.356448,255.0,0.9940,5903.00,1
11923074,"K08295.01",,"FALSE POSITIVE",0.69,1.75647084,1405.0,0.8330,5813.00,1
9873004,"K07970.01",,"CANDIDATE",1.28,1.98514635,1299.0,0.8450,5581.00,1
9899216,"K07971.01",,"FALSE POSITIVE",0.69,1.33259003,2909.0,1.9350,8133.00,1
9899256,"K07972.01",,"FALSE POSITIVE",0.59,1.33254024,1658.0,0.8870,6071.00,1
9899345,"K07973.01",,"CANDIDATE",,1.33199285,,,,1
9899621,"K07974.01",,"FALSE POSITIVE",0.92,1.33255492,1850.0,1.0950,6310.00,1
9899623,"K07975.01",,"FALSE POSITIVE",1.14,1.33259095,1776.0,1.0380,6184.00,1
9906688,"K07976.01",,"CANDIDATE",1.21,5.82561701,1037.0,0.9670,5999.00,1
12644020,"K08083.01",,"FALSE POSITIVE",2.33,234.524445,226.0,0.7270,4987.00,1
2010152,"K08084.01",,"FALSE POSITIVE",2.1,317.74527,336.0,1.3330,6050.00,1
2284957,"K08085.01",,"CANDIDATE",1.7,419.2615,256.0,0.9750,5979.00,1
2712825,"K08086.01",,"FALSE POSITIVE",1.36,18.384953,872.0,1.4010,6335.00,1
3443582,"K08087.01",,"FALSE POSITIVE",29.66,1.085965104,6297.0,2.4040,15896.00,1
3533483,"K08088.01",,"FALSE POSITIVE",2.12,308.185801,230.0,0.8130,5380.00,1
3663850,"K08089.01",,"CANDIDATE",41.55,141.400279,945.0,14.9070,4936.00,1
9771576,"K08185.01",,"FALSE POSITIVE",21.25,398.71694,205.0,0.7710,5303.00,1
9827094,"K08186.01",,"FALSE POSITIVE",2.81,241.8591,315.0,1.0880,5790.00,7
9837720,"K08187.01",,"FALSE POSITIVE",1.04,353.04037,196.0,0.6680,5061.00,2
9873604,"K08188.01",,"FALSE POSITIVE",5.65,522.33888,327.0,2.8160,5103.00,1
9874581,"K08189.01",,"FALSE POSITIVE",5.39,473.56314,449.0,2.9370,7056.00,1
9899449,"K08190.01",,"FALSE POSITIVE",33.69,1.332565736,1674.0,0.9580,6014.00,1
9962731,"K08191.01",,"FALSE POSITIVE",1.59,385.39743,285.0,1.3360,5676.00,1
12117215,"K08296.01",,"FALSE POSITIVE",2.35,272.54288087,255.0,0.8280,5677.00,1
12168280,"K08297.01",,"CANDIDATE",43.78,229.957537,444.0,2.0570,6419.00,1
9912977,"K07977.01",,"FALSE POSITIVE",88.91,0.9439372,2273.0,1.3650,5959.00,1
9938836,"K07978.01",,"CANDIDATE",1.66,7.2681817,1444.0,2.2190,6297.00,1
9941425,"K07979.01",,"FALSE POSITIVE",20.09,1.075158342,6988.0,38.4460,4067.00,1
9959368,"K07980.01",,"FALSE POSITIVE",0.62,1.33255801,1443.0,0.8920,5161.00,1
9959765,"K07981.01",,"FALSE POSITIVE",0.62,1.33250451,1993.0,1.1570,6600.00,1
10011213,"K07982.01",,"CANDIDATE",3.26,376.37989,265.0,0.9550,6231.00,1
10014875,"K07983.01",,"FALSE POSITIVE",2.18,453.64875,239.0,0.9250,6060.00,1
3954211,"K08090.01",,"FALSE POSITIVE",8.7,0.594274521,2436.0,1.1250,6321.00,1
4056579,"K08091.01",,"FALSE POSITIVE",18.27,239.179477,583.0,6.8770,4915.00,1
4276445,"K08092.01",,"FALSE POSITIVE",2.03,405.65377,246.0,0.8870,6102.00,1
4371172,"K08093.01",,"FALSE POSITIVE",2.86,73.992267,546.0,1.8950,5271.00,1
4557341,"K08094.01",,"FALSE POSITIVE",0.95,361.901618,198.0,0.7170,5053.00,1
4645492,"K08095.01",,"FALSE POSITIVE",1.89,508.04103,217.0,0.9650,5672.00,1
4738095,"K08096.01",,"FALSE POSITIVE",1.8,309.933134,319.0,1.2620,6299.00,1
10023069,"K08192.01",,"FALSE POSITIVE",7.86,266.977677,549.0,3.4100,6619.00,1
10028127,"K08193.01",,"CANDIDATE",3.72,367.947848,228.0,0.8550,5570.00,1
10079317,"K08194.01",,"FALSE POSITIVE",2.69,236.25776888,460.0,2.0540,6645.00,1
10079481,"K08195.01",,"FALSE POSITIVE",2.13,330.80879,290.0,1.0660,6158.00,1
10081899,"K08196.01",,"FALSE POSITIVE",0.8,522.64613,92.0,0.3180,3439.00,1
10199817,"K08197.01",,"FALSE POSITIVE",1.6,392.94247,347.0,1.4400,6596.00,1
10205598,"K08198.01",,"FALSE POSITIVE",2.51,373.89398,206.0,0.6990,5263.00,3
10031643,"K07984.01",,"FALSE POSITIVE",1.11,8.5898708,929.0,1.0880,5638.00,1
10090151,"K07985.01",,"FALSE POSITIVE",29.35,0.527698548,2088.0,0.9030,5638.00,1
10128825,"K07986.01",,"CANDIDATE",0.72,1.73984941,1608.0,1.0310,6119.00,1
10147276,"K07987.01",,"FALSE POSITIVE",1.07,0.681401611,2218.0,1.0410,6173.00,1
10155286,"K07988.01",,"CANDIDATE",19.3,333.486169,557.0,7.8240,4989.00,1
10156110,"K07989.01",,"FALSE POSITIVE",1.05,4.85603482,1266.0,1.1930,6469.00,1
